{"type":"FeatureCollection", "features": [
{"type":"Feature","geometry":{"type":"Polygon","coordinates":[[[-40.62891,-20.66141],[-40.62584,-20.66079],[-40.62557,-20.65982],[-40.62451,-20.65805],[-40.62477,-20.65773],[-40.62397,-20.65726],[-40.62288,-20.65508],[-40.63157,-20.65128],[-40.63234,-20.65104],[-40.63467,-20.6511],[-40.62891,-20.66141]]]},"properties":{"nome":"Comunidade Urbana de Rio Grande","municipio":"Guarapari"}},
{"type":"Feature","geometry":{"type":"Polygon","coordinates":[[[-40.32016,-20.3659],[-40.31846,-20.36275],[-40.32785,-20.3657],[-40.32625,-20.36881],[-40.32437,-20.36869],[-40.32215,-20.36958],[-40.32016,-20.3659]]]},"properties":{"nome":"Jardim Asteca","municipio":"Vila Velha"}},
{"type":"Feature","geometry":{"type":"Polygon","coordinates":[[[-40.3275,-20.33887],[-40.3315,-20.33897],[-40.33098,-20.34041],[-40.33113,-20.34133],[-40.33218,-20.34216],[-40.33373,-20.34405],[-40.33249,-20.3442],[-40.33222,-20.34393],[-40.33197,-20.3442],[-40.33141,-20.34391],[-40.32948,-20.34392],[-40.32778,-20.34069],[-40.3275,-20.33887]]]},"properties":{"nome":"Ilha da Conceição","municipio":"Vila Velha"}},
{"type":"Feature","geometry":{"type":"Polygon","coordinates":[[[-40.31411,-20.37341],[-40.31756,-20.37176],[-40.31906,-20.3745],[-40.31999,-20.37409],[-40.32149,-20.37681],[-40.31942,-20.37774],[-40.31964,-20.37822],[-40.31722,-20.37938],[-40.31411,-20.37341]]]},"properties":{"nome":"Nova Itaparica","municipio":"Vila Velha"}},
{"type":"Feature","geometry":{"type":"Polygon","coordinates":[[[-40.33927,-20.34567],[-40.34057,-20.34494],[-40.34031,-20.3445],[-40.34133,-20.34363],[-40.3416,-20.3439],[-40.34317,-20.34048],[-40.34327,-20.33973],[-40.34649,-20.34046],[-40.34601,-20.34097],[-40.34427,-20.34443],[-40.34449,-20.34459],[-40.34423,-20.34669],[-40.34476,-20.34691],[-40.34411,-20.3526],[-40.34392,-20.35272],[-40.34375,-20.35028],[-40.3431,-20.3497],[-40.34245,-20.34957],[-40.34136,-20.34753],[-40.33997,-20.34864],[-40.34008,-20.34914],[-40.33854,-20.34982],[-40.33909,-20.35395],[-40.33826,-20.35418],[-40.33836,-20.35548],[-40.33677,-20.35538],[-40.33753,-20.34925],[-40.33733,-20.34829],[-40.33757,-20.34745],[-40.33919,-20.34666],[-40.33918,-20.34613],[-40.33886,-20.34591],[-40.33927,-20.34567]]]},"properties":{"nome":"Alecrim","municipio":"Vila Velha"}},
{"type":"Feature","geometry":{"type":"Polygon","coordinates":[[[-40.31765,-20.35392],[-40.31784,-20.35237],[-40.31856,-20.3507],[-40.31882,-20.3491],[-40.3186,-20.34722],[-40.32095,-20.34888],[-40.32377,-20.35086],[-40.32565,-20.35186],[-40.33403,-20.35452],[-40.33328,-20.35721],[-40.32785,-20.3657],[-40.31846,-20.36275],[-40.31792,-20.36174],[-40.31817,-20.36157],[-40.32168,-20.35941],[-40.32141,-20.35526],[-40.31764,-20.35402],[-40.31765,-20.35392]]]},"properties":{"nome":"Nossa Senhora da Penha","municipio":"Vila Velha"}},
{"type":"Feature","geometry":{"type":"Polygon","coordinates":[[[-40.32095,-20.34888],[-40.32202,-20.34749],[-40.31972,-20.34592],[-40.31794,-20.34543],[-40.31749,-20.34386],[-40.31886,-20.34384],[-40.32203,-20.341],[-40.32258,-20.34148],[-40.32242,-20.34002],[-40.32308,-20.33997],[-40.32458,-20.34094],[-40.32628,-20.34131],[-40.32705,-20.34119],[-40.32778,-20.34069],[-40.32948,-20.34392],[-40.3308,-20.34649],[-40.33051,-20.3471],[-40.32971,-20.34691],[-40.32994,-20.34873],[-40.33085,-20.34923],[-40.33211,-20.3483],[-40.33389,-20.3508],[-40.33436,-20.35248],[-40.33403,-20.35452],[-40.32565,-20.35186],[-40.32377,-20.35086],[-40.32095,-20.34888]]]},"properties":{"nome":"Ataíde","municipio":"Vila Velha"}},
{"type":"Feature","geometry":{"type":"Polygon","coordinates":[[[-40.30391,-20.32538],[-40.30436,-20.32587],[-40.30445,-20.32559],[-40.30439,-20.32586],[-40.306,-20.32631],[-40.30685,-20.32719],[-40.30713,-20.32774],[-40.30695,-20.32786],[-40.30728,-20.32813],[-40.30709,-20.32827],[-40.30802,-20.32849],[-40.30789,-20.32881],[-40.30825,-20.32891],[-40.30833,-20.32985],[-40.31002,-20.33016],[-40.3105,-20.32985],[-40.31044,-20.32963],[-40.31078,-20.32969],[-40.31109,-20.32941],[-40.3113,-20.32882],[-40.31279,-20.32725],[-40.31261,-20.32579],[-40.31328,-20.32572],[-40.31383,-20.3252],[-40.31361,-20.32409],[-40.31457,-20.32401],[-40.315,-20.3242],[-40.31548,-20.324],[-40.31622,-20.32448],[-40.31676,-20.32426],[-40.31714,-20.32461],[-40.31421,-20.3269],[-40.31385,-20.32762],[-40.31158,-20.3289],[-40.31146,-20.33064],[-40.31385,-20.33146],[-40.31355,-20.33185],[-40.31378,-20.33225],[-40.31372,-20.33347],[-40.31343,-20.33343],[-40.31336,-20.33372],[-40.31364,-20.33455],[-40.3129,-20.33477],[-40.3131,-20.33583],[-40.31071,-20.33581],[-40.31055,-20.33558],[-40.30866,-20.33785],[-40.31081,-20.33933],[-40.31079,-20.34014],[-40.31006,-20.34178],[-40.3075,-20.34032],[-40.3066,-20.34147],[-40.30618,-20.33953],[-40.30271,-20.33753],[-40.30219,-20.33724],[-40.30346,-20.33504],[-40.30558,-20.3359],[-40.30652,-20.33445],[-40.30692,-20.33466],[-40.30916,-20.33149],[-40.30796,-20.33066],[-40.30771,-20.33099],[-40.30439,-20.32802],[-40.30212,-20.32672],[-40.30267,-20.32546],[-40.30391,-20.32538]]]},"properties":{"nome":"Glória","municipio":"Vila Velha"}},
{"type":"Feature","geometry":{"type":"Polygon","coordinates":[[[-40.45214,-20.35414],[-40.45305,-20.35326],[-40.45352,-20.35312],[-40.45503,-20.3534],[-40.45663,-20.35273],[-40.45759,-20.35377],[-40.45726,-20.35448],[-40.45827,-20.35576],[-40.46068,-20.35651],[-40.45953,-20.35802],[-40.45936,-20.3587],[-40.45976,-20.36011],[-40.46067,-20.36113],[-40.46059,-20.36159],[-40.46025,-20.36277],[-40.45809,-20.36551],[-40.45788,-20.36635],[-40.45819,-20.36654],[-40.45782,-20.36791],[-40.45731,-20.36858],[-40.45663,-20.36894],[-40.45691,-20.36978],[-40.45646,-20.37062],[-40.45526,-20.37157],[-40.45236,-20.37134],[-40.45219,-20.37053],[-40.45114,-20.36964],[-40.45041,-20.36938],[-40.45021,-20.36881],[-40.44939,-20.36891],[-40.44913,-20.3684],[-40.44928,-20.36759],[-40.44794,-20.36638],[-40.44816,-20.36599],[-40.45104,-20.36468],[-40.45156,-20.36377],[-40.45291,-20.36268],[-40.45341,-20.36169],[-40.45355,-20.36066],[-40.45075,-20.36036],[-40.45013,-20.35995],[-40.4503,-20.35962],[-40.44988,-20.35945],[-40.45031,-20.358],[-40.45086,-20.3575],[-40.45176,-20.35729],[-40.45229,-20.35624],[-40.45169,-20.35544],[-40.45214,-20.35414]]]},"properties":{"nome":"Ipanema","municipio":"Viana"}},
{"type":"Feature","geometry":{"type":"Polygon","coordinates":[[[-40.45691,-20.36978],[-40.45717,-20.36991],[-40.458,-20.36963],[-40.45869,-20.36809],[-40.45961,-20.3675],[-40.46034,-20.3674],[-40.46103,-20.36781],[-40.46102,-20.36859],[-40.45928,-20.37027],[-40.45914,-20.37072],[-40.45941,-20.371],[-40.46081,-20.37124],[-40.46166,-20.37101],[-40.46132,-20.36979],[-40.46178,-20.36888],[-40.46212,-20.36872],[-40.46419,-20.36838],[-40.46451,-20.36884],[-40.46641,-20.36882],[-40.46707,-20.36848],[-40.46966,-20.36862],[-40.47022,-20.36836],[-40.47122,-20.36958],[-40.47038,-20.37049],[-40.46881,-20.37132],[-40.46892,-20.3718],[-40.46961,-20.37202],[-40.47265,-20.37106],[-40.47337,-20.37114],[-40.47371,-20.37243],[-40.47215,-20.37262],[-40.47223,-20.37389],[-40.47332,-20.37378],[-40.47344,-20.37443],[-40.47384,-20.37452],[-40.47457,-20.37397],[-40.47528,-20.37407],[-40.47671,-20.3783],[-40.47599,-20.37861],[-40.47642,-20.37912],[-40.47618,-20.37978],[-40.47462,-20.38055],[-40.47444,-20.38107],[-40.47355,-20.38149],[-40.47251,-20.38292],[-40.47098,-20.38397],[-40.47298,-20.38442],[-40.47251,-20.38489],[-40.47206,-20.38611],[-40.46658,-20.38402],[-40.46371,-20.38434],[-40.46264,-20.38476],[-40.45519,-20.38031],[-40.44361,-20.37629],[-40.44287,-20.37558],[-40.44254,-20.37481],[-40.44278,-20.37323],[-40.44405,-20.37317],[-40.44398,-20.37354],[-40.44978,-20.37095],[-40.45236,-20.37134],[-40.45526,-20.37157],[-40.45646,-20.37062],[-40.45691,-20.36978]]]},"properties":{"nome":"Ribeira","municipio":"Viana"}},
{"type":"Feature","geometry":{"type":"Polygon","coordinates":[[[-40.43655,-20.34744],[-40.43716,-20.34736],[-40.43794,-20.34781],[-40.44031,-20.34691],[-40.44161,-20.34702],[-40.44362,-20.3481],[-40.44549,-20.34752],[-40.44664,-20.34773],[-40.44771,-20.34761],[-40.44698,-20.35021],[-40.44609,-20.35021],[-40.44479,-20.35113],[-40.44462,-20.35039],[-40.4428,-20.35078],[-40.44238,-20.35118],[-40.44244,-20.35182],[-40.4414,-20.35293],[-40.44193,-20.354],[-40.4416,-20.3547],[-40.44032,-20.35519],[-40.4401,-20.35607],[-40.44172,-20.35703],[-40.44032,-20.35884],[-40.43988,-20.36028],[-40.44126,-20.36195],[-40.44098,-20.36216],[-40.44105,-20.36276],[-40.43828,-20.36293],[-40.43705,-20.36264],[-40.43164,-20.35815],[-40.43008,-20.35751],[-40.42867,-20.35737],[-40.42842,-20.35626],[-40.42935,-20.3561],[-40.42904,-20.35566],[-40.42953,-20.35503],[-40.43031,-20.35506],[-40.43038,-20.35345],[-40.43239,-20.35373],[-40.43452,-20.34758],[-40.43628,-20.34777],[-40.43655,-20.34744]]]},"properties":{"nome":"Canaã","municipio":"Viana"}},
{"type":"Feature","geometry":{"type":"Polygon","coordinates":[[[-40.41764,-20.3448],[-40.41856,-20.34286],[-40.41888,-20.34208],[-40.41934,-20.34098],[-40.41951,-20.34087],[-40.41955,-20.34086],[-40.42013,-20.34058],[-40.42031,-20.34053],[-40.42084,-20.34027],[-40.42106,-20.34018],[-40.42108,-20.34018],[-40.42109,-20.34017],[-40.42107,-20.34037],[-40.42107,-20.34044],[-40.42145,-20.34059],[-40.42132,-20.34075],[-40.42302,-20.34236],[-40.42388,-20.34571],[-40.42252,-20.34678],[-40.42201,-20.34661],[-40.42179,-20.34808],[-40.42069,-20.3495],[-40.4213,-20.35066],[-40.42119,-20.35131],[-40.41976,-20.35067],[-40.41838,-20.35107],[-40.41793,-20.34728],[-40.41817,-20.34654],[-40.418,-20.34491],[-40.41796,-20.34474],[-40.41766,-20.34495],[-40.41764,-20.3448]]]},"properties":{"nome":"Industrial","municipio":"Viana"}},
{"type":"Feature","geometry":{"type":"Polygon","coordinates":[[[-40.42657,-20.35777],[-40.42673,-20.35699],[-40.42635,-20.35618],[-40.4276,-20.35358],[-40.4272,-20.35321],[-40.42797,-20.35198],[-40.4283,-20.35061],[-40.42881,-20.35096],[-40.42989,-20.34867],[-40.4311,-20.34707],[-40.43452,-20.34758],[-40.43239,-20.35373],[-40.43038,-20.35345],[-40.43031,-20.35506],[-40.42953,-20.35503],[-40.42904,-20.35566],[-40.42935,-20.3561],[-40.42842,-20.35626],[-40.42867,-20.35737],[-40.42657,-20.35777]]]},"properties":{"nome":"Primavera","municipio":"Viana"}},
{"type":"Feature","geometry":{"type":"Polygon","coordinates":[[[-40.47298,-20.38442],[-40.47534,-20.38472],[-40.47559,-20.38455],[-40.47557,-20.38374],[-40.47716,-20.38374],[-40.47717,-20.38301],[-40.47992,-20.38135],[-40.48029,-20.3819],[-40.48001,-20.38285],[-40.48051,-20.38483],[-40.47952,-20.38505],[-40.47931,-20.38667],[-40.48035,-20.38881],[-40.4818,-20.39046],[-40.4832,-20.39024],[-40.48314,-20.39049],[-40.48462,-20.3908],[-40.48498,-20.39065],[-40.48488,-20.39013],[-40.48579,-20.39045],[-40.48559,-20.3907],[-40.48572,-20.39312],[-40.48531,-20.393],[-40.48448,-20.39403],[-40.48338,-20.39622],[-40.48148,-20.39457],[-40.48036,-20.39413],[-40.47859,-20.39513],[-40.47836,-20.397],[-40.47715,-20.39714],[-40.47433,-20.39565],[-40.47089,-20.39194],[-40.46943,-20.39191],[-40.46883,-20.39287],[-40.46783,-20.39338],[-40.46615,-20.39314],[-40.46529,-20.39322],[-40.46479,-20.39356],[-40.46481,-20.39307],[-40.46435,-20.39219],[-40.46294,-20.39143],[-40.4638,-20.38979],[-40.46398,-20.38863],[-40.46264,-20.38476],[-40.46371,-20.38434],[-40.46658,-20.38402],[-40.47206,-20.38611],[-40.47251,-20.38489],[-40.47298,-20.38442]]]},"properties":{"nome":"Bom Pastor","municipio":"Viana"}},
{"type":"Feature","geometry":{"type":"Polygon","coordinates":[[[-40.48579,-20.39045],[-40.4861,-20.39006],[-40.48603,-20.38927],[-40.48634,-20.38919],[-40.48647,-20.38844],[-40.48616,-20.38857],[-40.48542,-20.38791],[-40.48506,-20.38811],[-40.48485,-20.38794],[-40.48489,-20.38708],[-40.48441,-20.38697],[-40.48455,-20.38536],[-40.48418,-20.38507],[-40.4838,-20.3856],[-40.48314,-20.38544],[-40.48326,-20.38565],[-40.48274,-20.38598],[-40.48079,-20.38401],[-40.4813,-20.38412],[-40.48169,-20.38389],[-40.48156,-20.3832],[-40.48274,-20.38242],[-40.48307,-20.38171],[-40.48234,-20.3806],[-40.4836,-20.37997],[-40.48426,-20.38022],[-40.48595,-20.37925],[-40.48615,-20.37887],[-40.48585,-20.37854],[-40.48531,-20.37892],[-40.48478,-20.37882],[-40.48432,-20.37775],[-40.48438,-20.37732],[-40.48777,-20.377],[-40.48835,-20.37823],[-40.48954,-20.37844],[-40.48997,-20.3797],[-40.48977,-20.38063],[-40.48941,-20.38063],[-40.48908,-20.3813],[-40.48918,-20.38163],[-40.49049,-20.38209],[-40.49379,-20.38054],[-40.49466,-20.38065],[-40.49572,-20.38135],[-40.49612,-20.38201],[-40.4961,-20.38297],[-40.49379,-20.38355],[-40.49328,-20.38406],[-40.49371,-20.38562],[-40.49319,-20.38691],[-40.49392,-20.38732],[-40.49484,-20.38465],[-40.49542,-20.38412],[-40.49692,-20.38352],[-40.49839,-20.38115],[-40.49768,-20.37894],[-40.49802,-20.37699],[-40.49786,-20.37594],[-40.49843,-20.37472],[-40.49807,-20.3743],[-40.49713,-20.37408],[-40.49694,-20.37325],[-40.49713,-20.37285],[-40.49828,-20.37224],[-40.49931,-20.3693],[-40.50075,-20.36788],[-40.50122,-20.36784],[-40.50197,-20.36826],[-40.5033,-20.36981],[-40.50337,-20.37113],[-40.50454,-20.37352],[-40.50463,-20.37641],[-40.50583,-20.37874],[-40.51146,-20.3729],[-40.51349,-20.37551],[-40.5119,-20.37642],[-40.51215,-20.37705],[-40.51421,-20.37813],[-40.51541,-20.37828],[-40.51592,-20.37886],[-40.51627,-20.37991],[-40.51616,-20.38163],[-40.51447,-20.38138],[-40.51257,-20.38162],[-40.51078,-20.38317],[-40.50888,-20.38326],[-40.5079,-20.38418],[-40.5074,-20.38658],[-40.50861,-20.388],[-40.50834,-20.38973],[-40.50697,-20.39054],[-40.50552,-20.39228],[-40.50384,-20.39364],[-40.50547,-20.39512],[-40.506,-20.3965],[-40.50507,-20.39675],[-40.50415,-20.39658],[-40.50297,-20.39595],[-40.50238,-20.39607],[-40.50123,-20.39825],[-40.50001,-20.39896],[-40.49914,-20.40222],[-40.49756,-20.40115],[-40.49627,-20.40091],[-40.49662,-20.3982],[-40.49415,-20.39796],[-40.48956,-20.39631],[-40.48783,-20.39771],[-40.4867,-20.39771],[-40.48484,-20.39723],[-40.48465,-20.39786],[-40.48381,-20.39705],[-40.48338,-20.39622],[-40.48448,-20.39403],[-40.48531,-20.393],[-40.48572,-20.39312],[-40.48559,-20.3907],[-40.48579,-20.39045]]]},"properties":{"nome":"Centro","municipio":"Viana"}},
{"type":"Feature","geometry":{"type":"Polygon","coordinates":[[[-40.40795,-20.3683],[-40.40858,-20.36696],[-40.40862,-20.36469],[-40.409,-20.36313],[-40.40926,-20.36307],[-40.41029,-20.36132],[-40.41118,-20.35931],[-40.41524,-20.35676],[-40.41608,-20.35707],[-40.41717,-20.35799],[-40.41863,-20.3582],[-40.4178,-20.35986],[-40.41795,-20.36173],[-40.41887,-20.3627],[-40.41905,-20.36367],[-40.4198,-20.36439],[-40.42023,-20.36614],[-40.42158,-20.36687],[-40.42149,-20.36767],[-40.41761,-20.36748],[-40.40906,-20.36846],[-40.40795,-20.3683]]]},"properties":{"nome":"Arlindo Villaschi","municipio":"Viana"}},
{"type":"Feature","geometry":{"type":"Polygon","coordinates":[[[-40.46345,-20.43221],[-40.46638,-20.43191],[-40.46844,-20.43096],[-40.47432,-20.42513],[-40.47445,-20.42464],[-40.47616,-20.42568],[-40.48401,-20.43243],[-40.48709,-20.43982],[-40.48995,-20.44301],[-40.48952,-20.44441],[-40.48994,-20.44518],[-40.4905,-20.4457],[-40.49158,-20.44584],[-40.49206,-20.44631],[-40.49209,-20.44683],[-40.49144,-20.44742],[-40.49157,-20.44934],[-40.49333,-20.45032],[-40.49444,-20.45043],[-40.49478,-20.45072],[-40.49271,-20.45318],[-40.49212,-20.45347],[-40.49722,-20.46403],[-40.49333,-20.46875],[-40.49155,-20.46778],[-40.48997,-20.46815],[-40.48822,-20.46805],[-40.48015,-20.46898],[-40.47791,-20.46955],[-40.47743,-20.47122],[-40.475,-20.47291],[-40.46345,-20.43221]]]},"properties":{"nome":"Araçatiba","municipio":"Viana"}},
{"type":"Feature","geometry":{"type":"Polygon","coordinates":[[[-40.44319,-20.43276],[-40.44353,-20.42821],[-40.44298,-20.42739],[-40.44168,-20.42653],[-40.44161,-20.42589],[-40.44308,-20.42427],[-40.44405,-20.42363],[-40.44465,-20.42157],[-40.45531,-20.40924],[-40.45362,-20.40735],[-40.45556,-20.40631],[-40.45679,-20.40486],[-40.45734,-20.4047],[-40.45901,-20.40502],[-40.45929,-20.40529],[-40.45927,-20.40625],[-40.46146,-20.40719],[-40.46227,-20.40723],[-40.46358,-20.40657],[-40.46381,-20.40671],[-40.46345,-20.40752],[-40.46289,-20.40803],[-40.46315,-20.41005],[-40.46295,-20.41056],[-40.46228,-20.41083],[-40.46217,-20.41163],[-40.46298,-20.41424],[-40.46247,-20.41577],[-40.46417,-20.41617],[-40.46436,-20.41389],[-40.46457,-20.41437],[-40.46613,-20.41404],[-40.46673,-20.41523],[-40.46628,-20.41569],[-40.46737,-20.41603],[-40.47028,-20.41578],[-40.47076,-20.41717],[-40.4721,-20.41653],[-40.47214,-20.41612],[-40.47335,-20.41598],[-40.47424,-20.41948],[-40.47369,-20.42136],[-40.47281,-20.4214],[-40.47357,-20.42303],[-40.47441,-20.42355],[-40.47445,-20.42464],[-40.47432,-20.42513],[-40.46844,-20.43096],[-40.46638,-20.43191],[-40.46345,-20.43221],[-40.45699,-20.43237],[-40.45284,-20.43347],[-40.45203,-20.43337],[-40.45115,-20.43289],[-40.4498,-20.43296],[-40.44854,-20.43235],[-40.44792,-20.43278],[-40.44319,-20.43276]]]},"properties":{"nome":"Jucu","municipio":"Viana"}},
{"type":"Feature","geometry":{"type":"Polygon","coordinates":[[[-40.44105,-20.36276],[-40.44098,-20.36216],[-40.44126,-20.36195],[-40.43988,-20.36028],[-40.44032,-20.35884],[-40.44172,-20.35703],[-40.4401,-20.35607],[-40.44032,-20.35519],[-40.4416,-20.3547],[-40.44193,-20.354],[-40.4414,-20.35293],[-40.44244,-20.35182],[-40.44238,-20.35118],[-40.4428,-20.35078],[-40.44462,-20.35039],[-40.44479,-20.35113],[-40.44609,-20.35021],[-40.44698,-20.35021],[-40.44682,-20.35104],[-40.44785,-20.35093],[-40.4479,-20.35153],[-40.4469,-20.3542],[-40.44866,-20.35425],[-40.45049,-20.35502],[-40.4514,-20.35422],[-40.45214,-20.35414],[-40.45169,-20.35544],[-40.45229,-20.35624],[-40.45176,-20.35729],[-40.45086,-20.3575],[-40.45031,-20.358],[-40.44988,-20.35945],[-40.4503,-20.35962],[-40.45013,-20.35995],[-40.45075,-20.36036],[-40.45355,-20.36066],[-40.45341,-20.36169],[-40.45291,-20.36268],[-40.45156,-20.36377],[-40.45104,-20.36468],[-40.44816,-20.36599],[-40.44794,-20.36638],[-40.44928,-20.36759],[-40.44913,-20.3684],[-40.44939,-20.36891],[-40.45021,-20.36881],[-40.45041,-20.36938],[-40.45114,-20.36964],[-40.45219,-20.37053],[-40.45236,-20.37134],[-40.44978,-20.37095],[-40.44398,-20.37354],[-40.44405,-20.37317],[-40.44278,-20.37323],[-40.44392,-20.36991],[-40.44353,-20.36516],[-40.44265,-20.36359],[-40.44105,-20.36276]]]},"properties":{"nome":"Universal","municipio":"Viana"}},
{"type":"Feature","geometry":{"type":"Polygon","coordinates":[[[-40.39122,-20.39609],[-40.39123,-20.39609],[-40.39131,-20.3961],[-40.39139,-20.39611],[-40.39155,-20.39585],[-40.39157,-20.39584],[-40.39158,-20.39583],[-40.39159,-20.39583],[-40.39162,-20.39582],[-40.39171,-20.39582],[-40.39221,-20.39602],[-40.39231,-20.39609],[-40.39248,-20.39632],[-40.39249,-20.39637],[-40.39251,-20.3964],[-40.39253,-20.39648],[-40.39263,-20.39653],[-40.39274,-20.39648],[-40.39283,-20.39601],[-40.39287,-20.39596],[-40.39288,-20.39595],[-40.39296,-20.39594],[-40.3931,-20.39596],[-40.3935,-20.39609],[-40.39354,-20.39612],[-40.39362,-20.39616],[-40.39365,-20.39618],[-40.39366,-20.39618],[-40.39367,-20.39618],[-40.39369,-20.39618],[-40.39376,-20.39618],[-40.39387,-20.39617],[-40.39406,-20.39612],[-40.39395,-20.39542],[-40.39403,-20.39542],[-40.39415,-20.39547],[-40.39424,-20.39551],[-40.39428,-20.39548],[-40.39429,-20.39537],[-40.39427,-20.3953],[-40.39435,-20.3952],[-40.39445,-20.3951],[-40.39473,-20.39509],[-40.39491,-20.395],[-40.39502,-20.39486],[-40.39512,-20.39466],[-40.3952,-20.39449],[-40.39526,-20.39432],[-40.39533,-20.3942],[-40.39535,-20.39413],[-40.39537,-20.3941],[-40.39538,-20.39406],[-40.3954,-20.39369],[-40.39536,-20.39365],[-40.39525,-20.39352],[-40.39515,-20.39339],[-40.39502,-20.39327],[-40.39466,-20.39274],[-40.39455,-20.39151],[-40.3947,-20.39107],[-40.39499,-20.39064],[-40.39559,-20.39001],[-40.39571,-20.38983],[-40.39576,-20.38975],[-40.39583,-20.38956],[-40.3961,-20.38922],[-40.39631,-20.38909],[-40.40014,-20.3839],[-40.40085,-20.3835],[-40.40201,-20.38332],[-40.40234,-20.38329],[-40.40278,-20.38328],[-40.40292,-20.38327],[-40.40314,-20.3832],[-40.4032,-20.383],[-40.4032,-20.38273],[-40.40324,-20.38259],[-40.40326,-20.3825],[-40.40331,-20.38225],[-40.40343,-20.38199],[-40.40357,-20.38176],[-40.40358,-20.38175],[-40.40401,-20.38137],[-40.4042,-20.38125],[-40.40446,-20.38114],[-40.40459,-20.38109],[-40.40483,-20.38092],[-40.40511,-20.38052],[-40.40514,-20.38046],[-40.40519,-20.3803],[-40.40526,-20.38018],[-40.40533,-20.37992],[-40.40548,-20.37976],[-40.4057,-20.37996],[-40.40584,-20.37998],[-40.40581,-20.38058],[-40.4079,-20.38092],[-40.40843,-20.38053],[-40.40853,-20.37999],[-40.40899,-20.37993],[-40.41073,-20.38158],[-40.41304,-20.38155],[-40.41492,-20.38096],[-40.41621,-20.38109],[-40.41754,-20.38182],[-40.4196,-20.3838],[-40.41997,-20.38433],[-40.4211,-20.38506],[-40.4206,-20.38632],[-40.42262,-20.38698],[-40.42272,-20.38904],[-40.42334,-20.38943],[-40.42221,-20.39162],[-40.42276,-20.39518],[-40.42335,-20.39629],[-40.42312,-20.39717],[-40.42537,-20.39694],[-40.42559,-20.39662],[-40.42591,-20.39667],[-40.42651,-20.39718],[-40.42663,-20.39778],[-40.42716,-20.39794],[-40.42813,-20.39717],[-40.42953,-20.39836],[-40.429,-20.3988],[-40.42817,-20.40051],[-40.42637,-20.40102],[-40.42549,-20.40084],[-40.42459,-20.39998],[-40.42384,-20.40007],[-40.42222,-20.39972],[-40.421,-20.39994],[-40.42021,-20.39958],[-40.4201,-20.3987],[-40.41914,-20.39821],[-40.41828,-20.39715],[-40.41665,-20.3968],[-40.41519,-20.39901],[-40.41477,-20.39928],[-40.41313,-20.39952],[-40.41085,-20.39853],[-40.41023,-20.3969],[-40.40994,-20.39716],[-40.41004,-20.39768],[-40.40785,-20.39837],[-40.40665,-20.39909],[-40.40703,-20.40109],[-40.40684,-20.40161],[-40.4061,-20.4016],[-40.40569,-20.40126],[-40.40399,-20.4008],[-40.40189,-20.40087],[-40.40278,-20.40328],[-40.40339,-20.40423],[-40.40274,-20.40617],[-40.4015,-20.4058],[-40.40151,-20.40407],[-40.40061,-20.40309],[-40.39913,-20.4024],[-40.39886,-20.40054],[-40.39766,-20.39996],[-40.39718,-20.39993],[-40.39713,-20.40115],[-40.39645,-20.40238],[-40.39505,-20.40369],[-40.39491,-20.40412],[-40.39353,-20.4038],[-40.39197,-20.40411],[-40.39133,-20.40452],[-40.3913,-20.40384],[-40.38965,-20.39934],[-40.38984,-20.39852],[-40.39056,-20.39807],[-40.39107,-20.39694],[-40.39122,-20.39609]]]},"properties":{"nome":"Morada Bethânia","municipio":"Viana"}},
{"type":"Feature","geometry":{"type":"Polygon","coordinates":[[[-40.40548,-20.37976],[-40.40561,-20.37945],[-40.40563,-20.37931],[-40.40562,-20.37908],[-40.40562,-20.37905],[-40.40561,-20.37895],[-40.40544,-20.37871],[-40.40533,-20.37863],[-40.4052,-20.37856],[-40.40508,-20.37843],[-40.40502,-20.37821],[-40.40503,-20.37765],[-40.40499,-20.37733],[-40.40498,-20.3772],[-40.40498,-20.37697],[-40.40498,-20.37686],[-40.40503,-20.37643],[-40.40501,-20.37592],[-40.40376,-20.37333],[-40.40392,-20.37247],[-40.4039,-20.37231],[-40.40389,-20.37217],[-40.40391,-20.37202],[-40.40448,-20.37144],[-40.40473,-20.37123],[-40.40481,-20.37123],[-40.40528,-20.37066],[-40.40538,-20.37047],[-40.40544,-20.37002],[-40.40536,-20.36955],[-40.40529,-20.36942],[-40.40516,-20.3693],[-40.40503,-20.36924],[-40.405,-20.36915],[-40.40499,-20.36907],[-40.40508,-20.36879],[-40.4051,-20.36873],[-40.40511,-20.36871],[-40.40498,-20.36845],[-40.40492,-20.36825],[-40.40491,-20.36822],[-40.40486,-20.36808],[-40.40496,-20.36811],[-40.40584,-20.36809],[-40.40795,-20.3683],[-40.40906,-20.36846],[-40.41025,-20.37263],[-40.41174,-20.37261],[-40.41175,-20.37413],[-40.41014,-20.37446],[-40.41014,-20.37604],[-40.41243,-20.3767],[-40.41451,-20.37783],[-40.41626,-20.37816],[-40.41666,-20.37882],[-40.41662,-20.3794],[-40.41577,-20.37995],[-40.41492,-20.38096],[-40.41304,-20.38155],[-40.41073,-20.38158],[-40.40899,-20.37993],[-40.40853,-20.37999],[-40.40843,-20.38053],[-40.4079,-20.38092],[-40.40581,-20.38058],[-40.40584,-20.37998],[-40.4057,-20.37996],[-40.40548,-20.37976]]]},"properties":{"nome":"Campo Verde","municipio":"Viana"}},
{"type":"Feature","geometry":{"type":"Polygon","coordinates":[[[-40.41863,-20.3582],[-40.41896,-20.35688],[-40.42125,-20.35823],[-40.42098,-20.35919],[-40.42213,-20.35969],[-40.42219,-20.36221],[-40.42298,-20.36201],[-40.42347,-20.36227],[-40.42334,-20.36326],[-40.42368,-20.36565],[-40.42295,-20.36742],[-40.42158,-20.36687],[-40.42023,-20.36614],[-40.4198,-20.36439],[-40.41905,-20.36367],[-40.41887,-20.3627],[-40.41795,-20.36173],[-40.4178,-20.35986],[-40.41863,-20.3582]]]},"properties":{"nome":"Caxias do Sul","municipio":"Viana"}},
{"type":"Feature","geometry":{"type":"Polygon","coordinates":[[[-40.34495,-20.44404],[-40.34606,-20.4429],[-40.34956,-20.44276],[-40.35145,-20.44194],[-40.3519,-20.44128],[-40.35309,-20.44354],[-40.35398,-20.44552],[-40.35142,-20.44672],[-40.35182,-20.44763],[-40.35092,-20.44783],[-40.34882,-20.44754],[-40.34835,-20.44697],[-40.34723,-20.44738],[-40.34495,-20.44404]]]},"properties":{"nome":"Terra Vermelha","municipio":"Vila Velha"}},
{"type":"Feature","geometry":{"type":"Polygon","coordinates":[[[-40.3519,-20.44128],[-40.35756,-20.43523],[-40.35805,-20.43589],[-40.36107,-20.43998],[-40.35309,-20.44354],[-40.3519,-20.44128]]]},"properties":{"nome":"João Goulart","municipio":"Vila Velha"}},
{"type":"Feature","geometry":{"type":"Polygon","coordinates":[[[-40.35182,-20.44763],[-40.35142,-20.44672],[-40.35398,-20.44552],[-40.35518,-20.44813],[-40.35607,-20.44994],[-40.35575,-20.4518],[-40.35474,-20.45167],[-40.35303,-20.4501],[-40.35182,-20.44763]]]},"properties":{"nome":"Normília da Cunha","municipio":"Vila Velha"}},
{"type":"Feature","geometry":{"type":"Polygon","coordinates":[[[-40.35309,-20.44354],[-40.36107,-20.43998],[-40.36283,-20.44255],[-40.36355,-20.44542],[-40.3627,-20.4458],[-40.3613,-20.44545],[-40.35518,-20.44813],[-40.35398,-20.44552],[-40.35309,-20.44354]]]},"properties":{"nome":"Jabaeté","municipio":"Vila Velha"}},
{"type":"Feature","geometry":{"type":"Polygon","coordinates":[[[-40.33264,-20.44042],[-40.33298,-20.44042],[-40.33319,-20.44188],[-40.33579,-20.44745],[-40.3379,-20.45219],[-40.33675,-20.45301],[-40.33488,-20.45094],[-40.33418,-20.44894],[-40.33264,-20.44042]]]},"properties":{"nome":"23 de Maio","municipio":"Vila Velha"}},
{"type":"Feature","geometry":{"type":"Polygon","coordinates":[[[-40.33926,-20.43938],[-40.33687,-20.43765],[-40.33568,-20.43222],[-40.34205,-20.43408],[-40.34148,-20.43695],[-40.33926,-20.43938]]]},"properties":{"nome":"Cidade da Barra","municipio":"Vila Velha"}},
{"type":"Feature","geometry":{"type":"Polygon","coordinates":[[[-40.15781,-20.01571],[-40.15642,-20.01336],[-40.15446,-20.01215],[-40.15678,-20.01114],[-40.15985,-20.01066],[-40.1612,-20.00988],[-40.1621,-20.008],[-40.16297,-20.00822],[-40.16524,-20.01328],[-40.16686,-20.01424],[-40.1663,-20.01589],[-40.16463,-20.01457],[-40.16277,-20.0153],[-40.16292,-20.01559],[-40.16252,-20.01573],[-40.15879,-20.01538],[-40.15781,-20.01571]]]},"properties":{"nome":"Balneário Costa Azul","municipio":"Fundão"}},
{"type":"Feature","geometry":{"type":"Polygon","coordinates":[[[-40.32845,-20.38141],[-40.32919,-20.37841],[-40.32895,-20.37757],[-40.32931,-20.37627],[-40.33271,-20.37978],[-40.33318,-20.38069],[-40.33339,-20.38175],[-40.33301,-20.38338],[-40.33244,-20.38406],[-40.32324,-20.39086],[-40.3204,-20.3852],[-40.32481,-20.38294],[-40.32467,-20.38269],[-40.32582,-20.38214],[-40.32631,-20.38287],[-40.32838,-20.38205],[-40.32845,-20.38141]]]},"properties":{"nome":"Araçás","municipio":"Vila Velha"}},
{"type":"Feature","geometry":{"type":"Polygon","coordinates":[[[-40.15781,-20.01571],[-40.15879,-20.01538],[-40.16252,-20.01573],[-40.16292,-20.01559],[-40.16277,-20.0153],[-40.16463,-20.01457],[-40.1663,-20.01589],[-40.16686,-20.01424],[-40.17412,-20.01855],[-40.17487,-20.01937],[-40.1733,-20.02184],[-40.17284,-20.02206],[-40.17133,-20.02177],[-40.17037,-20.02291],[-40.16808,-20.02409],[-40.16839,-20.02445],[-40.16687,-20.02655],[-40.16417,-20.02907],[-40.1632,-20.02808],[-40.1601,-20.02657],[-40.15904,-20.02533],[-40.15811,-20.0253],[-40.15903,-20.02399],[-40.15944,-20.02067],[-40.15835,-20.01655],[-40.15781,-20.01571]]]},"properties":{"nome":"Rio Preto","municipio":"Fundão"}},
{"type":"Feature","geometry":{"type":"Polygon","coordinates":[[[-40.15811,-20.0253],[-40.15904,-20.02533],[-40.1601,-20.02657],[-40.1632,-20.02808],[-40.16417,-20.02907],[-40.16494,-20.03266],[-40.16561,-20.03356],[-40.17106,-20.03662],[-40.17185,-20.03676],[-40.17382,-20.03649],[-40.1754,-20.0371],[-40.17522,-20.03732],[-40.17342,-20.03672],[-40.17137,-20.03724],[-40.17053,-20.03793],[-40.17001,-20.03778],[-40.16894,-20.0382],[-40.16885,-20.03695],[-40.16773,-20.0366],[-40.16718,-20.03751],[-40.1665,-20.03785],[-40.16566,-20.03789],[-40.16521,-20.0386],[-40.16434,-20.03856],[-40.16391,-20.03901],[-40.16296,-20.03792],[-40.16109,-20.03731],[-40.16046,-20.03646],[-40.15891,-20.03588],[-40.15882,-20.03505],[-40.15941,-20.03298],[-40.15928,-20.03222],[-40.15842,-20.03111],[-40.15847,-20.02902],[-40.15787,-20.02652],[-40.15788,-20.02556],[-40.15811,-20.0253]]]},"properties":{"nome":"Enseada das Garças","municipio":"Fundão"}},
{"type":"Feature","geometry":{"type":"Polygon","coordinates":[[[-40.39298,-19.9365],[-40.39385,-19.9357],[-40.3958,-19.93631],[-40.39666,-19.93541],[-40.39723,-19.93523],[-40.39806,-19.93688],[-40.39847,-19.93618],[-40.39913,-19.93591],[-40.40043,-19.9365],[-40.40122,-19.9352],[-40.40214,-19.9354],[-40.40248,-19.93574],[-40.40231,-19.9369],[-40.403,-19.93753],[-40.40535,-19.93786],[-40.40564,-19.9382],[-40.40547,-19.93913],[-40.40411,-19.9414],[-40.40305,-19.94123],[-40.40155,-19.94239],[-40.39913,-19.94225],[-40.39868,-19.94183],[-40.39877,-19.94038],[-40.39576,-19.93988],[-40.39481,-19.93902],[-40.39376,-19.93967],[-40.39298,-19.9365]]]},"properties":{"nome":"Ozéias","municipio":"Fundão"}},
{"type":"Feature","geometry":{"type":"Polygon","coordinates":[[[-40.16417,-20.02907],[-40.16687,-20.02655],[-40.16839,-20.02445],[-40.16808,-20.02409],[-40.17037,-20.02291],[-40.17133,-20.02177],[-40.17284,-20.02206],[-40.1733,-20.02184],[-40.17487,-20.01937],[-40.17619,-20.02082],[-40.17694,-20.02046],[-40.17755,-20.02053],[-40.178,-20.02162],[-40.17878,-20.02197],[-40.17947,-20.02269],[-40.17995,-20.02271],[-40.18035,-20.02218],[-40.18083,-20.0222],[-40.18169,-20.02356],[-40.18753,-20.02649],[-40.18649,-20.02767],[-40.18421,-20.02749],[-40.18295,-20.02785],[-40.18268,-20.02828],[-40.17865,-20.02876],[-40.17655,-20.03066],[-40.17676,-20.03331],[-40.17698,-20.03353],[-40.17768,-20.03335],[-40.17765,-20.03411],[-40.17721,-20.03417],[-40.17769,-20.03478],[-40.17701,-20.0348],[-40.17701,-20.03528],[-40.1765,-20.03531],[-40.1761,-20.03615],[-40.17538,-20.03624],[-40.1754,-20.0371],[-40.17382,-20.03649],[-40.17185,-20.03676],[-40.17106,-20.03662],[-40.16561,-20.03356],[-40.16494,-20.03266],[-40.16417,-20.02907]]]},"properties":{"nome":"Mirante da Praia","municipio":"Fundão"}},
{"type":"Feature","geometry":{"type":"Polygon","coordinates":[[[-40.39298,-19.9365],[-40.39267,-19.9355],[-40.39382,-19.93407],[-40.39458,-19.9338],[-40.39478,-19.93279],[-40.39358,-19.9324],[-40.39342,-19.93201],[-40.39417,-19.93075],[-40.39438,-19.9283],[-40.3941,-19.92721],[-40.39504,-19.92574],[-40.39714,-19.92469],[-40.39796,-19.92599],[-40.40032,-19.92843],[-40.40106,-19.93151],[-40.40194,-19.93275],[-40.40063,-19.93382],[-40.40058,-19.93439],[-40.40122,-19.9352],[-40.40043,-19.9365],[-40.39913,-19.93591],[-40.39847,-19.93618],[-40.39806,-19.93688],[-40.39723,-19.93523],[-40.39666,-19.93541],[-40.3958,-19.93631],[-40.39385,-19.9357],[-40.39298,-19.9365]]]},"properties":{"nome":"Santo  Antônio","municipio":"Fundão"}},
{"type":"Feature","geometry":{"type":"Polygon","coordinates":[[[-40.40993,-19.99718],[-40.4097,-19.99572],[-40.41001,-19.99524],[-40.41049,-19.99511],[-40.41068,-19.99449],[-40.41173,-19.99411],[-40.41174,-19.99353],[-40.4146,-19.99285],[-40.41487,-19.99625],[-40.41558,-20.00025],[-40.41554,-20.0032],[-40.41639,-20.00594],[-40.41653,-20.00743],[-40.41648,-20.00801],[-40.41526,-20.00818],[-40.4149,-20.00866],[-40.41493,-20.00912],[-40.41527,-20.00939],[-40.41482,-20.01235],[-40.41298,-20.01176],[-40.41264,-20.01227],[-40.40957,-20.01398],[-40.40851,-20.01689],[-40.40792,-20.01691],[-40.40669,-20.01636],[-40.40461,-20.01643],[-40.40264,-20.01601],[-40.40309,-20.01536],[-40.4031,-20.01317],[-40.40409,-20.01195],[-40.40494,-20.00896],[-40.40507,-20.00743],[-40.40476,-20.00665],[-40.40546,-20.00225],[-40.40634,-20.00112],[-40.40748,-19.99851],[-40.40633,-19.99854],[-40.40615,-19.99714],[-40.40663,-19.99686],[-40.40709,-19.99565],[-40.408,-19.99622],[-40.40876,-19.99605],[-40.40963,-19.99722],[-40.40993,-19.99718]]]},"properties":{"nome":"Timbuí","municipio":"Fundão"}},
{"type":"Feature","geometry":{"type":"Polygon","coordinates":[[[-40.17768,-20.03335],[-40.17698,-20.03353],[-40.17676,-20.03331],[-40.17655,-20.03066],[-40.17865,-20.02876],[-40.18268,-20.02828],[-40.18295,-20.02785],[-40.18421,-20.02749],[-40.18649,-20.02767],[-40.18753,-20.02649],[-40.19045,-20.02794],[-40.19436,-20.02829],[-40.19873,-20.03018],[-40.19933,-20.03344],[-40.19759,-20.03344],[-40.19529,-20.03394],[-40.1952,-20.03486],[-40.19402,-20.03572],[-40.19368,-20.0349],[-40.19132,-20.03241],[-40.19104,-20.03349],[-40.18857,-20.03424],[-40.18844,-20.03395],[-40.18786,-20.0339],[-40.18547,-20.03524],[-40.18446,-20.03407],[-40.18307,-20.03321],[-40.18188,-20.0336],[-40.18093,-20.03456],[-40.17957,-20.0342],[-40.17891,-20.03354],[-40.17768,-20.03335]]]},"properties":{"nome":"Loteamento Direção","municipio":"Fundão"}},
{"type":"Feature","geometry":{"type":"Polygon","coordinates":[[[-40.4048,-19.93053],[-40.40591,-19.93084],[-40.40493,-19.93381],[-40.40643,-19.93617],[-40.40651,-19.93732],[-40.40604,-19.93704],[-40.40571,-19.93743],[-40.40536,-19.93743],[-40.40535,-19.93786],[-40.403,-19.93753],[-40.40231,-19.9369],[-40.40248,-19.93574],[-40.40214,-19.9354],[-40.40122,-19.9352],[-40.40058,-19.93439],[-40.40063,-19.93382],[-40.40194,-19.93275],[-40.40268,-19.93189],[-40.4048,-19.93053]]]},"properties":{"nome":"Centro","municipio":"Fundão"}},
{"type":"Feature","geometry":{"type":"Polygon","coordinates":[[[-40.39714,-19.92469],[-40.39881,-19.92462],[-40.39949,-19.92641],[-40.40049,-19.92703],[-40.40059,-19.92522],[-40.40203,-19.92444],[-40.40156,-19.92591],[-40.40164,-19.92644],[-40.40388,-19.92819],[-40.4048,-19.93053],[-40.40268,-19.93189],[-40.40194,-19.93275],[-40.40106,-19.93151],[-40.40032,-19.92843],[-40.39796,-19.92599],[-40.39714,-19.92469]]]},"properties":{"nome":"Orly Ramos","municipio":"Fundão"}},
{"type":"Feature","geometry":{"type":"Polygon","coordinates":[[[-40.40203,-19.92444],[-40.40331,-19.92374],[-40.40679,-19.92456],[-40.40673,-19.92569],[-40.40577,-19.92775],[-40.40625,-19.93002],[-40.40591,-19.93084],[-40.4048,-19.93053],[-40.40388,-19.92819],[-40.40164,-19.92644],[-40.40156,-19.92591],[-40.40203,-19.92444]]]},"properties":{"nome":"Santa Marta","municipio":"Fundão"}},
{"type":"Feature","geometry":{"type":"Polygon","coordinates":[[[-40.40651,-19.93732],[-40.40643,-19.93617],[-40.40493,-19.93381],[-40.40591,-19.93084],[-40.40756,-19.93171],[-40.41141,-19.93251],[-40.40951,-19.93614],[-40.4096,-19.93655],[-40.40838,-19.93677],[-40.40824,-19.93746],[-40.40871,-19.93772],[-40.40871,-19.9383],[-40.40651,-19.93732]]]},"properties":{"nome":"São José","municipio":"Fundão"}},
{"type":"Feature","geometry":{"type":"Polygon","coordinates":[[[-40.40535,-19.93786],[-40.40536,-19.93743],[-40.40571,-19.93743],[-40.40604,-19.93704],[-40.40651,-19.93732],[-40.40871,-19.9383],[-40.40981,-19.93938],[-40.41041,-19.94061],[-40.41058,-19.94176],[-40.41026,-19.94429],[-40.40984,-19.94744],[-40.40939,-19.94751],[-40.40865,-19.94599],[-40.40672,-19.94429],[-40.40607,-19.94326],[-40.40568,-19.94324],[-40.40554,-19.94276],[-40.40411,-19.9414],[-40.40547,-19.93913],[-40.40564,-19.9382],[-40.40535,-19.93786]]]},"properties":{"nome":"Agrin Correia da Vitória","municipio":"Fundão"}},
{"type":"Feature","geometry":{"type":"Polygon","coordinates":[[[-40.40591,-19.93084],[-40.40625,-19.93002],[-40.40577,-19.92775],[-40.40673,-19.92569],[-40.40679,-19.92456],[-40.40948,-19.92523],[-40.41337,-19.92756],[-40.41356,-19.92867],[-40.41284,-19.92897],[-40.41284,-19.9303],[-40.41408,-19.93022],[-40.41491,-19.92805],[-40.41578,-19.92814],[-40.41446,-19.93145],[-40.41451,-19.93221],[-40.41412,-19.93332],[-40.41301,-19.93324],[-40.41141,-19.93251],[-40.40756,-19.93171],[-40.40591,-19.93084]]]},"properties":{"nome":"Sischini","municipio":"Fundão"}},
{"type":"Feature","geometry":{"type":"Polygon","coordinates":[[[-40.41141,-19.93251],[-40.41301,-19.93324],[-40.41412,-19.93332],[-40.41451,-19.93221],[-40.41446,-19.93145],[-40.41578,-19.92814],[-40.41891,-19.92856],[-40.4216,-19.93069],[-40.42544,-19.9313],[-40.42846,-19.93241],[-40.42691,-19.93505],[-40.42656,-19.93675],[-40.4278,-19.9398],[-40.42816,-19.94014],[-40.42589,-19.94404],[-40.42087,-19.94241],[-40.41537,-19.94111],[-40.4143,-19.94562],[-40.41205,-19.94508],[-40.41109,-19.94393],[-40.41026,-19.94429],[-40.41058,-19.94176],[-40.41041,-19.94061],[-40.40981,-19.93938],[-40.40871,-19.9383],[-40.40871,-19.93772],[-40.40824,-19.93746],[-40.40838,-19.93677],[-40.4096,-19.93655],[-40.40951,-19.93614],[-40.41141,-19.93251]]]},"properties":{"nome":"Beira Rio","municipio":"Fundão"}},
{"type":"Feature","geometry":{"type":"Polygon","coordinates":[[[-40.30427,-20.35999],[-40.30461,-20.35958],[-40.30372,-20.35891],[-40.30428,-20.35825],[-40.30438,-20.35756],[-40.30457,-20.35749],[-40.30469,-20.35796],[-40.305,-20.35801],[-40.30558,-20.35698],[-40.30725,-20.35635],[-40.3084,-20.35643],[-40.30871,-20.35676],[-40.31012,-20.35849],[-40.30935,-20.36364],[-40.30533,-20.36078],[-40.30427,-20.35999]]]},"properties":{"nome":"Cocal","municipio":"Vila Velha"}},
{"type":"Feature","geometry":{"type":"Polygon","coordinates":[[[-40.33836,-20.35548],[-40.33826,-20.35418],[-40.33909,-20.35395],[-40.33854,-20.34982],[-40.34008,-20.34914],[-40.3404,-20.35026],[-40.34114,-20.35091],[-40.34148,-20.3524],[-40.34322,-20.35317],[-40.34042,-20.35487],[-40.33919,-20.35528],[-40.33836,-20.35548]]]},"properties":{"nome":"Planalto","municipio":"Vila Velha"}},
{"type":"Feature","geometry":{"type":"Polygon","coordinates":[[[-40.33211,-20.3483],[-40.33437,-20.34833],[-40.33504,-20.34863],[-40.33488,-20.34905],[-40.33645,-20.34961],[-40.33634,-20.35018],[-40.33578,-20.35059],[-40.3357,-20.35126],[-40.33551,-20.35123],[-40.33517,-20.3519],[-40.33389,-20.3508],[-40.33211,-20.3483]]]},"properties":{"nome":"Zumbi dos Palmares","municipio":"Vila Velha"}},
{"type":"Feature","geometry":{"type":"Polygon","coordinates":[[[-40.31722,-20.37938],[-40.31964,-20.37822],[-40.31942,-20.37774],[-40.32149,-20.37681],[-40.32298,-20.37959],[-40.32369,-20.38088],[-40.32278,-20.38131],[-40.32253,-20.38086],[-40.32196,-20.38113],[-40.32176,-20.3807],[-40.32118,-20.38095],[-40.32094,-20.38054],[-40.31985,-20.38103],[-40.31959,-20.38061],[-40.31871,-20.38104],[-40.31845,-20.38056],[-40.31799,-20.38076],[-40.31722,-20.37938]]]},"properties":{"nome":"Guaranhuns","municipio":"Vila Velha"}},
{"type":"Feature","geometry":{"type":"Polygon","coordinates":[[[-40.31726,-20.33668],[-40.31767,-20.33488],[-40.31856,-20.33395],[-40.32187,-20.3366],[-40.32068,-20.33766],[-40.32078,-20.33805],[-40.31718,-20.3372],[-40.31726,-20.33668]]]},"properties":{"nome":"Dom João Batista","municipio":"Vila Velha"}},
{"type":"Feature","geometry":{"type":"Polygon","coordinates":[[[-40.3315,-20.33897],[-40.33246,-20.33838],[-40.33381,-20.33962],[-40.33526,-20.34088],[-40.33594,-20.3424],[-40.33584,-20.34264],[-40.3353,-20.34249],[-40.33369,-20.34126],[-40.33123,-20.34074],[-40.33098,-20.34041],[-40.3315,-20.33897]]]},"properties":{"nome":"Pedra dos Búzios","municipio":"Vila Velha"}},
{"type":"Feature","geometry":{"type":"Polygon","coordinates":[[[-40.29591,-20.25939],[-40.29661,-20.26011],[-40.29625,-20.26139],[-40.29662,-20.26142],[-40.29657,-20.26239],[-40.29631,-20.26209],[-40.29499,-20.26306],[-40.29359,-20.26138],[-40.29591,-20.25939]]]},"properties":{"nome":"Solon Borges","municipio":"Vitória"}},
{"type":"Feature","geometry":{"type":"Polygon","coordinates":[[[-40.29499,-20.26306],[-40.29631,-20.26209],[-40.29657,-20.26239],[-40.29662,-20.26142],[-40.29625,-20.26139],[-40.29661,-20.26011],[-40.2973,-20.26063],[-40.29701,-20.26551],[-40.29499,-20.26306]]]},"properties":{"nome":"Segurança do Lar","municipio":"Vitória"}},
{"type":"Feature","geometry":{"type":"Polygon","coordinates":[[[-40.29905,-20.26116],[-40.2991,-20.26042],[-40.30177,-20.26121],[-40.30192,-20.2608],[-40.30317,-20.26109],[-40.30301,-20.26135],[-40.30319,-20.26125],[-40.30354,-20.26199],[-40.30318,-20.2623],[-40.30353,-20.26218],[-40.30478,-20.26336],[-40.30594,-20.26382],[-40.30567,-20.26485],[-40.30595,-20.26497],[-40.30632,-20.26426],[-40.30685,-20.26431],[-40.3075,-20.26469],[-40.30765,-20.26528],[-40.30684,-20.26655],[-40.30589,-20.26662],[-40.30395,-20.26846],[-40.30339,-20.26939],[-40.30351,-20.26962],[-40.3031,-20.26999],[-40.3033,-20.27028],[-40.30305,-20.27039],[-40.30291,-20.27018],[-40.303,-20.2705],[-40.30341,-20.27026],[-40.30381,-20.26953],[-40.30405,-20.26953],[-40.30375,-20.26914],[-40.30422,-20.2684],[-40.30443,-20.26888],[-40.30416,-20.26923],[-40.30444,-20.26911],[-40.30462,-20.26821],[-40.30526,-20.26739],[-40.30669,-20.26734],[-40.30685,-20.26677],[-40.30768,-20.26633],[-40.30768,-20.26588],[-40.30816,-20.26592],[-40.30919,-20.26721],[-40.30944,-20.26857],[-40.30988,-20.26913],[-40.30958,-20.26916],[-40.31,-20.26956],[-40.30989,-20.26971],[-40.30951,-20.2695],[-40.30936,-20.26969],[-40.31,-20.26992],[-40.30967,-20.27085],[-40.31,-20.27105],[-40.30982,-20.27195],[-40.31023,-20.27298],[-40.30988,-20.27399],[-40.31025,-20.27342],[-40.31058,-20.27338],[-40.3116,-20.27503],[-40.31378,-20.27685],[-40.31364,-20.27715],[-40.31418,-20.27745],[-40.31415,-20.27781],[-40.3145,-20.27772],[-40.31422,-20.2776],[-40.31442,-20.27733],[-40.31486,-20.27796],[-40.3146,-20.27845],[-40.31487,-20.27811],[-40.315,-20.27841],[-40.31493,-20.27905],[-40.31403,-20.27958],[-40.31446,-20.27898],[-40.31351,-20.2795],[-40.31275,-20.27911],[-40.31255,-20.27929],[-40.31065,-20.27881],[-40.3107,-20.27754],[-40.31067,-20.27808],[-40.31017,-20.27872],[-40.30894,-20.27836],[-40.30877,-20.2786],[-40.30843,-20.27857],[-40.30766,-20.27916],[-40.30743,-20.27966],[-40.30759,-20.27982],[-40.30705,-20.28025],[-40.30645,-20.28182],[-40.30678,-20.28175],[-40.30692,-20.28207],[-40.30681,-20.2828],[-40.30637,-20.28313],[-40.30646,-20.28355],[-40.30411,-20.28489],[-40.30373,-20.28477],[-40.30346,-20.28547],[-40.30311,-20.28502],[-40.30195,-20.2828],[-40.30127,-20.27861],[-40.30071,-20.27387],[-40.30115,-20.27084],[-40.30092,-20.2701],[-40.29977,-20.26872],[-40.29812,-20.27024],[-40.29725,-20.26917],[-40.29779,-20.26875],[-40.29594,-20.26652],[-40.29713,-20.26564],[-40.29769,-20.26628],[-40.29854,-20.26476],[-40.29891,-20.26366],[-40.29905,-20.26116]]]},"properties":{"nome":"Goiabeiras","municipio":"Vitória"}},
{"type":"Feature","geometry":{"type":"Polygon","coordinates":[[[-40.29701,-20.26551],[-40.2973,-20.26063],[-40.29829,-20.26068],[-40.29828,-20.26112],[-40.29905,-20.26116],[-40.29891,-20.26366],[-40.29854,-20.26476],[-40.29769,-20.26628],[-40.29713,-20.26564],[-40.29701,-20.26551]]]},"properties":{"nome":"Antônio Honório","municipio":"Vitória"}},
{"type":"Feature","geometry":{"type":"Polygon","coordinates":[[[-40.32054,-20.26749],[-40.32145,-20.26752],[-40.32209,-20.26667],[-40.3222,-20.26557],[-40.32263,-20.26519],[-40.32288,-20.2653],[-40.32308,-20.26489],[-40.32259,-20.26402],[-40.32267,-20.26346],[-40.32414,-20.26263],[-40.32494,-20.26276],[-40.32565,-20.26375],[-40.32711,-20.2643],[-40.32817,-20.26549],[-40.32831,-20.26761],[-40.32879,-20.26822],[-40.32946,-20.26836],[-40.32927,-20.26947],[-40.32983,-20.27034],[-40.32984,-20.27263],[-40.33069,-20.27452],[-40.3316,-20.27533],[-40.32907,-20.27593],[-40.32833,-20.27542],[-40.32651,-20.27799],[-40.32554,-20.27753],[-40.32512,-20.2769],[-40.32574,-20.2754],[-40.32539,-20.27465],[-40.32385,-20.27287],[-40.32304,-20.2727],[-40.32228,-20.27306],[-40.32156,-20.27301],[-40.32148,-20.26966],[-40.32108,-20.26807],[-40.32054,-20.26749]]]},"properties":{"nome":"Nova Palestina","municipio":"Vitória"}},
{"type":"Feature","geometry":{"type":"Polygon","coordinates":[[[-40.28555,-20.31223],[-40.28511,-20.31184],[-40.28442,-20.31221],[-40.28402,-20.31355],[-40.28346,-20.31397],[-40.28306,-20.31336],[-40.2815,-20.31281],[-40.28067,-20.31336],[-40.28021,-20.31325],[-40.27932,-20.31263],[-40.27907,-20.31139],[-40.2774,-20.31215],[-40.27704,-20.3118],[-40.27712,-20.31134],[-40.27636,-20.31159],[-40.27587,-20.31096],[-40.27622,-20.31006],[-40.27713,-20.31005],[-40.2774,-20.3104],[-40.27822,-20.3092],[-40.27876,-20.30899],[-40.27913,-20.30838],[-40.27912,-20.30739],[-40.28014,-20.30785],[-40.28044,-20.30852],[-40.28084,-20.30863],[-40.28213,-20.30852],[-40.28297,-20.3079],[-40.28336,-20.30793],[-40.28359,-20.30884],[-40.28335,-20.3094],[-40.2836,-20.30974],[-40.2842,-20.31003],[-40.28556,-20.3099],[-40.28555,-20.31223]]]},"properties":{"nome":"Ilha do Boi","municipio":"Vitória"}},
{"type":"Feature","geometry":{"type":"Polygon","coordinates":[[[-40.35046,-20.36934],[-40.35009,-20.36767],[-40.35108,-20.3674],[-40.35387,-20.37147],[-40.35567,-20.37695],[-40.33301,-20.38338],[-40.33339,-20.38175],[-40.33318,-20.38069],[-40.33271,-20.37978],[-40.32931,-20.37627],[-40.33001,-20.37529],[-40.33272,-20.37636],[-40.33516,-20.37644],[-40.34274,-20.37443],[-40.34876,-20.37275],[-40.35159,-20.37192],[-40.35095,-20.36977],[-40.35147,-20.36961],[-40.35134,-20.36911],[-40.35046,-20.36934]]]},"properties":{"nome":"Vale Encantado","municipio":"Vila Velha"}},
{"type":"Feature","geometry":{"type":"Polygon","coordinates":[[[-40.3709,-20.50632],[-40.3776,-20.50455],[-40.38284,-20.5043],[-40.38466,-20.51134],[-40.37126,-20.51449],[-40.37191,-20.51691],[-40.36699,-20.51844],[-40.36544,-20.51727],[-40.36413,-20.51556],[-40.36365,-20.51208],[-40.36389,-20.50803],[-40.3709,-20.50632]]]},"properties":{"nome":"Balneário Ponta da Fruta","municipio":"Vila Velha"}},
{"type":"Feature","geometry":{"type":"Polygon","coordinates":[[[-40.33579,-20.44745],[-40.33909,-20.44385],[-40.33847,-20.4426],[-40.33927,-20.43979],[-40.3444,-20.44396],[-40.34495,-20.44404],[-40.34723,-20.44738],[-40.34835,-20.44697],[-40.34882,-20.44754],[-40.35092,-20.44783],[-40.35182,-20.44763],[-40.35303,-20.4501],[-40.35474,-20.45167],[-40.35575,-20.4518],[-40.35495,-20.454],[-40.3537,-20.45514],[-40.35119,-20.45603],[-40.34944,-20.45745],[-40.34325,-20.45993],[-40.33675,-20.45301],[-40.3379,-20.45219],[-40.33579,-20.44745]]]},"properties":{"nome":"Ulisses Guimarães","municipio":"Vila Velha"}},
{"type":"Feature","geometry":{"type":"Polygon","coordinates":[[[-40.29857,-20.33509],[-40.29841,-20.33368],[-40.29674,-20.33385],[-40.29661,-20.33275],[-40.29739,-20.33264],[-40.29734,-20.33219],[-40.29852,-20.33191],[-40.29844,-20.33148],[-40.29879,-20.33143],[-40.29876,-20.33108],[-40.29939,-20.33099],[-40.29953,-20.33028],[-40.30145,-20.32985],[-40.30235,-20.33484],[-40.29857,-20.33509]]]},"properties":{"nome":"Olaria","municipio":"Vila Velha"}},
{"type":"Feature","geometry":{"type":"Polygon","coordinates":[[[-40.29788,-20.34209],[-40.30414,-20.33904],[-40.30248,-20.3381],[-40.30271,-20.33753],[-40.30618,-20.33953],[-40.30622,-20.34144],[-40.30554,-20.34242],[-40.30515,-20.34207],[-40.30485,-20.3438],[-40.30394,-20.34454],[-40.30369,-20.3459],[-40.30321,-20.3464],[-40.30345,-20.34717],[-40.30311,-20.34725],[-40.30321,-20.34742],[-40.30216,-20.34871],[-40.29788,-20.34209]]]},"properties":{"nome":"Cristovão Colombo","municipio":"Vila Velha"}},
{"type":"Feature","geometry":{"type":"Polygon","coordinates":[[[-40.31006,-20.34178],[-40.31079,-20.34014],[-40.31081,-20.33933],[-40.30866,-20.33785],[-40.31055,-20.33558],[-40.31071,-20.33581],[-40.3131,-20.33583],[-40.31357,-20.33616],[-40.31639,-20.33611],[-40.31635,-20.33662],[-40.31657,-20.3368],[-40.31726,-20.33668],[-40.31718,-20.3372],[-40.31676,-20.33797],[-40.31578,-20.33759],[-40.31347,-20.34007],[-40.31209,-20.34073],[-40.31197,-20.34292],[-40.31006,-20.34178]]]},"properties":{"nome":"Garoto","municipio":"Vila Velha"}},
{"type":"Feature","geometry":{"type":"Polygon","coordinates":[[[-40.2958,-20.34026],[-40.29566,-20.33958],[-40.29695,-20.33938],[-40.29746,-20.33886],[-40.29714,-20.3366],[-40.29832,-20.33642],[-40.29972,-20.33578],[-40.30219,-20.33724],[-40.30271,-20.33753],[-40.30248,-20.3381],[-40.30414,-20.33904],[-40.29788,-20.34209],[-40.2958,-20.34026]]]},"properties":{"nome":"Ilha dos Ayres","municipio":"Vila Velha"}},
{"type":"Feature","geometry":{"type":"Polygon","coordinates":[[[-40.33568,-20.39634],[-40.33536,-20.38982],[-40.33899,-20.38996],[-40.33891,-20.39108],[-40.344,-20.39083],[-40.34425,-20.39689],[-40.33568,-20.39634]]]},"properties":{"nome":"Pontal das Garças","municipio":"Vila Velha"}},
{"type":"Feature","geometry":{"type":"Polygon","coordinates":[[[-40.2916,-20.35852],[-40.29612,-20.35507],[-40.29648,-20.35722],[-40.30259,-20.36416],[-40.30677,-20.37184],[-40.3088,-20.3708],[-40.31492,-20.38258],[-40.31016,-20.3848],[-40.30783,-20.38051],[-40.30439,-20.37595],[-40.3022,-20.37089],[-40.30093,-20.36886],[-40.29457,-20.3609],[-40.29334,-20.35967],[-40.2916,-20.35852]]]},"properties":{"nome":"Praia de Itaparica","municipio":"Vila Velha"}},
{"type":"Feature","geometry":{"type":"Polygon","coordinates":[[[-40.34393,-20.42902],[-40.34476,-20.42931],[-40.34847,-20.43198],[-40.35153,-20.4282],[-40.3574,-20.41964],[-40.36485,-20.42381],[-40.36192,-20.42861],[-40.35722,-20.43455],[-40.35756,-20.43523],[-40.3519,-20.44128],[-40.35145,-20.44194],[-40.34956,-20.44276],[-40.34606,-20.4429],[-40.34495,-20.44404],[-40.3444,-20.44396],[-40.33927,-20.43979],[-40.33926,-20.43938],[-40.34148,-20.43695],[-40.34205,-20.43408],[-40.34393,-20.42902]]]},"properties":{"nome":"Barramares","municipio":"Vila Velha"}},
{"type":"Feature","geometry":{"type":"Polygon","coordinates":[[[-40.31492,-20.38258],[-40.31811,-20.38102],[-40.3204,-20.3852],[-40.32324,-20.39086],[-40.31875,-20.39525],[-40.31753,-20.39655],[-40.31587,-20.39705],[-40.31364,-20.39113],[-40.31016,-20.3848],[-40.31492,-20.38258]]]},"properties":{"nome":"Jockey de Itaparica","municipio":"Vila Velha"}},
{"type":"Feature","geometry":{"type":"Polygon","coordinates":[[[-40.31183,-20.36764],[-40.31368,-20.3679],[-40.31687,-20.36635],[-40.3179,-20.36819],[-40.31608,-20.36907],[-40.31756,-20.37176],[-40.31411,-20.37341],[-40.31252,-20.37032],[-40.31172,-20.36874],[-40.31183,-20.36764]]]},"properties":{"nome":"Ilha dos Bentos","municipio":"Vila Velha"}},
{"type":"Feature","geometry":{"type":"Polygon","coordinates":[[[-40.29612,-20.35507],[-40.29609,-20.35487],[-40.29899,-20.35755],[-40.29992,-20.35681],[-40.3017,-20.35802],[-40.30427,-20.35999],[-40.30533,-20.36078],[-40.30387,-20.36198],[-40.309,-20.36647],[-40.30894,-20.36718],[-40.3088,-20.3708],[-40.30677,-20.37184],[-40.30259,-20.36416],[-40.29648,-20.35722],[-40.29612,-20.35507]]]},"properties":{"nome":"Coqueiral Itaparica","municipio":"Vila Velha"}},
{"type":"Feature","geometry":{"type":"Polygon","coordinates":[[[-40.30935,-20.36364],[-40.31012,-20.35849],[-40.31183,-20.36133],[-40.31256,-20.36263],[-40.31183,-20.36764],[-40.31172,-20.36874],[-40.31252,-20.37032],[-40.31089,-20.37109],[-40.30894,-20.36718],[-40.309,-20.36647],[-40.30935,-20.36364]]]},"properties":{"nome":"Santa Mônica Popular","municipio":"Vila Velha"}},
{"type":"Feature","geometry":{"type":"Polygon","coordinates":[[[-40.309,-20.36647],[-40.30387,-20.36198],[-40.30533,-20.36078],[-40.30935,-20.36364],[-40.309,-20.36647]]]},"properties":{"nome":"Santa Mônica","municipio":"Vila Velha"}},
{"type":"Feature","geometry":{"type":"Polygon","coordinates":[[[-40.29594,-20.35397],[-40.29741,-20.35496],[-40.29888,-20.35277],[-40.30013,-20.35364],[-40.30028,-20.35376],[-40.2998,-20.35457],[-40.30036,-20.35488],[-40.30094,-20.35394],[-40.30332,-20.35534],[-40.3017,-20.35802],[-40.29992,-20.35681],[-40.29899,-20.35755],[-40.29609,-20.35487],[-40.29594,-20.35397]]]},"properties":{"nome":"Boa Vista II","municipio":"Vila Velha"}},
{"type":"Feature","geometry":{"type":"Polygon","coordinates":[[[-40.30159,-20.35135],[-40.30232,-20.35138],[-40.30448,-20.3527],[-40.30486,-20.35213],[-40.30509,-20.3524],[-40.30332,-20.35534],[-40.30094,-20.35394],[-40.30036,-20.35488],[-40.2998,-20.35457],[-40.30028,-20.35376],[-40.30013,-20.35364],[-40.30159,-20.35135]]]},"properties":{"nome":"Boa Vista I","municipio":"Vila Velha"}},
{"type":"Feature","geometry":{"type":"Polygon","coordinates":[[[-40.29888,-20.35277],[-40.30005,-20.35099],[-40.30159,-20.35135],[-40.30013,-20.35364],[-40.29888,-20.35277]]]},"properties":{"nome":"Vista da Penha","municipio":"Vila Velha"}},
{"type":"Feature","geometry":{"type":"Polygon","coordinates":[[[-40.31127,-20.35074],[-40.31145,-20.34986],[-40.31119,-20.34813],[-40.31287,-20.34774],[-40.31295,-20.3474],[-40.31372,-20.3478],[-40.31393,-20.34749],[-40.31491,-20.3479],[-40.31657,-20.34582],[-40.3186,-20.34722],[-40.31882,-20.3491],[-40.31856,-20.3507],[-40.31784,-20.35237],[-40.31765,-20.35392],[-40.31661,-20.35347],[-40.31614,-20.35403],[-40.31263,-20.35362],[-40.31195,-20.35215],[-40.31178,-20.35221],[-40.31127,-20.35074]]]},"properties":{"nome":"Ibes","municipio":"Vila Velha"}},
{"type":"Feature","geometry":{"type":"Polygon","coordinates":[[[-40.30953,-20.35513],[-40.31011,-20.35331],[-40.31037,-20.35341],[-40.31122,-20.35157],[-40.31127,-20.35074],[-40.31178,-20.35221],[-40.31195,-20.35215],[-40.31263,-20.35362],[-40.31614,-20.35403],[-40.31661,-20.35347],[-40.31765,-20.35392],[-40.31764,-20.35402],[-40.31762,-20.35489],[-40.31697,-20.35484],[-40.31688,-20.35555],[-40.31531,-20.35539],[-40.31529,-20.35564],[-40.31475,-20.3556],[-40.30953,-20.35513]]]},"properties":{"nome":"Jardim Guadalajara","municipio":"Vila Velha"}},
{"type":"Feature","geometry":{"type":"Polygon","coordinates":[[[-40.31012,-20.35849],[-40.3093,-20.35609],[-40.30953,-20.35513],[-40.31475,-20.3556],[-40.316,-20.35835],[-40.31636,-20.35903],[-40.31472,-20.35987],[-40.3145,-20.35945],[-40.31312,-20.36009],[-40.31339,-20.36056],[-40.31183,-20.36133],[-40.31012,-20.35849]]]},"properties":{"nome":"Brisamar","municipio":"Vila Velha"}},
{"type":"Feature","geometry":{"type":"Polygon","coordinates":[[[-40.316,-20.35835],[-40.31644,-20.35815],[-40.31678,-20.35846],[-40.31817,-20.36157],[-40.31792,-20.36174],[-40.31846,-20.36275],[-40.32016,-20.3659],[-40.31846,-20.36678],[-40.31776,-20.36593],[-40.31573,-20.36355],[-40.31512,-20.36367],[-40.31462,-20.36312],[-40.31339,-20.36056],[-40.31312,-20.36009],[-40.3145,-20.35945],[-40.31472,-20.35987],[-40.31636,-20.35903],[-40.316,-20.35835]]]},"properties":{"nome":"Jardim Colorado","municipio":"Vila Velha"}},
{"type":"Feature","geometry":{"type":"Polygon","coordinates":[[[-40.31183,-20.36133],[-40.31339,-20.36056],[-40.31462,-20.36312],[-40.31512,-20.36367],[-40.31573,-20.36355],[-40.31776,-20.36593],[-40.31687,-20.36635],[-40.31368,-20.3679],[-40.31183,-20.36764],[-40.31256,-20.36263],[-40.31183,-20.36133]]]},"properties":{"nome":"Vila Nova","municipio":"Vila Velha"}},
{"type":"Feature","geometry":{"type":"Polygon","coordinates":[[[-40.33644,-20.33698],[-40.3374,-20.33663],[-40.33774,-20.33557],[-40.33827,-20.33566],[-40.33873,-20.33357],[-40.3404,-20.33384],[-40.33955,-20.33687],[-40.34027,-20.33717],[-40.34148,-20.33643],[-40.34167,-20.33719],[-40.34316,-20.33793],[-40.34289,-20.33866],[-40.34327,-20.33973],[-40.34317,-20.34048],[-40.3416,-20.3439],[-40.34133,-20.34363],[-40.34031,-20.3445],[-40.34057,-20.34494],[-40.33927,-20.34567],[-40.33671,-20.34274],[-40.33594,-20.3424],[-40.33526,-20.34088],[-40.33381,-20.33962],[-40.33428,-20.33871],[-40.33493,-20.33822],[-40.33664,-20.33803],[-40.33644,-20.33698]]]},"properties":{"nome":"Vila Garrido","municipio":"Vila Velha"}},
{"type":"Feature","geometry":{"type":"Polygon","coordinates":[[[-40.28355,-20.347],[-40.2905,-20.34589],[-40.28974,-20.34103],[-40.29192,-20.34231],[-40.29154,-20.34368],[-40.29216,-20.34701],[-40.29354,-20.34677],[-40.29385,-20.34897],[-40.29345,-20.35072],[-40.29425,-20.35124],[-40.29476,-20.35354],[-40.29583,-20.35343],[-40.29594,-20.35397],[-40.29609,-20.35487],[-40.29612,-20.35507],[-40.2916,-20.35852],[-40.28753,-20.35623],[-40.28348,-20.35347],[-40.28312,-20.35287],[-40.28302,-20.35178],[-40.28345,-20.3496],[-40.28355,-20.347]]]},"properties":{"nome":"Itapuã","municipio":"Vila Velha"}},
{"type":"Feature","geometry":{"type":"Polygon","coordinates":[[[-40.35156,-20.34643],[-40.35342,-20.3424],[-40.35342,-20.33984],[-40.35409,-20.3402],[-40.35419,-20.34064],[-40.35435,-20.34057],[-40.35451,-20.34036],[-40.35454,-20.34033],[-40.35548,-20.3406],[-40.3555,-20.34061],[-40.35554,-20.34063],[-40.35575,-20.34073],[-40.35599,-20.34086],[-40.35605,-20.3409],[-40.35606,-20.3409],[-40.35606,-20.34091],[-40.35608,-20.34092],[-40.35622,-20.341],[-40.35633,-20.34108],[-40.35638,-20.34115],[-40.35637,-20.34116],[-40.35635,-20.34123],[-40.35634,-20.34126],[-40.35628,-20.34134],[-40.35609,-20.3415],[-40.35601,-20.3416],[-40.35595,-20.34167],[-40.35594,-20.34168],[-40.35591,-20.34171],[-40.35592,-20.34177],[-40.35592,-20.34178],[-40.35592,-20.34184],[-40.35592,-20.34185],[-40.35593,-20.34193],[-40.35599,-20.34197],[-40.35606,-20.34201],[-40.35609,-20.34202],[-40.35618,-20.34211],[-40.3562,-20.34222],[-40.3561,-20.34284],[-40.35617,-20.3431],[-40.35613,-20.34329],[-40.35612,-20.34331],[-40.35609,-20.34337],[-40.35608,-20.34348],[-40.35611,-20.34359],[-40.35616,-20.34368],[-40.35625,-20.34383],[-40.3563,-20.34389],[-40.35631,-20.3439],[-40.35637,-20.34396],[-40.3564,-20.34414],[-40.35639,-20.34417],[-40.35636,-20.34426],[-40.35637,-20.34436],[-40.3564,-20.34438],[-40.35648,-20.34443],[-40.35669,-20.34455],[-40.35674,-20.34457],[-40.35679,-20.3446],[-40.35686,-20.34464],[-40.3569,-20.34466],[-40.35693,-20.34468],[-40.35704,-20.34476],[-40.35785,-20.34555],[-40.35791,-20.34585],[-40.35791,-20.34601],[-40.35792,-20.34607],[-40.35778,-20.34635],[-40.35764,-20.34657],[-40.35758,-20.34663],[-40.35757,-20.34663],[-40.35745,-20.34675],[-40.35733,-20.34683],[-40.35731,-20.34685],[-40.3572,-20.34693],[-40.3571,-20.34705],[-40.3568,-20.34805],[-40.35674,-20.34837],[-40.35672,-20.34845],[-40.3567,-20.34852],[-40.35668,-20.34859],[-40.35674,-20.3488],[-40.35602,-20.34901],[-40.35156,-20.34643]]]},"properties":{"nome":"Nova América","municipio":"Vila Velha"}},
{"type":"Feature","geometry":{"type":"Polygon","coordinates":[[[-40.3544,-20.33257],[-40.35444,-20.3331],[-40.35444,-20.33313],[-40.35444,-20.33316],[-40.35447,-20.33334],[-40.35443,-20.3343],[-40.35442,-20.33441],[-40.35442,-20.33443],[-40.35441,-20.33452],[-40.35439,-20.33467],[-40.35437,-20.33552],[-40.35434,-20.3381],[-40.35434,-20.33844],[-40.35439,-20.33884],[-40.35439,-20.33906],[-40.35439,-20.33919],[-40.35438,-20.33923],[-40.35438,-20.33927],[-40.35438,-20.33929],[-40.35434,-20.33957],[-40.35428,-20.33989],[-40.35418,-20.34013],[-40.35433,-20.34023],[-40.35437,-20.34026],[-40.35454,-20.34033],[-40.35451,-20.34036],[-40.35435,-20.34057],[-40.35419,-20.34064],[-40.35409,-20.3402],[-40.35342,-20.33984],[-40.35309,-20.33744],[-40.35343,-20.33427],[-40.35399,-20.3335],[-40.35418,-20.33255],[-40.3544,-20.33257]]]},"properties":{"nome":"Cobi de Baixo","municipio":"Vila Velha"}},
{"type":"Feature","geometry":{"type":"Polygon","coordinates":[[[-40.3275,-20.33887],[-40.32708,-20.33518],[-40.32734,-20.3303],[-40.32565,-20.33029],[-40.32409,-20.32716],[-40.32123,-20.3262],[-40.32185,-20.32526],[-40.3225,-20.32503],[-40.32241,-20.32473],[-40.32127,-20.32474],[-40.32126,-20.32288],[-40.32164,-20.32288],[-40.32153,-20.32463],[-40.32235,-20.32463],[-40.32183,-20.32333],[-40.32199,-20.32269],[-40.32258,-20.32225],[-40.32589,-20.32276],[-40.32646,-20.32325],[-40.33063,-20.32456],[-40.33325,-20.32477],[-40.33255,-20.32473],[-40.33171,-20.32722],[-40.33228,-20.32821],[-40.33402,-20.32979],[-40.33461,-20.32999],[-40.33535,-20.32991],[-40.33665,-20.32916],[-40.33606,-20.32973],[-40.33601,-20.3302],[-40.33735,-20.33077],[-40.33558,-20.3339],[-40.33452,-20.33387],[-40.33388,-20.33498],[-40.33377,-20.33604],[-40.33246,-20.33838],[-40.3315,-20.33897],[-40.3275,-20.33887]]]},"properties":{"nome":"Ilha das Flores","municipio":"Vila Velha"}},
{"type":"Feature","geometry":{"type":"Polygon","coordinates":[[[-40.33246,-20.33838],[-40.33377,-20.33604],[-40.33388,-20.33498],[-40.33452,-20.33387],[-40.33558,-20.3339],[-40.33542,-20.33512],[-40.33644,-20.33698],[-40.33664,-20.33803],[-40.33493,-20.33822],[-40.33428,-20.33871],[-40.33381,-20.33962],[-40.33246,-20.33838]]]},"properties":{"nome":"Vila Batista","municipio":"Vila Velha"}},
{"type":"Feature","geometry":{"type":"Polygon","coordinates":[[[-40.32308,-20.33997],[-40.32408,-20.33867],[-40.32427,-20.33789],[-40.3275,-20.33887],[-40.32778,-20.34069],[-40.32705,-20.34119],[-40.32628,-20.34131],[-40.32458,-20.34094],[-40.32308,-20.33997]]]},"properties":{"nome":"Cavaliere","municipio":"Vila Velha"}},
{"type":"Feature","geometry":{"type":"Polygon","coordinates":[[[-40.3426,-20.33373],[-40.34195,-20.33196],[-40.34262,-20.33159],[-40.34354,-20.33181],[-40.34402,-20.33289],[-40.34434,-20.33255],[-40.34562,-20.33243],[-40.34693,-20.3319],[-40.34762,-20.33239],[-40.34696,-20.33329],[-40.3426,-20.33373]]]},"properties":{"nome":"Sagrada Família","municipio":"Vila Velha"}},
{"type":"Feature","geometry":{"type":"Polygon","coordinates":[[[-40.32948,-20.34392],[-40.33141,-20.34391],[-40.33197,-20.3442],[-40.33222,-20.34393],[-40.33249,-20.3442],[-40.33373,-20.34405],[-40.33733,-20.34829],[-40.33753,-20.34925],[-40.33677,-20.35538],[-40.33403,-20.35452],[-40.33436,-20.35248],[-40.33389,-20.3508],[-40.33517,-20.3519],[-40.33551,-20.35123],[-40.3357,-20.35126],[-40.33578,-20.35059],[-40.33634,-20.35018],[-40.33645,-20.34961],[-40.33488,-20.34905],[-40.33504,-20.34863],[-40.33437,-20.34833],[-40.33211,-20.3483],[-40.33085,-20.34923],[-40.32994,-20.34873],[-40.32971,-20.34691],[-40.33051,-20.3471],[-40.3308,-20.34649],[-40.32948,-20.34392]]]},"properties":{"nome":"Santa Rita","municipio":"Vila Velha"}},
{"type":"Feature","geometry":{"type":"Polygon","coordinates":[[[-40.33373,-20.34405],[-40.33218,-20.34216],[-40.33113,-20.34133],[-40.33098,-20.34041],[-40.33123,-20.34074],[-40.33369,-20.34126],[-40.3353,-20.34249],[-40.33584,-20.34264],[-40.33594,-20.3424],[-40.33671,-20.34274],[-40.33927,-20.34567],[-40.33886,-20.34591],[-40.33918,-20.34613],[-40.33919,-20.34666],[-40.33757,-20.34745],[-40.33733,-20.34829],[-40.33373,-20.34405]]]},"properties":{"nome":"Primeiro de Maio","municipio":"Vila Velha"}},
{"type":"Feature","geometry":{"type":"Polygon","coordinates":[[[-40.34363,-20.3305],[-40.34369,-20.33021],[-40.34508,-20.33039],[-40.34554,-20.32883],[-40.34633,-20.32842],[-40.34777,-20.32903],[-40.34885,-20.32908],[-40.34826,-20.3301],[-40.34823,-20.3314],[-40.34762,-20.33239],[-40.34693,-20.3319],[-40.34562,-20.33243],[-40.34434,-20.33255],[-40.34402,-20.33289],[-40.34354,-20.33181],[-40.34363,-20.3305]]]},"properties":{"nome":"Chácara do Conde","municipio":"Vila Velha"}},
{"type":"Feature","geometry":{"type":"Polygon","coordinates":[[[-40.35102,-20.33661],[-40.35139,-20.33509],[-40.35246,-20.33419],[-40.35343,-20.33427],[-40.35309,-20.33744],[-40.35342,-20.33984],[-40.35342,-20.3424],[-40.35156,-20.34643],[-40.35101,-20.34745],[-40.35083,-20.34628],[-40.35111,-20.34477],[-40.3508,-20.34466],[-40.35213,-20.3413],[-40.35207,-20.34032],[-40.35114,-20.34031],[-40.35099,-20.34009],[-40.35122,-20.33863],[-40.35101,-20.33852],[-40.35102,-20.33661]]]},"properties":{"nome":"Cobi de Cima","municipio":"Vila Velha"}},
{"type":"Feature","geometry":{"type":"Polygon","coordinates":[[[-40.34885,-20.32908],[-40.35218,-20.32895],[-40.3531,-20.32864],[-40.35292,-20.32834],[-40.35446,-20.3283],[-40.35447,-20.32845],[-40.35447,-20.32846],[-40.35447,-20.32848],[-40.35447,-20.32851],[-40.35447,-20.32859],[-40.35451,-20.32899],[-40.35451,-20.32944],[-40.35443,-20.33043],[-40.35446,-20.33166],[-40.35445,-20.33182],[-40.35443,-20.33203],[-40.35443,-20.33204],[-40.35443,-20.33207],[-40.35442,-20.33222],[-40.3544,-20.33257],[-40.35418,-20.33255],[-40.35399,-20.3335],[-40.35343,-20.33427],[-40.35246,-20.33419],[-40.35139,-20.33509],[-40.35102,-20.33661],[-40.34939,-20.33651],[-40.34884,-20.33727],[-40.34741,-20.33668],[-40.34716,-20.33615],[-40.34696,-20.33329],[-40.34762,-20.33239],[-40.34823,-20.3314],[-40.34826,-20.3301],[-40.34885,-20.32908]]]},"properties":{"nome":"São Torquato","municipio":"Vila Velha"}},
{"type":"Feature","geometry":{"type":"Polygon","coordinates":[[[-40.34007,-20.32619],[-40.34125,-20.32591],[-40.34336,-20.32607],[-40.34633,-20.32842],[-40.34554,-20.32883],[-40.34508,-20.33039],[-40.34369,-20.33021],[-40.34363,-20.3305],[-40.34254,-20.3305],[-40.34223,-20.33028],[-40.34205,-20.32889],[-40.34169,-20.3287],[-40.34173,-20.32774],[-40.34054,-20.32814],[-40.34006,-20.32709],[-40.34007,-20.32619]]]},"properties":{"nome":"Argolas","municipio":"Vila Velha"}},
{"type":"Feature","geometry":{"type":"Polygon","coordinates":[[[-40.33558,-20.3339],[-40.33735,-20.33077],[-40.33601,-20.3302],[-40.33606,-20.32973],[-40.33665,-20.32916],[-40.33535,-20.32991],[-40.33461,-20.32999],[-40.33402,-20.32979],[-40.33228,-20.32821],[-40.33171,-20.32722],[-40.33255,-20.32473],[-40.33325,-20.32477],[-40.33619,-20.32508],[-40.337,-20.32546],[-40.33776,-20.32674],[-40.33944,-20.32678],[-40.34007,-20.32619],[-40.34006,-20.32709],[-40.34054,-20.32814],[-40.34173,-20.32774],[-40.34169,-20.3287],[-40.34205,-20.32889],[-40.34223,-20.33028],[-40.34254,-20.3305],[-40.34363,-20.3305],[-40.34354,-20.33181],[-40.34262,-20.33159],[-40.34195,-20.33196],[-40.3426,-20.33373],[-40.34247,-20.33405],[-40.3404,-20.33384],[-40.33873,-20.33357],[-40.33827,-20.33566],[-40.33774,-20.33557],[-40.3374,-20.33663],[-40.33644,-20.33698],[-40.33542,-20.33512],[-40.33558,-20.3339]]]},"properties":{"nome":"Paul","municipio":"Vila Velha"}},
{"type":"Feature","geometry":{"type":"Polygon","coordinates":[[[-40.36139,-20.36027],[-40.36236,-20.36244],[-40.36271,-20.3638],[-40.36285,-20.3649],[-40.36279,-20.36526],[-40.36301,-20.36612],[-40.36313,-20.36857],[-40.36322,-20.36884],[-40.36272,-20.36868],[-40.36229,-20.37008],[-40.36129,-20.36987],[-40.3594,-20.37032],[-40.35829,-20.37121],[-40.35603,-20.37194],[-40.35536,-20.37257],[-40.35447,-20.37126],[-40.35387,-20.37147],[-40.35108,-20.3674],[-40.35132,-20.366],[-40.35019,-20.3672],[-40.34853,-20.36682],[-40.34822,-20.36635],[-40.34793,-20.3653],[-40.34826,-20.36373],[-40.34642,-20.36209],[-40.34669,-20.36027],[-40.34797,-20.36194],[-40.34892,-20.3622],[-40.35017,-20.3619],[-40.35275,-20.36061],[-40.35544,-20.35974],[-40.35624,-20.35932],[-40.36053,-20.36037],[-40.36139,-20.36027]]]},"properties":{"nome":"Rio Marinho","municipio":"Vila Velha"}},
{"type":"Feature","geometry":{"type":"Polygon","coordinates":[[[-40.35046,-20.36934],[-40.35134,-20.36911],[-40.35147,-20.36961],[-40.35095,-20.36977],[-40.35159,-20.37192],[-40.34876,-20.37275],[-40.34798,-20.37],[-40.35046,-20.36934]]]},"properties":{"nome":"Santa Clara","municipio":"Vila Velha"}},
{"type":"Feature","geometry":{"type":"Polygon","coordinates":[[[-40.34392,-20.35272],[-40.34411,-20.3526],[-40.34447,-20.35485],[-40.34971,-20.35417],[-40.35366,-20.35805],[-40.35423,-20.35805],[-40.35441,-20.35837],[-40.35425,-20.35864],[-40.35544,-20.35974],[-40.35275,-20.36061],[-40.35017,-20.3619],[-40.34892,-20.3622],[-40.34797,-20.36194],[-40.34669,-20.36027],[-40.34294,-20.35565],[-40.34165,-20.35518],[-40.33953,-20.35629],[-40.33919,-20.35528],[-40.34042,-20.35487],[-40.34322,-20.35317],[-40.34392,-20.35272]]]},"properties":{"nome":"Jardim Marilândia","municipio":"Vila Velha"}},
{"type":"Feature","geometry":{"type":"Polygon","coordinates":[[[-40.34008,-20.34914],[-40.33997,-20.34864],[-40.34136,-20.34753],[-40.34245,-20.34957],[-40.3431,-20.3497],[-40.34375,-20.35028],[-40.34392,-20.35272],[-40.34322,-20.35317],[-40.34148,-20.3524],[-40.34114,-20.35091],[-40.3404,-20.35026],[-40.34008,-20.34914]]]},"properties":{"nome":"Industrial","municipio":"Vila Velha"}},
{"type":"Feature","geometry":{"type":"Polygon","coordinates":[[[-40.31475,-20.3556],[-40.31529,-20.35564],[-40.31531,-20.35539],[-40.31688,-20.35555],[-40.31697,-20.35484],[-40.31762,-20.35489],[-40.31764,-20.35402],[-40.32141,-20.35526],[-40.32168,-20.35941],[-40.31817,-20.36157],[-40.31678,-20.35846],[-40.31644,-20.35815],[-40.316,-20.35835],[-40.31475,-20.3556]]]},"properties":{"nome":"Santos Dumont","municipio":"Vila Velha"}},
{"type":"Feature","geometry":{"type":"Polygon","coordinates":[[[-40.34274,-20.37443],[-40.34187,-20.3713],[-40.34794,-20.36982],[-40.34798,-20.37],[-40.34876,-20.37275],[-40.34274,-20.37443]]]},"properties":{"nome":"Jardim do Vale","municipio":"Vila Velha"}},
{"type":"Feature","geometry":{"type":"Polygon","coordinates":[[[-40.32298,-20.37959],[-40.324,-20.3791],[-40.32448,-20.37992],[-40.32518,-20.37962],[-40.32553,-20.3808],[-40.32721,-20.38147],[-40.32845,-20.38141],[-40.32838,-20.38205],[-40.32631,-20.38287],[-40.32582,-20.38214],[-40.32467,-20.38269],[-40.32369,-20.38088],[-40.32298,-20.37959]]]},"properties":{"nome":"Vila Guaranhuns","municipio":"Vila Velha"}},
{"type":"Feature","geometry":{"type":"Polygon","coordinates":[[[-40.30145,-20.32985],[-40.30178,-20.32951],[-40.30212,-20.32672],[-40.30439,-20.32802],[-40.30771,-20.33099],[-40.30796,-20.33066],[-40.30916,-20.33149],[-40.30692,-20.33466],[-40.30652,-20.33445],[-40.30558,-20.3359],[-40.30346,-20.33504],[-40.30219,-20.33724],[-40.29972,-20.33578],[-40.29857,-20.33509],[-40.30235,-20.33484],[-40.30145,-20.32985]]]},"properties":{"nome":"Jaburuna","municipio":"Vila Velha"}},
{"type":"Feature","geometry":{"type":"Polygon","coordinates":[[[-40.30216,-20.34871],[-40.30321,-20.34742],[-40.30311,-20.34725],[-40.30345,-20.34717],[-40.30321,-20.3464],[-40.30369,-20.3459],[-40.30394,-20.34454],[-40.30485,-20.3438],[-40.30515,-20.34207],[-40.30554,-20.34242],[-40.30622,-20.34144],[-40.30618,-20.33953],[-40.3066,-20.34147],[-40.30827,-20.35179],[-40.30795,-20.35184],[-40.30871,-20.35676],[-40.3084,-20.35643],[-40.30509,-20.3524],[-40.30486,-20.35213],[-40.30448,-20.3527],[-40.30232,-20.35138],[-40.3034,-20.34989],[-40.30216,-20.34871]]]},"properties":{"nome":"Soteco","municipio":"Vila Velha"}},
{"type":"Feature","geometry":{"type":"Polygon","coordinates":[[[-40.31776,-20.36593],[-40.31846,-20.36678],[-40.32016,-20.3659],[-40.32215,-20.36958],[-40.32226,-20.36982],[-40.32184,-20.37004],[-40.32242,-20.37142],[-40.3205,-20.37235],[-40.32061,-20.37314],[-40.31969,-20.37362],[-40.31999,-20.37409],[-40.31906,-20.3745],[-40.31756,-20.37176],[-40.31608,-20.36907],[-40.3179,-20.36819],[-40.31687,-20.36635],[-40.31776,-20.36593]]]},"properties":{"nome":"Novo México","municipio":"Vila Velha"}},
{"type":"Feature","geometry":{"type":"Polygon","coordinates":[[[-40.3088,-20.3708],[-40.30894,-20.36718],[-40.31089,-20.37109],[-40.31252,-20.37032],[-40.31411,-20.37341],[-40.31722,-20.37938],[-40.31799,-20.38076],[-40.31811,-20.38102],[-40.31492,-20.38258],[-40.3088,-20.3708]]]},"properties":{"nome":"Praia das Gaivotas","municipio":"Vila Velha"}},
{"type":"Feature","geometry":{"type":"Polygon","coordinates":[[[-40.34649,-20.34046],[-40.34621,-20.33985],[-40.34703,-20.33926],[-40.34554,-20.3366],[-40.34716,-20.33615],[-40.34741,-20.33668],[-40.34884,-20.33727],[-40.34939,-20.33651],[-40.35102,-20.33661],[-40.35101,-20.33852],[-40.35122,-20.33863],[-40.35099,-20.34009],[-40.35114,-20.34031],[-40.35207,-20.34032],[-40.35213,-20.3413],[-40.3508,-20.34466],[-40.35111,-20.34477],[-40.35083,-20.34628],[-40.35101,-20.34745],[-40.35005,-20.34891],[-40.34411,-20.3526],[-40.34476,-20.34691],[-40.34423,-20.34669],[-40.34449,-20.34459],[-40.34427,-20.34443],[-40.34601,-20.34097],[-40.34649,-20.34046]]]},"properties":{"nome":"Alvorada","municipio":"Vila Velha"}},
{"type":"Feature","geometry":{"type":"Polygon","coordinates":[[[-40.31718,-20.3372],[-40.32078,-20.33805],[-40.32068,-20.33766],[-40.32187,-20.3366],[-40.32427,-20.33789],[-40.32408,-20.33867],[-40.32308,-20.33997],[-40.32242,-20.34002],[-40.32258,-20.34148],[-40.32203,-20.341],[-40.31886,-20.34384],[-40.31749,-20.34386],[-40.31794,-20.34543],[-40.31972,-20.34592],[-40.32202,-20.34749],[-40.32095,-20.34888],[-40.3186,-20.34722],[-40.31657,-20.34582],[-40.31197,-20.34292],[-40.31209,-20.34073],[-40.31347,-20.34007],[-40.31578,-20.33759],[-40.31676,-20.33797],[-40.31718,-20.3372]]]},"properties":{"nome":"Aribirí","municipio":"Vila Velha"}},
{"type":"Feature","geometry":{"type":"Polygon","coordinates":[[[-40.31799,-20.38076],[-40.31845,-20.38056],[-40.31871,-20.38104],[-40.31959,-20.38061],[-40.31985,-20.38103],[-40.32094,-20.38054],[-40.32118,-20.38095],[-40.32176,-20.3807],[-40.32196,-20.38113],[-40.32253,-20.38086],[-40.32278,-20.38131],[-40.32369,-20.38088],[-40.32467,-20.38269],[-40.32481,-20.38294],[-40.3204,-20.3852],[-40.31811,-20.38102],[-40.31799,-20.38076]]]},"properties":{"nome":"Jardim Guaranhuns","municipio":"Vila Velha"}},
{"type":"Feature","geometry":{"type":"Polygon","coordinates":[[[-40.3066,-20.34147],[-40.3075,-20.34032],[-40.31006,-20.34178],[-40.31197,-20.34292],[-40.31657,-20.34582],[-40.31491,-20.3479],[-40.31393,-20.34749],[-40.31372,-20.3478],[-40.31295,-20.3474],[-40.31287,-20.34774],[-40.31119,-20.34813],[-40.31145,-20.34986],[-40.31127,-20.35074],[-40.31122,-20.35157],[-40.31037,-20.35341],[-40.31011,-20.35331],[-40.30953,-20.35513],[-40.3093,-20.35609],[-40.31012,-20.35849],[-40.30871,-20.35676],[-40.30795,-20.35184],[-40.30827,-20.35179],[-40.3066,-20.34147]]]},"properties":{"nome":"Santa Inês","municipio":"Vila Velha"}},
{"type":"Feature","geometry":{"type":"Polygon","coordinates":[[[-40.29192,-20.34231],[-40.29289,-20.34284],[-40.29273,-20.34119],[-40.29588,-20.34072],[-40.2958,-20.34026],[-40.29788,-20.34209],[-40.30216,-20.34871],[-40.3034,-20.34989],[-40.30232,-20.35138],[-40.30159,-20.35135],[-40.30005,-20.35099],[-40.29888,-20.35277],[-40.29741,-20.35496],[-40.29594,-20.35397],[-40.29583,-20.35343],[-40.29476,-20.35354],[-40.29425,-20.35124],[-40.29345,-20.35072],[-40.29385,-20.34897],[-40.29354,-20.34677],[-40.29216,-20.34701],[-40.29154,-20.34368],[-40.29192,-20.34231]]]},"properties":{"nome":"Divino Espírito Santo","municipio":"Vila Velha"}},
{"type":"Feature","geometry":{"type":"Polygon","coordinates":[[[-40.30332,-20.35534],[-40.30509,-20.3524],[-40.3084,-20.35643],[-40.30725,-20.35635],[-40.30558,-20.35698],[-40.305,-20.35801],[-40.30469,-20.35796],[-40.30457,-20.35749],[-40.30438,-20.35756],[-40.30428,-20.35825],[-40.30372,-20.35891],[-40.30461,-20.35958],[-40.30427,-20.35999],[-40.3017,-20.35802],[-40.30332,-20.35534]]]},"properties":{"nome":"Residencial Coqueiral","municipio":"Vila Velha"}},
{"type":"Feature","geometry":{"type":"Polygon","coordinates":[[[-40.32324,-20.39086],[-40.33244,-20.38406],[-40.3428,-20.38978],[-40.34396,-20.3905],[-40.344,-20.39083],[-40.33891,-20.39108],[-40.33899,-20.38996],[-40.33536,-20.38982],[-40.33568,-20.39634],[-40.32471,-20.39558],[-40.32276,-20.39703],[-40.32201,-20.39709],[-40.32106,-20.39636],[-40.31966,-20.39629],[-40.31875,-20.39525],[-40.32324,-20.39086]]]},"properties":{"nome":"Darly Santos","municipio":"Vila Velha"}},
{"type":"Feature","geometry":{"type":"Polygon","coordinates":[[[-40.35013,-20.48953],[-40.3534,-20.48803],[-40.35637,-20.49448],[-40.35859,-20.49677],[-40.36254,-20.49981],[-40.36355,-20.50115],[-40.36427,-20.50336],[-40.36389,-20.50803],[-40.36365,-20.51208],[-40.36413,-20.51556],[-40.36544,-20.51727],[-40.36699,-20.51844],[-40.36981,-20.52047],[-40.3689,-20.52134],[-40.36797,-20.52155],[-40.36673,-20.52024],[-40.3645,-20.51876],[-40.36248,-20.51799],[-40.36127,-20.51792],[-40.36125,-20.51866],[-40.36038,-20.51984],[-40.35911,-20.5197],[-40.35885,-20.51929],[-40.35907,-20.51797],[-40.35951,-20.51789],[-40.35937,-20.51751],[-40.36008,-20.51711],[-40.35945,-20.51565],[-40.35981,-20.51193],[-40.35933,-20.50882],[-40.35478,-20.49936],[-40.35202,-20.49558],[-40.35173,-20.49421],[-40.35106,-20.49279],[-40.35073,-20.49084],[-40.35013,-20.48953]]]},"properties":{"nome":"Ponta da Fruta","municipio":"Vila Velha"}},
{"type":"Feature","geometry":{"type":"Polygon","coordinates":[[[-40.3534,-20.48803],[-40.36108,-20.48623],[-40.36918,-20.49428],[-40.37577,-20.49803],[-40.37631,-20.49934],[-40.37604,-20.50009],[-40.37331,-20.5006],[-40.37273,-20.50126],[-40.37265,-20.50205],[-40.3721,-20.50275],[-40.37092,-20.50259],[-40.36995,-20.50311],[-40.3709,-20.50632],[-40.36389,-20.50803],[-40.36427,-20.50336],[-40.36355,-20.50115],[-40.36254,-20.49981],[-40.35859,-20.49677],[-40.35637,-20.49448],[-40.3534,-20.48803]]]},"properties":{"nome":"Morro da Lagoa","municipio":"Vila Velha"}},
{"type":"Feature","geometry":{"type":"Polygon","coordinates":[[[-40.32508,-20.43343],[-40.32775,-20.43264],[-40.32817,-20.43281],[-40.32847,-20.43353],[-40.32924,-20.43307],[-40.32945,-20.43353],[-40.33132,-20.43322],[-40.33264,-20.44042],[-40.33418,-20.44894],[-40.33203,-20.45067],[-40.33019,-20.44687],[-40.32976,-20.44642],[-40.33005,-20.44489],[-40.32966,-20.4437],[-40.32919,-20.44243],[-40.32709,-20.4392],[-40.32647,-20.43665],[-40.32508,-20.43343]]]},"properties":{"nome":"Praia dos Recifes","municipio":"Vila Velha"}},
{"type":"Feature","geometry":{"type":"Polygon","coordinates":[[[-40.33132,-20.43322],[-40.33085,-20.43064],[-40.33568,-20.43222],[-40.33687,-20.43765],[-40.33926,-20.43938],[-40.33927,-20.43979],[-40.33847,-20.4426],[-40.33909,-20.44385],[-40.33579,-20.44745],[-40.33319,-20.44188],[-40.33298,-20.44042],[-40.33264,-20.44042],[-40.33132,-20.43322]]]},"properties":{"nome":"São Conrado","municipio":"Vila Velha"}},
{"type":"Feature","geometry":{"type":"Polygon","coordinates":[[[-40.32508,-20.43343],[-40.32244,-20.4286],[-40.32104,-20.42698],[-40.32044,-20.4268],[-40.31991,-20.42615],[-40.31923,-20.42647],[-40.31916,-20.42693],[-40.31858,-20.42684],[-40.31845,-20.42555],[-40.31894,-20.42534],[-40.31867,-20.42489],[-40.3189,-20.42349],[-40.31935,-20.42296],[-40.32044,-20.42319],[-40.32067,-20.42346],[-40.32129,-20.42319],[-40.3218,-20.42327],[-40.32238,-20.42156],[-40.32233,-20.41921],[-40.32391,-20.41916],[-40.32579,-20.41835],[-40.3265,-20.41879],[-40.32687,-20.41971],[-40.3277,-20.41857],[-40.32844,-20.41815],[-40.32877,-20.41975],[-40.33085,-20.43064],[-40.33132,-20.43322],[-40.32945,-20.43353],[-40.32924,-20.43307],[-40.32847,-20.43353],[-40.32817,-20.43281],[-40.32775,-20.43264],[-40.32508,-20.43343]]]},"properties":{"nome":"Barra do Jucú","municipio":"Vila Velha"}},
{"type":"Feature","geometry":{"type":"Polygon","coordinates":[[[-40.33575,-20.41644],[-40.33673,-20.41531],[-40.33682,-20.41373],[-40.33736,-20.41372],[-40.34226,-20.41768],[-40.34097,-20.41836],[-40.33961,-20.41956],[-40.33521,-20.41725],[-40.33575,-20.41644]]]},"properties":{"nome":"Santa Paula II","municipio":"Vila Velha"}},
{"type":"Feature","geometry":{"type":"Polygon","coordinates":[[[-40.32905,-20.41961],[-40.32975,-20.41823],[-40.33017,-20.41557],[-40.3308,-20.41436],[-40.33278,-20.41293],[-40.33458,-20.41338],[-40.33513,-20.41319],[-40.33575,-20.41644],[-40.33521,-20.41725],[-40.3344,-20.41812],[-40.3319,-20.41833],[-40.33092,-20.41875],[-40.32905,-20.41961]]]},"properties":{"nome":"Santa Paula I","municipio":"Vila Velha"}},
{"type":"Feature","geometry":{"type":"Polygon","coordinates":[[[-40.32905,-20.41961],[-40.33092,-20.41875],[-40.3353,-20.42772],[-40.33939,-20.42724],[-40.34393,-20.42902],[-40.34205,-20.43408],[-40.33568,-20.43222],[-40.33085,-20.43064],[-40.32877,-20.41975],[-40.32905,-20.41961]]]},"properties":{"nome":"Riviera da Barra","municipio":"Vila Velha"}},
{"type":"Feature","geometry":{"type":"Polygon","coordinates":[[[-40.35805,-20.43589],[-40.36596,-20.42767],[-40.37065,-20.4224],[-40.373,-20.42354],[-40.37703,-20.42499],[-40.37543,-20.42604],[-40.37383,-20.42757],[-40.37203,-20.42796],[-40.37127,-20.42895],[-40.38402,-20.43448],[-40.38349,-20.43735],[-40.37904,-20.44193],[-40.37267,-20.44123],[-40.37014,-20.44242],[-40.36687,-20.44472],[-40.36683,-20.44526],[-40.36736,-20.44605],[-40.36616,-20.44758],[-40.36543,-20.44664],[-40.3639,-20.44623],[-40.36355,-20.44542],[-40.36283,-20.44255],[-40.36107,-20.43998],[-40.35805,-20.43589]]]},"properties":{"nome":"Morada da Barra","municipio":"Vila Velha"}},
{"type":"Feature","geometry":{"type":"Polygon","coordinates":[[[-40.34749,-20.47691],[-40.35026,-20.47571],[-40.35048,-20.47529],[-40.3508,-20.47547],[-40.35247,-20.47499],[-40.35281,-20.47849],[-40.35252,-20.48575],[-40.3534,-20.48803],[-40.35013,-20.48953],[-40.34846,-20.48543],[-40.34748,-20.47911],[-40.34687,-20.47718],[-40.34749,-20.47691]]]},"properties":{"nome":"Interlagos","municipio":"Vila Velha"}},
{"type":"Feature","geometry":{"type":"Polygon","coordinates":[[[-40.34749,-20.47691],[-40.34451,-20.47131],[-40.34975,-20.46827],[-40.35156,-20.47126],[-40.35247,-20.47499],[-40.3508,-20.47547],[-40.35048,-20.47529],[-40.35026,-20.47571],[-40.34749,-20.47691]]]},"properties":{"nome":"Morada do Sol","municipio":"Vila Velha"}},
{"type":"Feature","geometry":{"type":"Polygon","coordinates":[[[-40.17768,-20.03335],[-40.17891,-20.03354],[-40.17957,-20.0342],[-40.18093,-20.03456],[-40.18188,-20.0336],[-40.18307,-20.03321],[-40.18446,-20.03407],[-40.18547,-20.03524],[-40.18786,-20.0339],[-40.18844,-20.03395],[-40.18857,-20.03424],[-40.19104,-20.03349],[-40.19132,-20.03241],[-40.19368,-20.0349],[-40.19402,-20.03572],[-40.19453,-20.03608],[-40.19385,-20.03684],[-40.19299,-20.03929],[-40.19111,-20.04239],[-40.19032,-20.04405],[-40.19003,-20.0454],[-40.19033,-20.04627],[-40.19069,-20.04655],[-40.19376,-20.04778],[-40.19476,-20.04918],[-40.19502,-20.05017],[-40.19434,-20.05514],[-40.19357,-20.05551],[-40.19259,-20.05543],[-40.19181,-20.0545],[-40.19191,-20.05434],[-40.19087,-20.05306],[-40.18959,-20.0489],[-40.18773,-20.04489],[-40.18658,-20.04292],[-40.18486,-20.04081],[-40.18363,-20.03971],[-40.18228,-20.03912],[-40.1798,-20.03859],[-40.17875,-20.03862],[-40.17748,-20.03779],[-40.17522,-20.03732],[-40.1754,-20.0371],[-40.17538,-20.03624],[-40.1761,-20.03615],[-40.1765,-20.03531],[-40.17701,-20.03528],[-40.17701,-20.0348],[-40.17769,-20.03478],[-40.17721,-20.03417],[-40.17765,-20.03411],[-40.17768,-20.03335]]]},"properties":{"nome":"Praia Grande","municipio":"Fundão"}},
{"type":"Feature","geometry":{"type":"Polygon","coordinates":[[[-40.35512,-20.31467],[-40.35558,-20.31449],[-40.35706,-20.31243],[-40.35764,-20.31381],[-40.35672,-20.31512],[-40.35601,-20.31547],[-40.3546,-20.31513],[-40.35465,-20.3148],[-40.35512,-20.31467]]]},"properties":{"nome":"Ariovaldo Favalessa","municipio":"Vitória"}},
{"type":"Feature","geometry":{"type":"Polygon","coordinates":[[[-40.34938,-20.31558],[-40.34956,-20.3153],[-40.35046,-20.31503],[-40.35069,-20.3181],[-40.34895,-20.31789],[-40.349,-20.3175],[-40.34836,-20.31746],[-40.34938,-20.31558]]]},"properties":{"nome":"do Quadro","municipio":"Vitória"}},
{"type":"Feature","geometry":{"type":"Polygon","coordinates":[[[-40.34374,-20.32163],[-40.34147,-20.32209],[-40.34108,-20.31825],[-40.34009,-20.3173],[-40.34097,-20.31669],[-40.34157,-20.31724],[-40.34155,-20.31758],[-40.34258,-20.31768],[-40.34285,-20.31771],[-40.3428,-20.31801],[-40.34256,-20.31798],[-40.34265,-20.3187],[-40.34404,-20.31905],[-40.34382,-20.31964],[-40.34414,-20.31977],[-40.34352,-20.31988],[-40.34374,-20.32163]]]},"properties":{"nome":"Parque Moscoso","municipio":"Vitória"}},
{"type":"Feature","geometry":{"type":"Polygon","coordinates":[[[-40.34258,-20.31768],[-40.34268,-20.31714],[-40.34303,-20.31686],[-40.34629,-20.31745],[-40.34741,-20.31734],[-40.34744,-20.3178],[-40.34708,-20.31804],[-40.34626,-20.31931],[-40.34522,-20.32016],[-40.34414,-20.31977],[-40.34382,-20.31964],[-40.34404,-20.31905],[-40.34265,-20.3187],[-40.34256,-20.31798],[-40.3428,-20.31801],[-40.34285,-20.31771],[-40.34258,-20.31768]]]},"properties":{"nome":"Santa Clara","municipio":"Vitória"}},
{"type":"Feature","geometry":{"type":"Polygon","coordinates":[[[-40.34708,-20.31804],[-40.34748,-20.31824],[-40.34792,-20.31812],[-40.34836,-20.31746],[-40.349,-20.3175],[-40.34895,-20.31789],[-40.35069,-20.3181],[-40.35158,-20.31838],[-40.35093,-20.31915],[-40.347,-20.31927],[-40.34777,-20.31966],[-40.34814,-20.32057],[-40.34777,-20.3208],[-40.34477,-20.32169],[-40.34374,-20.32163],[-40.34352,-20.31988],[-40.34414,-20.31977],[-40.34522,-20.32016],[-40.34626,-20.31931],[-40.34708,-20.31804]]]},"properties":{"nome":"Vila Rubim","municipio":"Vitória"}},
{"type":"Feature","geometry":{"type":"Polygon","coordinates":[[[-40.31705,-20.2974],[-40.31771,-20.297],[-40.31915,-20.2976],[-40.32,-20.29838],[-40.32047,-20.29939],[-40.32222,-20.30096],[-40.3222,-20.30213],[-40.32302,-20.30435],[-40.32316,-20.30594],[-40.32286,-20.30607],[-40.32166,-20.30664],[-40.32083,-20.30596],[-40.32021,-20.30613],[-40.32004,-20.3065],[-40.31931,-20.30635],[-40.31894,-20.30646],[-40.31904,-20.30591],[-40.31869,-20.30584],[-40.31804,-20.30425],[-40.31778,-20.30413],[-40.31715,-20.30349],[-40.31827,-20.30222],[-40.31714,-20.30172],[-40.31642,-20.29918],[-40.31705,-20.2974]]]},"properties":{"nome":"Santa Cecília","municipio":"Vitória"}},
{"type":"Feature","geometry":{"type":"Polygon","coordinates":[[[-40.28893,-20.30284],[-40.2861,-20.3028],[-40.28542,-20.30317],[-40.28572,-20.30412],[-40.2852,-20.30462],[-40.28523,-20.30488],[-40.28476,-20.30489],[-40.28482,-20.30462],[-40.2835,-20.30478],[-40.28172,-20.30434],[-40.28056,-20.30365],[-40.28032,-20.30286],[-40.28061,-20.30277],[-40.2798,-20.30214],[-40.27991,-20.30152],[-40.27845,-20.30218],[-40.27798,-20.30193],[-40.27837,-20.30139],[-40.27768,-20.30105],[-40.27752,-20.30175],[-40.27679,-20.30186],[-40.2763,-20.30026],[-40.2769,-20.29917],[-40.27738,-20.29908],[-40.27721,-20.29869],[-40.27779,-20.29917],[-40.27774,-20.29974],[-40.27839,-20.29978],[-40.27956,-20.30046],[-40.28095,-20.30011],[-40.28132,-20.29965],[-40.2824,-20.29938],[-40.28334,-20.29997],[-40.28385,-20.30091],[-40.28469,-20.30091],[-40.28482,-20.30122],[-40.28552,-20.30108],[-40.28574,-20.3014],[-40.28553,-20.30232],[-40.28583,-20.30272],[-40.28894,-20.30276],[-40.28893,-20.30282],[-40.28893,-20.30284]]]},"properties":{"nome":"Ilha do Frade","municipio":"Vitória"}},
{"type":"Feature","geometry":{"type":"Polygon","coordinates":[[[-40.31511,-20.30189],[-40.31642,-20.29918],[-40.31714,-20.30172],[-40.31827,-20.30222],[-40.31715,-20.30349],[-40.31778,-20.30413],[-40.31633,-20.30538],[-40.31619,-20.30522],[-40.31551,-20.30547],[-40.315,-20.30513],[-40.31494,-20.304],[-40.31544,-20.30259],[-40.31511,-20.30189]]]},"properties":{"nome":"Santos Dumont","municipio":"Vitória"}},
{"type":"Feature","geometry":{"type":"Polygon","coordinates":[[[-40.33293,-20.28539],[-40.33409,-20.28515],[-40.33488,-20.28447],[-40.33519,-20.28452],[-40.33554,-20.28505],[-40.33541,-20.28612],[-40.33605,-20.2866],[-40.33579,-20.28715],[-40.33545,-20.28703],[-40.33475,-20.28759],[-40.33435,-20.28752],[-40.33376,-20.28993],[-40.33321,-20.28971],[-40.33293,-20.28539]]]},"properties":{"nome":"Comdusa","municipio":"Vitória"}},
{"type":"Feature","geometry":{"type":"Polygon","coordinates":[[[-40.28355,-20.347],[-40.28348,-20.34436],[-40.283,-20.34208],[-40.28163,-20.33837],[-40.28038,-20.33596],[-40.27814,-20.33367],[-40.27687,-20.33288],[-40.27604,-20.33268],[-40.27455,-20.3324],[-40.27367,-20.33256],[-40.27345,-20.33297],[-40.2737,-20.33387],[-40.27338,-20.33422],[-40.27285,-20.33418],[-40.27309,-20.33319],[-40.27284,-20.33301],[-40.27326,-20.33285],[-40.27349,-20.3315],[-40.27335,-20.33029],[-40.27294,-20.32938],[-40.27242,-20.32928],[-40.2715,-20.32831],[-40.27108,-20.32834],[-40.27111,-20.32862],[-40.27026,-20.32841],[-40.2696,-20.32981],[-40.26914,-20.33003],[-40.2686,-20.32988],[-40.26863,-20.32963],[-40.26855,-20.32978],[-40.26808,-20.32931],[-40.26807,-20.32856],[-40.26827,-20.32838],[-40.26823,-20.32723],[-40.2689,-20.32654],[-40.26817,-20.32612],[-40.26771,-20.326],[-40.26761,-20.32617],[-40.26757,-20.32551],[-40.26721,-20.3257],[-40.26679,-20.3255],[-40.2673,-20.32503],[-40.2669,-20.32505],[-40.26677,-20.32438],[-40.26706,-20.32397],[-40.26791,-20.32378],[-40.26943,-20.32489],[-40.26975,-20.32461],[-40.26935,-20.3243],[-40.2693,-20.3236],[-40.27017,-20.32357],[-40.27055,-20.32319],[-40.2714,-20.32321],[-40.27172,-20.3238],[-40.27117,-20.32531],[-40.27188,-20.32561],[-40.27249,-20.32367],[-40.27337,-20.32318],[-40.27303,-20.32213],[-40.27321,-20.32161],[-40.27407,-20.32081],[-40.27437,-20.32002],[-40.27461,-20.32026],[-40.27603,-20.32053],[-40.27621,-20.32097],[-40.27688,-20.32098],[-40.27686,-20.3212],[-40.27943,-20.32316],[-40.27954,-20.3236],[-40.28031,-20.32372],[-40.2808,-20.32433],[-40.28197,-20.32485],[-40.28213,-20.32519],[-40.28249,-20.32515],[-40.28232,-20.3256],[-40.28278,-20.32604],[-40.28408,-20.33285],[-40.28758,-20.33232],[-40.28861,-20.33875],[-40.28764,-20.33886],[-40.28783,-20.33994],[-40.28974,-20.34103],[-40.2905,-20.34589],[-40.28355,-20.347]]]},"properties":{"nome":"Praia da Costa","municipio":"Vila Velha"}},
{"type":"Feature","geometry":{"type":"Polygon","coordinates":[[[-40.28928,-20.25496],[-40.28989,-20.25459],[-40.29024,-20.25512],[-40.29169,-20.25425],[-40.29199,-20.25476],[-40.29174,-20.25502],[-40.29331,-20.25739],[-40.29375,-20.25706],[-40.29458,-20.25824],[-40.29591,-20.25939],[-40.29359,-20.26138],[-40.28928,-20.25496]]]},"properties":{"nome":"Jabour","municipio":"Vitória"}},
{"type":"Feature","geometry":{"type":"Polygon","coordinates":[[[-40.28278,-20.32604],[-40.28307,-20.32594],[-40.28266,-20.3255],[-40.28317,-20.32367],[-40.28338,-20.32374],[-40.28315,-20.32413],[-40.28347,-20.32468],[-40.28475,-20.32494],[-40.28699,-20.32362],[-40.28678,-20.32346],[-40.28714,-20.32343],[-40.28738,-20.32271],[-40.28765,-20.32276],[-40.2874,-20.32279],[-40.28718,-20.32371],[-40.28791,-20.32367],[-40.28828,-20.32328],[-40.28886,-20.32317],[-40.28958,-20.32464],[-40.28951,-20.32541],[-40.29014,-20.32577],[-40.29024,-20.32562],[-40.29025,-20.32713],[-40.29061,-20.32706],[-40.29054,-20.32733],[-40.29098,-20.32751],[-40.29096,-20.32727],[-40.29129,-20.32726],[-40.29132,-20.32749],[-40.29194,-20.32742],[-40.29329,-20.32681],[-40.29384,-20.3263],[-40.29338,-20.3257],[-40.29359,-20.32544],[-40.2935,-20.32567],[-40.29393,-20.32598],[-40.29405,-20.32577],[-40.29464,-20.32577],[-40.2963,-20.32361],[-40.29679,-20.32337],[-40.29709,-20.32406],[-40.29747,-20.32418],[-40.29809,-20.3237],[-40.29904,-20.32401],[-40.29979,-20.32307],[-40.3012,-20.32333],[-40.30186,-20.32377],[-40.30297,-20.32368],[-40.30381,-20.32439],[-40.30391,-20.32538],[-40.30267,-20.32546],[-40.30212,-20.32672],[-40.30178,-20.32951],[-40.30145,-20.32985],[-40.29953,-20.33028],[-40.29939,-20.33099],[-40.29876,-20.33108],[-40.29879,-20.33143],[-40.29844,-20.33148],[-40.29852,-20.33191],[-40.29734,-20.33219],[-40.29739,-20.33264],[-40.29661,-20.33275],[-40.29674,-20.33385],[-40.29841,-20.33368],[-40.29857,-20.33509],[-40.29972,-20.33578],[-40.29832,-20.33642],[-40.29714,-20.3366],[-40.29746,-20.33886],[-40.29695,-20.33938],[-40.29566,-20.33958],[-40.2958,-20.34026],[-40.29588,-20.34072],[-40.29273,-20.34119],[-40.29289,-20.34284],[-40.29192,-20.34231],[-40.28974,-20.34103],[-40.28783,-20.33994],[-40.28764,-20.33886],[-40.28861,-20.33875],[-40.28758,-20.33232],[-40.28408,-20.33285],[-40.28278,-20.32604]]]},"properties":{"nome":"Centro Vila Velha","municipio":"Vila Velha"}},
{"type":"Feature","geometry":{"type":"Polygon","coordinates":[[[-40.34217,-20.3134],[-40.34421,-20.31294],[-40.3443,-20.31349],[-40.34511,-20.31411],[-40.34549,-20.31545],[-40.34645,-20.31604],[-40.34621,-20.31653],[-40.34629,-20.31745],[-40.34303,-20.31686],[-40.34268,-20.31714],[-40.34258,-20.31768],[-40.34155,-20.31758],[-40.34157,-20.31724],[-40.34097,-20.31669],[-40.3409,-20.31597],[-40.34124,-20.31488],[-40.34161,-20.31475],[-40.34154,-20.31425],[-40.34217,-20.3134]]]},"properties":{"nome":"do Moscoso","municipio":"Vitória"}},
{"type":"Feature","geometry":{"type":"Polygon","coordinates":[[[-40.34511,-20.31411],[-40.346,-20.31327],[-40.34655,-20.31349],[-40.34663,-20.31385],[-40.34782,-20.31478],[-40.34783,-20.31433],[-40.34849,-20.31412],[-40.34843,-20.31393],[-40.3489,-20.31397],[-40.34895,-20.31477],[-40.34938,-20.31558],[-40.34836,-20.31746],[-40.34792,-20.31812],[-40.34748,-20.31824],[-40.34708,-20.31804],[-40.34744,-20.3178],[-40.34741,-20.31734],[-40.34629,-20.31745],[-40.34621,-20.31653],[-40.34645,-20.31604],[-40.34549,-20.31545],[-40.34511,-20.31411]]]},"properties":{"nome":"do Cabral","municipio":"Vitória"}},
{"type":"Feature","geometry":{"type":"Polygon","coordinates":[[[-40.32228,-20.27306],[-40.32304,-20.2727],[-40.32385,-20.27287],[-40.32539,-20.27465],[-40.32574,-20.2754],[-40.32512,-20.2769],[-40.32554,-20.27753],[-40.32544,-20.27922],[-40.3261,-20.28089],[-40.32571,-20.28283],[-40.32347,-20.28233],[-40.32233,-20.27743],[-40.32157,-20.2753],[-40.32167,-20.27344],[-40.32228,-20.27306]]]},"properties":{"nome":"Conquista","municipio":"Vitória"}},
{"type":"Feature","geometry":{"type":"Polygon","coordinates":[[[-40.32147,-20.31362],[-40.3239,-20.31685],[-40.32411,-20.31655],[-40.32475,-20.31694],[-40.32504,-20.31651],[-40.32468,-20.31621],[-40.32478,-20.31596],[-40.32542,-20.31571],[-40.32614,-20.31456],[-40.32687,-20.3145],[-40.32706,-20.31345],[-40.32732,-20.31384],[-40.32868,-20.3142],[-40.32877,-20.31464],[-40.32776,-20.31528],[-40.32791,-20.31697],[-40.32754,-20.31753],[-40.32787,-20.31755],[-40.32802,-20.31795],[-40.32761,-20.31952],[-40.32808,-20.31992],[-40.32928,-20.31956],[-40.32775,-20.32095],[-40.32662,-20.32126],[-40.32566,-20.32118],[-40.32504,-20.32079],[-40.32452,-20.32],[-40.32302,-20.31897],[-40.32044,-20.31827],[-40.32099,-20.31508],[-40.32091,-20.31394],[-40.32147,-20.31362]]]},"properties":{"nome":"Forte São João","municipio":"Vitória"}},
{"type":"Feature","geometry":{"type":"Polygon","coordinates":[[[-40.30059,-20.31601],[-40.30179,-20.31535],[-40.30409,-20.31573],[-40.3055,-20.3171],[-40.30463,-20.32031],[-40.30309,-20.3195],[-40.30268,-20.31884],[-40.30126,-20.31873],[-40.30102,-20.31842],[-40.30019,-20.31841],[-40.30008,-20.31821],[-40.2994,-20.31845],[-40.29885,-20.31825],[-40.29885,-20.31775],[-40.3,-20.31779],[-40.30059,-20.31601]]]},"properties":{"nome":"Jesus de Nazareth","municipio":"Vitória"}},
{"type":"Feature","geometry":{"type":"Polygon","coordinates":[[[-40.34777,-20.3208],[-40.34814,-20.32057],[-40.34777,-20.31966],[-40.347,-20.31927],[-40.35093,-20.31915],[-40.35151,-20.3197],[-40.3527,-20.32001],[-40.35382,-20.32205],[-40.35242,-20.32294],[-40.35221,-20.3234],[-40.35156,-20.32347],[-40.35026,-20.32433],[-40.34915,-20.32469],[-40.34897,-20.32419],[-40.34869,-20.32454],[-40.34794,-20.32425],[-40.34821,-20.32396],[-40.34729,-20.32325],[-40.34743,-20.32162],[-40.34777,-20.3208]]]},"properties":{"nome":"Ilha do Príncipe","municipio":"Vitória"}},
{"type":"Feature","geometry":{"type":"Polygon","coordinates":[[[-40.3316,-20.27533],[-40.33278,-20.27615],[-40.33296,-20.2766],[-40.33254,-20.27657],[-40.33099,-20.27764],[-40.33078,-20.27922],[-40.33173,-20.27964],[-40.33163,-20.2806],[-40.32914,-20.28089],[-40.3261,-20.28089],[-40.32544,-20.27922],[-40.32554,-20.27753],[-40.32651,-20.27799],[-40.32833,-20.27542],[-40.32907,-20.27593],[-40.3316,-20.27533]]]},"properties":{"nome":"Redenção","municipio":"Vitória"}},
{"type":"Feature","geometry":{"type":"Polygon","coordinates":[[[-40.28122,-20.27506],[-40.28727,-20.27164],[-40.2943,-20.27308],[-40.29602,-20.27364],[-40.29611,-20.27292],[-40.29753,-20.27294],[-40.29748,-20.27315],[-40.29931,-20.27373],[-40.30071,-20.27387],[-40.30127,-20.27861],[-40.30064,-20.27936],[-40.29602,-20.27997],[-40.29468,-20.279],[-40.2925,-20.28008],[-40.29064,-20.27825],[-40.28786,-20.28124],[-40.28636,-20.27923],[-40.28122,-20.27506]]]},"properties":{"nome":"Mata da Praia","municipio":"Vitória"}},
{"type":"Feature","geometry":{"type":"Polygon","coordinates":[[[-40.33299,-20.27661],[-40.33418,-20.27672],[-40.3344,-20.27645],[-40.33524,-20.27649],[-40.33579,-20.27623],[-40.33671,-20.2764],[-40.3372,-20.27729],[-40.33675,-20.27843],[-40.33678,-20.2791],[-40.33546,-20.28001],[-40.33463,-20.27984],[-40.33409,-20.27905],[-40.33417,-20.27795],[-40.33331,-20.27789],[-40.33299,-20.27661]]]},"properties":{"nome":"Ilha das Caieiras","municipio":"Vitória"}},
{"type":"Feature","geometry":{"type":"Polygon","coordinates":[[[-40.33163,-20.2806],[-40.33173,-20.27964],[-40.33078,-20.27922],[-40.33099,-20.27764],[-40.33254,-20.27657],[-40.33296,-20.2766],[-40.33299,-20.27661],[-40.33331,-20.27789],[-40.33417,-20.27795],[-40.33409,-20.27905],[-40.33463,-20.27984],[-40.3337,-20.28095],[-40.33223,-20.28082],[-40.33158,-20.28102],[-40.33163,-20.2806]]]},"properties":{"nome":"Santo André","municipio":"Vitória"}},
{"type":"Feature","geometry":{"type":"Polygon","coordinates":[[[-40.31709,-20.27899],[-40.31846,-20.27841],[-40.31926,-20.27727],[-40.32233,-20.27743],[-40.32347,-20.28233],[-40.32046,-20.28896],[-40.31884,-20.28903],[-40.31728,-20.28978],[-40.31574,-20.28959],[-40.31412,-20.28894],[-40.31416,-20.28851],[-40.31263,-20.28862],[-40.31186,-20.28786],[-40.31187,-20.28688],[-40.31273,-20.28353],[-40.31348,-20.28351],[-40.31474,-20.28194],[-40.31527,-20.28207],[-40.31709,-20.27899]]]},"properties":{"nome":"Joana D´arc","municipio":"Vitória"}},
{"type":"Feature","geometry":{"type":"Polygon","coordinates":[[[-40.31006,-20.30163],[-40.31086,-20.29938],[-40.31284,-20.29872],[-40.31359,-20.29733],[-40.31416,-20.29689],[-40.3144,-20.29588],[-40.31566,-20.29663],[-40.31705,-20.2974],[-40.31642,-20.29918],[-40.31511,-20.30189],[-40.31444,-20.30336],[-40.31434,-20.30445],[-40.31237,-20.30494],[-40.31288,-20.30407],[-40.31143,-20.30345],[-40.31134,-20.30234],[-40.31094,-20.30228],[-40.31043,-20.30162],[-40.31006,-20.30163]]]},"properties":{"nome":"Bonfim","municipio":"Vitória"}},
{"type":"Feature","geometry":{"type":"Polygon","coordinates":[[[-40.28786,-20.28124],[-40.29064,-20.27825],[-40.2925,-20.28008],[-40.29468,-20.279],[-40.29602,-20.27997],[-40.30064,-20.27936],[-40.30127,-20.27861],[-40.30195,-20.2828],[-40.30311,-20.28502],[-40.28934,-20.29318],[-40.28913,-20.29367],[-40.28926,-20.29425],[-40.28889,-20.29409],[-40.28908,-20.29318],[-40.28677,-20.29211],[-40.28602,-20.29207],[-40.28684,-20.29201],[-40.28855,-20.29271],[-40.28949,-20.29137],[-40.29025,-20.28894],[-40.29017,-20.28606],[-40.28966,-20.28456],[-40.28786,-20.28124]]]},"properties":{"nome":"Jardim da Penha","municipio":"Vitória"}},
{"type":"Feature","geometry":{"type":"Polygon","coordinates":[[[-40.30775,-20.29983],[-40.3101,-20.29629],[-40.31044,-20.29595],[-40.31083,-20.29597],[-40.31118,-20.29446],[-40.3144,-20.29588],[-40.31416,-20.29689],[-40.31359,-20.29733],[-40.31284,-20.29872],[-40.31086,-20.29938],[-40.31006,-20.30163],[-40.30915,-20.30094],[-40.30822,-20.30091],[-40.30804,-20.30142],[-40.30776,-20.30138],[-40.30804,-20.30054],[-40.30764,-20.30053],[-40.30775,-20.29983]]]},"properties":{"nome":"da Penha","municipio":"Vitória"}},
{"type":"Feature","geometry":{"type":"Polygon","coordinates":[[[-40.34395,-20.29489],[-40.34401,-20.29575],[-40.345,-20.29676],[-40.34566,-20.29623],[-40.3459,-20.29648],[-40.34684,-20.29657],[-40.34734,-20.29597],[-40.34723,-20.29518],[-40.34801,-20.29536],[-40.34844,-20.29479],[-40.34871,-20.29496],[-40.34895,-20.29423],[-40.34974,-20.29445],[-40.35003,-20.29462],[-40.3501,-20.2963],[-40.35001,-20.29706],[-40.34974,-20.29722],[-40.35007,-20.29776],[-40.34974,-20.29862],[-40.35022,-20.29865],[-40.35012,-20.29922],[-40.35068,-20.30014],[-40.35099,-20.30205],[-40.3514,-20.30267],[-40.35098,-20.3029],[-40.34994,-20.30291],[-40.35018,-20.30145],[-40.35005,-20.30014],[-40.34977,-20.29984],[-40.34848,-20.2996],[-40.34793,-20.30159],[-40.34403,-20.30432],[-40.34352,-20.30369],[-40.34368,-20.30287],[-40.34442,-20.30232],[-40.34371,-20.30144],[-40.34227,-20.30165],[-40.34022,-20.29905],[-40.34331,-20.29701],[-40.34198,-20.29562],[-40.34395,-20.29489]]]},"properties":{"nome":"Inhanguetá","municipio":"Vitória"}},
{"type":"Feature","geometry":{"type":"Polygon","coordinates":[[[-40.30575,-20.30129],[-40.30745,-20.29947],[-40.30775,-20.29983],[-40.30764,-20.30053],[-40.30804,-20.30054],[-40.30776,-20.30138],[-40.30804,-20.30142],[-40.30822,-20.30091],[-40.30915,-20.30094],[-40.31006,-20.30163],[-40.31043,-20.30162],[-40.31094,-20.30228],[-40.31134,-20.30234],[-40.31143,-20.30345],[-40.31063,-20.3041],[-40.309,-20.30457],[-40.30753,-20.3035],[-40.3068,-20.30375],[-40.30593,-20.30359],[-40.30553,-20.30207],[-40.30575,-20.30129]]]},"properties":{"nome":"São Benedito","municipio":"Vitória"}},
{"type":"Feature","geometry":{"type":"Polygon","coordinates":[[[-40.34403,-20.30432],[-40.34793,-20.30159],[-40.34848,-20.2996],[-40.34977,-20.29984],[-40.35005,-20.30014],[-40.35018,-20.30145],[-40.34994,-20.30291],[-40.34952,-20.30529],[-40.35002,-20.30608],[-40.3505,-20.3063],[-40.34961,-20.30718],[-40.34952,-20.30816],[-40.34627,-20.30754],[-40.34403,-20.30432]]]},"properties":{"nome":"Bela Vista","municipio":"Vitória"}},
{"type":"Feature","geometry":{"type":"Polygon","coordinates":[[[-40.31884,-20.28903],[-40.32046,-20.28896],[-40.32624,-20.28991],[-40.32802,-20.29074],[-40.32866,-20.29138],[-40.32921,-20.29266],[-40.32948,-20.29448],[-40.3311,-20.29645],[-40.33151,-20.29761],[-40.33102,-20.29835],[-40.33117,-20.29899],[-40.33052,-20.29988],[-40.3289,-20.30137],[-40.32896,-20.301],[-40.32856,-20.30079],[-40.32782,-20.30169],[-40.32565,-20.30328],[-40.32519,-20.30394],[-40.32443,-20.30277],[-40.32411,-20.30139],[-40.32259,-20.30118],[-40.32297,-20.29954],[-40.32381,-20.29853],[-40.32383,-20.29801],[-40.32196,-20.29624],[-40.31968,-20.29522],[-40.31905,-20.29468],[-40.31918,-20.29439],[-40.31792,-20.29342],[-40.31872,-20.29296],[-40.31911,-20.29208],[-40.31836,-20.29056],[-40.31876,-20.2895],[-40.31915,-20.28933],[-40.31884,-20.28903]]]},"properties":{"nome":"Tabuazeiro","municipio":"Vitória"}},
{"type":"Feature","geometry":{"type":"Polygon","coordinates":[[[-40.33995,-20.28475],[-40.34056,-20.28437],[-40.34126,-20.2849],[-40.34171,-20.28481],[-40.34306,-20.28628],[-40.34389,-20.28665],[-40.34608,-20.2888],[-40.34775,-20.28997],[-40.34648,-20.2924],[-40.34679,-20.29297],[-40.34644,-20.29328],[-40.3436,-20.29351],[-40.34084,-20.2916],[-40.33969,-20.29392],[-40.3371,-20.29646],[-40.33475,-20.29034],[-40.33376,-20.28993],[-40.33435,-20.28752],[-40.33475,-20.28759],[-40.33545,-20.28703],[-40.33579,-20.28715],[-40.33605,-20.2866],[-40.33683,-20.28742],[-40.33725,-20.28851],[-40.33877,-20.28973],[-40.33871,-20.28844],[-40.33995,-20.28475]]]},"properties":{"nome":"Grande Vitória","municipio":"Vitória"}},
{"type":"Feature","geometry":{"type":"Polygon","coordinates":[[[-40.29199,-20.25476],[-40.29335,-20.25405],[-40.29689,-20.25537],[-40.29957,-20.25566],[-40.30013,-20.25533],[-40.30069,-20.2554],[-40.30203,-20.2572],[-40.30376,-20.25837],[-40.30317,-20.26109],[-40.30192,-20.2608],[-40.30177,-20.26121],[-40.2991,-20.26042],[-40.29905,-20.26116],[-40.29828,-20.26112],[-40.29829,-20.26068],[-40.2973,-20.26063],[-40.29661,-20.26011],[-40.29591,-20.25939],[-40.29458,-20.25824],[-40.29375,-20.25706],[-40.29331,-20.25739],[-40.29174,-20.25502],[-40.29199,-20.25476]]]},"properties":{"nome":"Maria Ortiz","municipio":"Vitória"}},
{"type":"Feature","geometry":{"type":"Polygon","coordinates":[[[-40.28926,-20.29425],[-40.28913,-20.29367],[-40.28934,-20.29318],[-40.30311,-20.28502],[-40.30346,-20.28547],[-40.30358,-20.28644],[-40.30288,-20.28671],[-40.30024,-20.28926],[-40.29785,-20.29037],[-40.29722,-20.28959],[-40.29736,-20.29049],[-40.29243,-20.29185],[-40.28954,-20.29355],[-40.28926,-20.29425]]]},"properties":{"nome":"Pontal de Camburi","municipio":"Vitória"}},
{"type":"Feature","geometry":{"type":"Polygon","coordinates":[[[-40.30409,-20.28651],[-40.30474,-20.28578],[-40.30708,-20.28547],[-40.30678,-20.28715],[-40.30721,-20.29011],[-40.3067,-20.29203],[-40.30653,-20.29198],[-40.30418,-20.28767],[-40.30409,-20.28651]]]},"properties":{"nome":"Andorinhas","municipio":"Vitória"}},
{"type":"Feature","geometry":{"type":"Polygon","coordinates":[[[-40.29394,-20.29257],[-40.29601,-20.29181],[-40.29822,-20.29151],[-40.3011,-20.29015],[-40.30128,-20.29045],[-40.30122,-20.29008],[-40.30217,-20.28916],[-40.30255,-20.28912],[-40.30326,-20.28826],[-40.30375,-20.28727],[-40.30361,-20.28676],[-40.30409,-20.28651],[-40.30418,-20.28767],[-40.30653,-20.29198],[-40.30515,-20.29163],[-40.30479,-20.29413],[-40.30187,-20.29341],[-40.29617,-20.29198],[-40.29464,-20.29363],[-40.29394,-20.29257]]]},"properties":{"nome":"Santa Luíza","municipio":"Vitória"}},
{"type":"Feature","geometry":{"type":"Polygon","coordinates":[[[-40.30969,-20.29314],[-40.31002,-20.29252],[-40.311,-20.29204],[-40.31182,-20.29226],[-40.31353,-20.29095],[-40.31412,-20.28894],[-40.31574,-20.28959],[-40.31728,-20.28978],[-40.31884,-20.28903],[-40.31915,-20.28933],[-40.31876,-20.2895],[-40.31836,-20.29056],[-40.31911,-20.29208],[-40.31872,-20.29296],[-40.31792,-20.29342],[-40.31669,-20.29315],[-40.31566,-20.29663],[-40.3144,-20.29588],[-40.31118,-20.29446],[-40.30969,-20.29314]]]},"properties":{"nome":"São Cristóvão","municipio":"Vitória"}},
{"type":"Feature","geometry":{"type":"Polygon","coordinates":[[[-40.28727,-20.27164],[-40.29594,-20.26652],[-40.29779,-20.26875],[-40.29725,-20.26917],[-40.29556,-20.27049],[-40.29487,-20.2707],[-40.2943,-20.27308],[-40.28727,-20.27164]]]},"properties":{"nome":"República","municipio":"Vitória"}},
{"type":"Feature","geometry":{"type":"Polygon","coordinates":[[[-40.3436,-20.29351],[-40.34644,-20.29328],[-40.34679,-20.29297],[-40.34648,-20.2924],[-40.34775,-20.28997],[-40.34829,-20.29045],[-40.349,-20.29053],[-40.35005,-20.29195],[-40.35024,-20.29337],[-40.35002,-20.29358],[-40.35007,-20.29416],[-40.34974,-20.29445],[-40.34895,-20.29423],[-40.34871,-20.29496],[-40.34844,-20.29479],[-40.34801,-20.29536],[-40.34723,-20.29518],[-40.34734,-20.29597],[-40.34684,-20.29657],[-40.3459,-20.29648],[-40.34566,-20.29623],[-40.345,-20.29676],[-40.34401,-20.29575],[-40.34395,-20.29489],[-40.34395,-20.29439],[-40.34395,-20.2943],[-40.3436,-20.29351]]]},"properties":{"nome":"Estrelinha","municipio":"Vitória"}},
{"type":"Feature","geometry":{"type":"Polygon","coordinates":[[[-40.30479,-20.29413],[-40.30515,-20.29163],[-40.30653,-20.29198],[-40.3067,-20.29203],[-40.30969,-20.29314],[-40.31118,-20.29446],[-40.31083,-20.29597],[-40.31044,-20.29595],[-40.3101,-20.29629],[-40.30775,-20.29983],[-40.30745,-20.29947],[-40.30575,-20.30129],[-40.30493,-20.30103],[-40.30453,-20.30131],[-40.30375,-20.30125],[-40.30479,-20.29413]]]},"properties":{"nome":"Itararé","municipio":"Vitória"}},
{"type":"Feature","geometry":{"type":"Polygon","coordinates":[[[-40.28894,-20.30276],[-40.28965,-20.30271],[-40.29069,-20.30134],[-40.29086,-20.30059],[-40.29067,-20.299],[-40.29007,-20.29899],[-40.28866,-20.29817],[-40.28822,-20.29656],[-40.28777,-20.2961],[-40.28745,-20.29601],[-40.28698,-20.2963],[-40.28666,-20.29599],[-40.28614,-20.29616],[-40.28609,-20.29592],[-40.28546,-20.29586],[-40.28484,-20.29494],[-40.28406,-20.29455],[-40.28523,-20.29424],[-40.2856,-20.29374],[-40.28507,-20.29316],[-40.28556,-20.29288],[-40.2865,-20.29311],[-40.28665,-20.29373],[-40.28712,-20.29388],[-40.28781,-20.29526],[-40.28871,-20.29517],[-40.29036,-20.29456],[-40.2918,-20.29334],[-40.29394,-20.29257],[-40.29464,-20.29363],[-40.29428,-20.29549],[-40.29475,-20.29531],[-40.29575,-20.29579],[-40.29902,-20.30035],[-40.29567,-20.30873],[-40.29273,-20.30469],[-40.29191,-20.30315],[-40.29082,-20.30285],[-40.28893,-20.30282],[-40.28894,-20.30276]]]},"properties":{"nome":"Praia do Canto","municipio":"Vitória"}},
{"type":"Feature","geometry":{"type":"Polygon","coordinates":[[[-40.3371,-20.29646],[-40.33969,-20.29392],[-40.34084,-20.2916],[-40.3436,-20.29351],[-40.34395,-20.2943],[-40.34395,-20.29439],[-40.34395,-20.29489],[-40.34198,-20.29562],[-40.34331,-20.29701],[-40.34022,-20.29905],[-40.3399,-20.29851],[-40.33972,-20.29887],[-40.3371,-20.29646]]]},"properties":{"nome":"Universitário","municipio":"Vitória"}},
{"type":"Feature","geometry":{"type":"Polygon","coordinates":[[[-40.29464,-20.29363],[-40.29617,-20.29198],[-40.30187,-20.29341],[-40.29902,-20.30035],[-40.29575,-20.29579],[-40.29475,-20.29531],[-40.29428,-20.29549],[-40.29464,-20.29363]]]},"properties":{"nome":"Barro Vermelho","municipio":"Vitória"}},
{"type":"Feature","geometry":{"type":"Polygon","coordinates":[[[-40.21499,-20.24262],[-40.22098,-20.23897],[-40.2214,-20.23896],[-40.26796,-20.23896],[-40.26732,-20.23947],[-40.26617,-20.24221],[-40.26568,-20.24316],[-40.26513,-20.24409],[-40.262,-20.24272],[-40.26161,-20.24361],[-40.26006,-20.24418],[-40.25976,-20.24496],[-40.26392,-20.24689],[-40.26139,-20.25204],[-40.26193,-20.25212],[-40.26269,-20.25278],[-40.26226,-20.25384],[-40.26233,-20.25486],[-40.26242,-20.2565],[-40.26067,-20.25902],[-40.25823,-20.25933],[-40.25783,-20.25957],[-40.25803,-20.26587],[-40.25538,-20.2672],[-40.25359,-20.26891],[-40.25325,-20.26979],[-40.25334,-20.27061],[-40.25386,-20.27149],[-40.25455,-20.27126],[-40.25486,-20.27185],[-40.25329,-20.2722],[-40.25296,-20.27363],[-40.25194,-20.27432],[-40.25066,-20.27685],[-40.24933,-20.2782],[-40.24914,-20.27876],[-40.24937,-20.27911],[-40.24859,-20.27978],[-40.24884,-20.28044],[-40.24805,-20.28214],[-40.24808,-20.28269],[-40.24746,-20.28398],[-40.24646,-20.28512],[-40.24751,-20.28587],[-40.24739,-20.28606],[-40.24583,-20.28498],[-40.24513,-20.28595],[-40.24682,-20.28697],[-40.2451,-20.28596],[-40.24384,-20.28817],[-40.24375,-20.28901],[-40.24671,-20.29093],[-40.24357,-20.28906],[-40.2431,-20.28912],[-40.24275,-20.28954],[-40.24263,-20.29021],[-40.24283,-20.29054],[-40.2475,-20.29327],[-40.24756,-20.29351],[-40.24233,-20.29054],[-40.241,-20.29038],[-40.23855,-20.29428],[-40.23744,-20.29471],[-40.2375,-20.29499],[-40.23243,-20.29213],[-40.23223,-20.29164],[-40.23126,-20.29135],[-40.23019,-20.29379],[-40.23035,-20.29433],[-40.23017,-20.29489],[-40.24055,-20.30067],[-40.2405,-20.30098],[-40.23022,-20.29525],[-40.22973,-20.2945],[-40.23323,-20.28604],[-40.23314,-20.28569],[-40.23341,-20.28558],[-40.234,-20.28423],[-40.23439,-20.2763],[-40.23384,-20.27506],[-40.23281,-20.274],[-40.2326,-20.27306],[-40.23107,-20.27049],[-40.23081,-20.26893],[-40.23118,-20.26671],[-40.22963,-20.26502],[-40.229,-20.26518],[-40.22925,-20.26457],[-40.22884,-20.26377],[-40.23348,-20.26058],[-40.23641,-20.26027],[-40.23659,-20.26011],[-40.23617,-20.26022],[-40.23659,-20.25981],[-40.23659,-20.25944],[-40.23655,-20.25979],[-40.23611,-20.26],[-40.23395,-20.26012],[-40.23299,-20.26056],[-40.22858,-20.26355],[-40.22861,-20.26466],[-40.22728,-20.26188],[-40.22251,-20.25562],[-40.21957,-20.25713],[-40.22474,-20.2536],[-40.2246,-20.25333],[-40.22375,-20.25359],[-40.21917,-20.25655],[-40.22343,-20.2535],[-40.22339,-20.25268],[-40.22351,-20.25293],[-40.22385,-20.25244],[-40.22349,-20.25284],[-40.22342,-20.25183],[-40.22265,-20.25023],[-40.22163,-20.24946],[-40.22031,-20.24767],[-40.21856,-20.24629],[-40.21732,-20.24483],[-40.21633,-20.2444],[-40.21595,-20.24369],[-40.21506,-20.24299],[-40.21499,-20.24262]]]},"properties":{"nome":"Parque Industrial","municipio":"Vitória"}},
{"type":"Feature","geometry":{"type":"Polygon","coordinates":[[[-40.27306,-20.2405],[-40.2736,-20.24008],[-40.27432,-20.24139],[-40.27794,-20.23895],[-40.27879,-20.23895],[-40.28049,-20.24127],[-40.28928,-20.25496],[-40.29359,-20.26138],[-40.29499,-20.26306],[-40.29701,-20.26551],[-40.29713,-20.26564],[-40.29594,-20.26652],[-40.28727,-20.27164],[-40.28122,-20.27506],[-40.27826,-20.2733],[-40.27747,-20.27418],[-40.2785,-20.27252],[-40.27809,-20.27211],[-40.27537,-20.2705],[-40.26984,-20.26788],[-40.2738,-20.25555],[-40.27373,-20.25457],[-40.27264,-20.252],[-40.27253,-20.25108],[-40.27526,-20.24404],[-40.27525,-20.24307],[-40.2749,-20.24222],[-40.27304,-20.24052],[-40.27306,-20.2405]]]},"properties":{"nome":"Aeroporto","municipio":"Vitória"}},
{"type":"Feature","geometry":{"type":"Polygon","coordinates":[[[-40.27095,-20.24369],[-40.27308,-20.24078],[-40.27304,-20.24052],[-40.2749,-20.24222],[-40.27525,-20.24307],[-40.27526,-20.24404],[-40.27253,-20.25108],[-40.27264,-20.252],[-40.27373,-20.25457],[-40.2738,-20.25555],[-40.26984,-20.26788],[-40.26638,-20.26674],[-40.26123,-20.26571],[-40.2602,-20.26559],[-40.25803,-20.26587],[-40.25783,-20.25957],[-40.25823,-20.25933],[-40.26067,-20.25902],[-40.26242,-20.2565],[-40.26233,-20.25486],[-40.26452,-20.25452],[-40.26564,-20.25326],[-40.26562,-20.25276],[-40.266,-20.25247],[-40.26548,-20.25217],[-40.26581,-20.25154],[-40.26517,-20.25123],[-40.26532,-20.2506],[-40.2668,-20.24816],[-40.26682,-20.24735],[-40.26724,-20.24753],[-40.2672,-20.24828],[-40.26764,-20.2485],[-40.26802,-20.24832],[-40.26816,-20.24852],[-40.26835,-20.24838],[-40.2682,-20.24817],[-40.26897,-20.24764],[-40.26854,-20.24661],[-40.26912,-20.24654],[-40.27095,-20.24369]]]},"properties":{"nome":"Jardim Camburi","municipio":"Vitória"}},
{"type":"Feature","geometry":{"type":"Polygon","coordinates":[[[-40.31709,-20.27899],[-40.31712,-20.27809],[-40.31658,-20.27764],[-40.31688,-20.2761],[-40.31691,-20.2737],[-40.31665,-20.27349],[-40.31758,-20.26812],[-40.31806,-20.2674],[-40.31864,-20.26704],[-40.32027,-20.26715],[-40.32054,-20.26749],[-40.32108,-20.26807],[-40.32148,-20.26966],[-40.32156,-20.27301],[-40.32228,-20.27306],[-40.32167,-20.27344],[-40.32157,-20.2753],[-40.32233,-20.27743],[-40.31926,-20.27727],[-40.31846,-20.27841],[-40.31709,-20.27899]]]},"properties":{"nome":"Resistência","municipio":"Vitória"}},
{"type":"Feature","geometry":{"type":"Polygon","coordinates":[[[-40.29812,-20.27024],[-40.29977,-20.26872],[-40.30092,-20.2701],[-40.30115,-20.27084],[-40.30071,-20.27387],[-40.29931,-20.27373],[-40.29748,-20.27315],[-40.29753,-20.27294],[-40.29855,-20.27279],[-40.29818,-20.27189],[-40.29812,-20.27024]]]},"properties":{"nome":"Boa Vista","municipio":"Vitória"}},
{"type":"Feature","geometry":{"type":"Polygon","coordinates":[[[-40.2943,-20.27308],[-40.29487,-20.2707],[-40.29556,-20.27049],[-40.29725,-20.26917],[-40.29812,-20.27024],[-40.29818,-20.27189],[-40.29855,-20.27279],[-40.29753,-20.27294],[-40.29611,-20.27292],[-40.29602,-20.27364],[-40.2943,-20.27308]]]},"properties":{"nome":"Morada de Camburi","municipio":"Vitória"}},
{"type":"Feature","geometry":{"type":"Polygon","coordinates":[[[-40.30375,-20.30125],[-40.30453,-20.30131],[-40.30493,-20.30103],[-40.30575,-20.30129],[-40.30553,-20.30207],[-40.30593,-20.30359],[-40.3068,-20.30375],[-40.30753,-20.3035],[-40.309,-20.30457],[-40.3086,-20.30528],[-40.30819,-20.30534],[-40.30967,-20.30631],[-40.30998,-20.30734],[-40.30983,-20.30843],[-40.30921,-20.30838],[-40.30878,-20.30903],[-40.30828,-20.30896],[-40.30811,-20.30995],[-40.30491,-20.31065],[-40.30247,-20.31025],[-40.30375,-20.30125]]]},"properties":{"nome":"Gurigica","municipio":"Vitória"}},
{"type":"Feature","geometry":{"type":"Polygon","coordinates":[[[-40.32316,-20.30594],[-40.32378,-20.30536],[-40.3226,-20.30219],[-40.32259,-20.30118],[-40.32411,-20.30139],[-40.32443,-20.30277],[-40.32519,-20.30394],[-40.32648,-20.30458],[-40.32642,-20.3049],[-40.32774,-20.30532],[-40.32936,-20.30258],[-40.33026,-20.3037],[-40.33227,-20.30454],[-40.33166,-20.30474],[-40.33166,-20.30508],[-40.3326,-20.30524],[-40.33321,-20.30573],[-40.32991,-20.30946],[-40.32895,-20.31006],[-40.32848,-20.30987],[-40.32685,-20.31001],[-40.32552,-20.30979],[-40.32467,-20.31002],[-40.32436,-20.30926],[-40.32378,-20.30864],[-40.32356,-20.30871],[-40.32349,-20.30826],[-40.32319,-20.30809],[-40.32323,-20.30717],[-40.32299,-20.30726],[-40.32249,-20.3069],[-40.32245,-20.30661],[-40.32298,-20.30627],[-40.32286,-20.30607],[-40.32316,-20.30594]]]},"properties":{"nome":"Fradinhos","municipio":"Vitória"}},
{"type":"Feature","geometry":{"type":"Polygon","coordinates":[[[-40.31434,-20.30445],[-40.31444,-20.30336],[-40.31511,-20.30189],[-40.31544,-20.30259],[-40.31494,-20.304],[-40.315,-20.30513],[-40.31551,-20.30547],[-40.31619,-20.30522],[-40.31633,-20.30538],[-40.31778,-20.30413],[-40.31804,-20.30425],[-40.31869,-20.30584],[-40.31904,-20.30591],[-40.31894,-20.30646],[-40.31931,-20.30635],[-40.31841,-20.3072],[-40.31757,-20.30856],[-40.3164,-20.30907],[-40.31654,-20.31],[-40.31608,-20.30949],[-40.31615,-20.30872],[-40.3159,-20.30889],[-40.31501,-20.30868],[-40.31507,-20.30905],[-40.31443,-20.30896],[-40.31434,-20.30445]]]},"properties":{"nome":"de Lourdes","municipio":"Vitória"}},
{"type":"Feature","geometry":{"type":"Polygon","coordinates":[[[-40.28893,-20.30284],[-40.28893,-20.30282],[-40.29082,-20.30285],[-40.29191,-20.30315],[-40.29273,-20.30469],[-40.29347,-20.30785],[-40.29226,-20.31054],[-40.2941,-20.3114],[-40.29441,-20.31209],[-40.29483,-20.31188],[-40.29508,-20.3128],[-40.29894,-20.31459],[-40.29965,-20.31634],[-40.30059,-20.31601],[-40.3,-20.31779],[-40.29885,-20.31775],[-40.29885,-20.31825],[-40.29694,-20.31831],[-40.29647,-20.31866],[-40.29639,-20.31933],[-40.2957,-20.31948],[-40.29518,-20.31909],[-40.29486,-20.31821],[-40.28834,-20.31812],[-40.28822,-20.31737],[-40.28866,-20.31696],[-40.28857,-20.31617],[-40.28819,-20.31572],[-40.28717,-20.31542],[-40.28711,-20.31411],[-40.28555,-20.31223],[-40.28556,-20.3099],[-40.28659,-20.30931],[-40.28932,-20.30857],[-40.29004,-20.30764],[-40.29045,-20.30651],[-40.29053,-20.30435],[-40.28992,-20.30292],[-40.28893,-20.30284]]]},"properties":{"nome":"Enseada do Suá","municipio":"Vitória"}},
{"type":"Feature","geometry":{"type":"Polygon","coordinates":[[[-40.34994,-20.30291],[-40.35098,-20.3029],[-40.3514,-20.30267],[-40.35315,-20.3041],[-40.35472,-20.30739],[-40.35547,-20.30776],[-40.35732,-20.31004],[-40.35838,-20.31063],[-40.35838,-20.31137],[-40.35706,-20.31243],[-40.35558,-20.31449],[-40.35512,-20.31467],[-40.35486,-20.3144],[-40.35533,-20.31373],[-40.35479,-20.31334],[-40.35462,-20.31352],[-40.354,-20.31287],[-40.35371,-20.31357],[-40.35336,-20.31359],[-40.35346,-20.31311],[-40.35254,-20.31297],[-40.35247,-20.31206],[-40.35163,-20.31107],[-40.35162,-20.3074],[-40.35131,-20.30651],[-40.3505,-20.3063],[-40.35002,-20.30608],[-40.34952,-20.30529],[-40.34994,-20.30291]]]},"properties":{"nome":"Santo Antônio","municipio":"Vitória"}},
{"type":"Feature","geometry":{"type":"Polygon","coordinates":[[[-40.31143,-20.30345],[-40.31288,-20.30407],[-40.31237,-20.30494],[-40.31434,-20.30445],[-40.31443,-20.30896],[-40.31449,-20.31077],[-40.31214,-20.31043],[-40.31236,-20.30878],[-40.30983,-20.30843],[-40.30998,-20.30734],[-40.30967,-20.30631],[-40.30819,-20.30534],[-40.3086,-20.30528],[-40.309,-20.30457],[-40.31063,-20.3041],[-40.31143,-20.30345]]]},"properties":{"nome":"Consolação","municipio":"Vitória"}},
{"type":"Feature","geometry":{"type":"Polygon","coordinates":[[[-40.29483,-20.31188],[-40.29441,-20.31209],[-40.2941,-20.3114],[-40.29226,-20.31054],[-40.29347,-20.30785],[-40.29273,-20.30469],[-40.29567,-20.30873],[-40.297,-20.3105],[-40.29483,-20.31188]]]},"properties":{"nome":"Santa Helena","municipio":"Vitória"}},
{"type":"Feature","geometry":{"type":"Polygon","coordinates":[[[-40.31931,-20.30635],[-40.32004,-20.3065],[-40.32021,-20.30613],[-40.32083,-20.30596],[-40.32166,-20.30664],[-40.32117,-20.30815],[-40.32141,-20.3082],[-40.32144,-20.31031],[-40.32087,-20.31132],[-40.32063,-20.31133],[-40.32049,-20.3123],[-40.31992,-20.31158],[-40.31786,-20.31126],[-40.31801,-20.3104],[-40.31756,-20.30976],[-40.31757,-20.30856],[-40.31841,-20.3072],[-40.31931,-20.30635]]]},"properties":{"nome":"Jucutuquara","municipio":"Vitória"}},
{"type":"Feature","geometry":{"type":"Polygon","coordinates":[[[-40.32166,-20.30664],[-40.32286,-20.30607],[-40.32298,-20.30627],[-40.32245,-20.30661],[-40.32249,-20.3069],[-40.32299,-20.30726],[-40.32323,-20.30717],[-40.32319,-20.30809],[-40.32349,-20.30826],[-40.32356,-20.30871],[-40.32378,-20.30864],[-40.32436,-20.30926],[-40.32467,-20.31002],[-40.32397,-20.31029],[-40.32316,-20.31104],[-40.32339,-20.31212],[-40.32258,-20.31322],[-40.32227,-20.31325],[-40.32211,-20.31277],[-40.32126,-20.31331],[-40.32049,-20.3123],[-40.32063,-20.31133],[-40.32087,-20.31132],[-40.32144,-20.31031],[-40.32141,-20.3082],[-40.32117,-20.30815],[-40.32166,-20.30664]]]},"properties":{"nome":"Cruzamento","municipio":"Vitória"}},
{"type":"Feature","geometry":{"type":"Polygon","coordinates":[[[-40.34627,-20.30754],[-40.34952,-20.30816],[-40.34961,-20.30718],[-40.3505,-20.3063],[-40.35131,-20.30651],[-40.35162,-20.3074],[-40.35163,-20.31107],[-40.35203,-20.3149],[-40.35046,-20.31503],[-40.34956,-20.3153],[-40.34938,-20.31558],[-40.34895,-20.31477],[-40.3489,-20.31397],[-40.34843,-20.31393],[-40.34849,-20.31412],[-40.34783,-20.31433],[-40.34782,-20.31478],[-40.34663,-20.31385],[-40.34655,-20.31349],[-40.346,-20.31327],[-40.34511,-20.31411],[-40.3443,-20.31349],[-40.34421,-20.31294],[-40.34372,-20.31136],[-40.34511,-20.30897],[-40.34602,-20.3085],[-40.34627,-20.30754]]]},"properties":{"nome":"Santa Tereza","municipio":"Vitória"}},
{"type":"Feature","geometry":{"type":"Polygon","coordinates":[[[-40.33678,-20.2791],[-40.33774,-20.28057],[-40.33917,-20.28147],[-40.33985,-20.28222],[-40.33998,-20.28268],[-40.33966,-20.28325],[-40.34025,-20.28395],[-40.33995,-20.28475],[-40.33871,-20.28844],[-40.33877,-20.28973],[-40.33725,-20.28851],[-40.33683,-20.28742],[-40.33605,-20.2866],[-40.33541,-20.28612],[-40.33554,-20.28505],[-40.33519,-20.28452],[-40.33559,-20.28241],[-40.33528,-20.28203],[-40.33462,-20.28183],[-40.3337,-20.28095],[-40.33463,-20.27984],[-40.33546,-20.28001],[-40.33678,-20.2791]]]},"properties":{"nome":"São Pedro","municipio":"Vitória"}},
{"type":"Feature","geometry":{"type":"Polygon","coordinates":[[[-40.3261,-20.28089],[-40.32914,-20.28089],[-40.33163,-20.2806],[-40.33158,-20.28102],[-40.33223,-20.28082],[-40.3337,-20.28095],[-40.33462,-20.28183],[-40.33349,-20.28188],[-40.33302,-20.28218],[-40.33279,-20.28331],[-40.33293,-20.28539],[-40.33321,-20.28971],[-40.32994,-20.2883],[-40.3284,-20.2873],[-40.3262,-20.2843],[-40.32571,-20.28283],[-40.3261,-20.28089]]]},"properties":{"nome":"São José","municipio":"Vitória"}},
{"type":"Feature","geometry":{"type":"Polygon","coordinates":[[[-40.33293,-20.28539],[-40.33279,-20.28331],[-40.33302,-20.28218],[-40.33349,-20.28188],[-40.33462,-20.28183],[-40.33528,-20.28203],[-40.33559,-20.28241],[-40.33519,-20.28452],[-40.33488,-20.28447],[-40.33409,-20.28515],[-40.33293,-20.28539]]]},"properties":{"nome":"Santos Reis","municipio":"Vitória"}},
{"type":"Feature","geometry":{"type":"Polygon","coordinates":[[[-40.30708,-20.28547],[-40.30837,-20.28534],[-40.30951,-20.28428],[-40.31037,-20.2846],[-40.31126,-20.28459],[-40.31273,-20.28353],[-40.31187,-20.28688],[-40.31186,-20.28786],[-40.31263,-20.28862],[-40.31416,-20.28851],[-40.31412,-20.28894],[-40.31353,-20.29095],[-40.31182,-20.29226],[-40.311,-20.29204],[-40.31002,-20.29252],[-40.30969,-20.29314],[-40.3067,-20.29203],[-40.30721,-20.29011],[-40.30678,-20.28715],[-40.30708,-20.28547]]]},"properties":{"nome":"Santa Martha","municipio":"Vitória"}},
{"type":"Feature","geometry":{"type":"Polygon","coordinates":[[[-40.30811,-20.30995],[-40.30828,-20.30896],[-40.30878,-20.30903],[-40.30921,-20.30838],[-40.30983,-20.30843],[-40.31236,-20.30878],[-40.31214,-20.31043],[-40.30811,-20.30995]]]},"properties":{"nome":"Horto","municipio":"Vitória"}},
{"type":"Feature","geometry":{"type":"Polygon","coordinates":[[[-40.31443,-20.30896],[-40.31507,-20.30905],[-40.31501,-20.30868],[-40.3159,-20.30889],[-40.31615,-20.30872],[-40.31608,-20.30949],[-40.31654,-20.31],[-40.3164,-20.30907],[-40.31757,-20.30856],[-40.31756,-20.30976],[-40.31801,-20.3104],[-40.31786,-20.31126],[-40.31679,-20.31111],[-40.31449,-20.31077],[-40.31443,-20.30896]]]},"properties":{"nome":"Nazareth","municipio":"Vitória"}},
{"type":"Feature","geometry":{"type":"Polygon","coordinates":[[[-40.30811,-20.30995],[-40.31214,-20.31043],[-40.31116,-20.31604],[-40.31206,-20.31733],[-40.31113,-20.31815],[-40.31029,-20.31982],[-40.30949,-20.32032],[-40.30597,-20.3207],[-40.3053,-20.3205],[-40.30522,-20.32073],[-40.30463,-20.32031],[-40.3055,-20.3171],[-40.30409,-20.31573],[-40.30179,-20.31535],[-40.30233,-20.3113],[-40.30247,-20.31025],[-40.30491,-20.31065],[-40.30811,-20.30995]]]},"properties":{"nome":"Bento Ferreira","municipio":"Vitória"}},
{"type":"Feature","geometry":{"type":"Polygon","coordinates":[[[-40.31566,-20.29663],[-40.31669,-20.29315],[-40.31792,-20.29342],[-40.31918,-20.29439],[-40.31905,-20.29468],[-40.31968,-20.29522],[-40.32196,-20.29624],[-40.32383,-20.29801],[-40.32381,-20.29853],[-40.32297,-20.29954],[-40.32259,-20.30118],[-40.3226,-20.30219],[-40.32378,-20.30536],[-40.32316,-20.30594],[-40.32302,-20.30435],[-40.3222,-20.30213],[-40.32222,-20.30096],[-40.32047,-20.29939],[-40.32,-20.29838],[-40.31915,-20.2976],[-40.31771,-20.297],[-40.31705,-20.2974],[-40.31566,-20.29663]]]},"properties":{"nome":"Maruípe","municipio":"Vitória"}},
{"type":"Feature","geometry":{"type":"Polygon","coordinates":[[[-40.29902,-20.30035],[-40.30187,-20.29341],[-40.30479,-20.29413],[-40.30375,-20.30125],[-40.30247,-20.31025],[-40.30233,-20.3113],[-40.297,-20.3105],[-40.29567,-20.30873],[-40.29902,-20.30035]]]},"properties":{"nome":"Santa Lúcia","municipio":"Vitória"}},
{"type":"Feature","geometry":{"type":"Polygon","coordinates":[[[-40.32467,-20.31002],[-40.32552,-20.30979],[-40.32685,-20.31001],[-40.32714,-20.31117],[-40.32753,-20.31109],[-40.329,-20.31258],[-40.32868,-20.3142],[-40.32732,-20.31384],[-40.32706,-20.31345],[-40.32687,-20.3145],[-40.32614,-20.31456],[-40.32542,-20.31571],[-40.32478,-20.31596],[-40.32468,-20.31621],[-40.32504,-20.31651],[-40.32475,-20.31694],[-40.32411,-20.31655],[-40.3239,-20.31685],[-40.32147,-20.31362],[-40.32126,-20.31331],[-40.32211,-20.31277],[-40.32227,-20.31325],[-40.32258,-20.31322],[-40.32339,-20.31212],[-40.32316,-20.31104],[-40.32397,-20.31029],[-40.32467,-20.31002]]]},"properties":{"nome":"Romão","municipio":"Vitória"}},
{"type":"Feature","geometry":{"type":"Polygon","coordinates":[[[-40.29483,-20.31188],[-40.297,-20.3105],[-40.30233,-20.3113],[-40.30179,-20.31535],[-40.30059,-20.31601],[-40.29965,-20.31634],[-40.29894,-20.31459],[-40.29508,-20.3128],[-40.29483,-20.31188]]]},"properties":{"nome":"Praia do Suá","municipio":"Vitória"}},
{"type":"Feature","geometry":{"type":"Polygon","coordinates":[[[-40.42149,-20.36767],[-40.42158,-20.36687],[-40.42295,-20.36742],[-40.42512,-20.36822],[-40.42779,-20.36981],[-40.42796,-20.37013],[-40.42892,-20.3702],[-40.42941,-20.3703],[-40.43003,-20.36973],[-40.4324,-20.37049],[-40.43342,-20.37053],[-40.43391,-20.37006],[-40.43471,-20.37185],[-40.43576,-20.3732],[-40.43538,-20.37336],[-40.4342,-20.3731],[-40.43361,-20.37386],[-40.43408,-20.37494],[-40.43323,-20.37523],[-40.43282,-20.37419],[-40.43216,-20.37437],[-40.43223,-20.37627],[-40.43089,-20.37748],[-40.43151,-20.37806],[-40.43071,-20.3788],[-40.42995,-20.37854],[-40.42861,-20.38059],[-40.4274,-20.37993],[-40.42603,-20.37967],[-40.42594,-20.37943],[-40.42615,-20.37878],[-40.42791,-20.37684],[-40.42751,-20.37573],[-40.42775,-20.37307],[-40.42853,-20.37143],[-40.42791,-20.37082],[-40.42714,-20.37153],[-40.42614,-20.37103],[-40.42382,-20.371],[-40.42362,-20.37006],[-40.42376,-20.36863],[-40.42318,-20.3683],[-40.42327,-20.36811],[-40.42149,-20.36767]]]},"properties":{"nome":"Areinha","municipio":"Viana"}},
{"type":"Feature","geometry":{"type":"Polygon","coordinates":[[[-40.31206,-20.31733],[-40.31116,-20.31604],[-40.31214,-20.31043],[-40.31449,-20.31077],[-40.31679,-20.31111],[-40.31585,-20.31567],[-40.31589,-20.31742],[-40.3134,-20.31715],[-40.31336,-20.31739],[-40.31423,-20.31811],[-40.31412,-20.31869],[-40.31452,-20.31979],[-40.31431,-20.32009],[-40.31331,-20.32023],[-40.31177,-20.31921],[-40.31258,-20.31821],[-40.31264,-20.31756],[-40.31325,-20.31739],[-40.31333,-20.31712],[-40.31206,-20.31733]]]},"properties":{"nome":"Monte Belo","municipio":"Vitória"}},
{"type":"Feature","geometry":{"type":"Polygon","coordinates":[[[-40.31589,-20.31742],[-40.31585,-20.31567],[-40.31679,-20.31111],[-40.31786,-20.31126],[-40.31992,-20.31158],[-40.32049,-20.3123],[-40.32126,-20.31331],[-40.32147,-20.31362],[-40.32091,-20.31394],[-40.32099,-20.31508],[-40.32044,-20.31827],[-40.31984,-20.31839],[-40.3195,-20.31812],[-40.31589,-20.31742]]]},"properties":{"nome":"Ilha de Santa Maria","municipio":"Vitória"}},
{"type":"Feature","geometry":{"type":"Polygon","coordinates":[[[-40.35046,-20.31503],[-40.35203,-20.3149],[-40.35163,-20.31107],[-40.35247,-20.31206],[-40.35254,-20.31297],[-40.35346,-20.31311],[-40.35336,-20.31359],[-40.35371,-20.31357],[-40.354,-20.31287],[-40.35462,-20.31352],[-40.35479,-20.31334],[-40.35533,-20.31373],[-40.35486,-20.3144],[-40.35512,-20.31467],[-40.35465,-20.3148],[-40.3546,-20.31513],[-40.35601,-20.31547],[-40.35687,-20.31702],[-40.35611,-20.31801],[-40.35439,-20.31819],[-40.35325,-20.31739],[-40.3518,-20.31724],[-40.35158,-20.31838],[-40.35069,-20.3181],[-40.35046,-20.31503]]]},"properties":{"nome":"Caratoíra","municipio":"Vitória"}},
{"type":"Feature","geometry":{"type":"Polygon","coordinates":[[[-40.35706,-20.31243],[-40.35838,-20.31137],[-40.35891,-20.31161],[-40.35865,-20.3117],[-40.35897,-20.31406],[-40.35831,-20.31798],[-40.3581,-20.31838],[-40.35765,-20.31853],[-40.35679,-20.3199],[-40.35382,-20.32205],[-40.3527,-20.32001],[-40.35151,-20.3197],[-40.35093,-20.31915],[-40.35158,-20.31838],[-40.3518,-20.31724],[-40.35325,-20.31739],[-40.35439,-20.31819],[-40.35611,-20.31801],[-40.35687,-20.31702],[-40.35601,-20.31547],[-40.35672,-20.31512],[-40.35764,-20.31381],[-40.35706,-20.31243]]]},"properties":{"nome":"Mário Cypreste","municipio":"Vitória"}},
{"type":"Feature","geometry":{"type":"Polygon","coordinates":[[[-40.33548,-20.31601],[-40.3357,-20.31639],[-40.336,-20.31625],[-40.33589,-20.31589],[-40.33661,-20.31536],[-40.33728,-20.31571],[-40.33827,-20.31486],[-40.33851,-20.31519],[-40.33896,-20.31435],[-40.33936,-20.31436],[-40.33967,-20.31494],[-40.3395,-20.31592],[-40.3409,-20.31597],[-40.34097,-20.31669],[-40.34009,-20.3173],[-40.34108,-20.31825],[-40.34147,-20.32209],[-40.34374,-20.32163],[-40.34477,-20.32169],[-40.34777,-20.3208],[-40.34743,-20.32162],[-40.34729,-20.32325],[-40.34821,-20.32396],[-40.34794,-20.32425],[-40.34622,-20.32352],[-40.34386,-20.32205],[-40.34139,-20.32255],[-40.33932,-20.32256],[-40.33594,-20.3221],[-40.33562,-20.32172],[-40.33453,-20.32156],[-40.32863,-20.32076],[-40.32775,-20.32095],[-40.32928,-20.31956],[-40.32808,-20.31992],[-40.32761,-20.31952],[-40.32802,-20.31795],[-40.32787,-20.31755],[-40.32754,-20.31753],[-40.32791,-20.31697],[-40.32776,-20.31528],[-40.32877,-20.31464],[-40.3293,-20.31455],[-40.32989,-20.31513],[-40.32966,-20.31649],[-40.33094,-20.31717],[-40.33352,-20.31759],[-40.33403,-20.31811],[-40.33425,-20.31796],[-40.33405,-20.31756],[-40.33458,-20.31722],[-40.33416,-20.31715],[-40.33419,-20.31673],[-40.33548,-20.31601]]]},"properties":{"nome":"Centro","municipio":"Vitória"}},
{"type":"Feature","geometry":{"type":"Polygon","coordinates":[[[-40.42109,-20.34017],[-40.42133,-20.34013],[-40.42155,-20.34006],[-40.42186,-20.33999],[-40.4221,-20.33997],[-40.42244,-20.34003],[-40.42247,-20.34004],[-40.42283,-20.34012],[-40.42301,-20.34017],[-40.42353,-20.34029],[-40.4241,-20.34042],[-40.42481,-20.34058],[-40.42635,-20.3409],[-40.42721,-20.34074],[-40.42885,-20.3399],[-40.42945,-20.33913],[-40.42961,-20.33874],[-40.42974,-20.33853],[-40.42976,-20.33851],[-40.42979,-20.33847],[-40.42991,-20.33829],[-40.43006,-20.33813],[-40.4302,-20.338],[-40.43021,-20.338],[-40.43034,-20.33796],[-40.43043,-20.33792],[-40.43045,-20.33791],[-40.43049,-20.3379],[-40.43051,-20.33789],[-40.43057,-20.33787],[-40.43062,-20.33785],[-40.43072,-20.33781],[-40.43076,-20.33779],[-40.43079,-20.33778],[-40.43277,-20.33774],[-40.43576,-20.33412],[-40.43584,-20.33403],[-40.43629,-20.33354],[-40.43776,-20.33278],[-40.43824,-20.33259],[-40.43877,-20.3325],[-40.43886,-20.3325],[-40.4392,-20.33255],[-40.43946,-20.33264],[-40.44246,-20.33392],[-40.44442,-20.33479],[-40.44386,-20.33706],[-40.44409,-20.33791],[-40.44261,-20.33854],[-40.4399,-20.34205],[-40.43963,-20.34284],[-40.43854,-20.34273],[-40.43671,-20.34313],[-40.4368,-20.34408],[-40.43635,-20.34454],[-40.43655,-20.34744],[-40.43628,-20.34777],[-40.43452,-20.34758],[-40.4311,-20.34707],[-40.42989,-20.34867],[-40.42881,-20.35096],[-40.4283,-20.35061],[-40.42797,-20.35198],[-40.4272,-20.35321],[-40.4276,-20.35358],[-40.42635,-20.35618],[-40.42673,-20.35699],[-40.42657,-20.35777],[-40.42478,-20.35833],[-40.42292,-20.35853],[-40.42125,-20.35823],[-40.41896,-20.35688],[-40.41352,-20.35151],[-40.413,-20.35078],[-40.41273,-20.35024],[-40.41259,-20.34994],[-40.41248,-20.34969],[-40.41237,-20.34946],[-40.41214,-20.34897],[-40.41207,-20.34881],[-40.41196,-20.34858],[-40.41682,-20.34631],[-40.41717,-20.34582],[-40.4175,-20.34506],[-40.41764,-20.3448],[-40.41766,-20.34495],[-40.41796,-20.34474],[-40.418,-20.34491],[-40.41817,-20.34654],[-40.41793,-20.34728],[-40.41838,-20.35107],[-40.41976,-20.35067],[-40.42119,-20.35131],[-40.4213,-20.35066],[-40.42069,-20.3495],[-40.42179,-20.34808],[-40.42201,-20.34661],[-40.42252,-20.34678],[-40.42388,-20.34571],[-40.42302,-20.34236],[-40.42132,-20.34075],[-40.42145,-20.34059],[-40.42107,-20.34044],[-40.42107,-20.34037],[-40.42109,-20.34017]]]},"properties":{"nome":"Marcílio de Noronha","municipio":"Viana"}},
{"type":"Feature","geometry":{"type":"Polygon","coordinates":[[[-40.33548,-20.31601],[-40.33538,-20.31581],[-40.33577,-20.31564],[-40.33539,-20.31522],[-40.33553,-20.31475],[-40.33517,-20.31444],[-40.33546,-20.31422],[-40.335,-20.31392],[-40.33546,-20.31378],[-40.33537,-20.31332],[-40.33567,-20.313],[-40.33546,-20.31216],[-40.33594,-20.31006],[-40.33643,-20.30989],[-40.33673,-20.31051],[-40.33878,-20.31214],[-40.33937,-20.31326],[-40.34012,-20.31359],[-40.34005,-20.31434],[-40.33967,-20.31494],[-40.33936,-20.31436],[-40.33896,-20.31435],[-40.33851,-20.31519],[-40.33827,-20.31486],[-40.33728,-20.31571],[-40.33661,-20.31536],[-40.33589,-20.31589],[-40.336,-20.31625],[-40.3357,-20.31639],[-40.33548,-20.31601]]]},"properties":{"nome":"Fonte Grande","municipio":"Vitória"}},
{"type":"Feature","geometry":{"type":"Polygon","coordinates":[[[-40.33967,-20.31494],[-40.34005,-20.31434],[-40.34012,-20.31359],[-40.33937,-20.31326],[-40.33878,-20.31214],[-40.34071,-20.31301],[-40.3414,-20.31261],[-40.34156,-20.31332],[-40.34217,-20.3134],[-40.34154,-20.31425],[-40.34161,-20.31475],[-40.34124,-20.31488],[-40.3409,-20.31597],[-40.3395,-20.31592],[-40.33967,-20.31494]]]},"properties":{"nome":"Piedade","municipio":"Vitória"}},
{"type":"Feature","geometry":{"type":"Polygon","coordinates":[[[-40.32215,-20.36958],[-40.32437,-20.36869],[-40.32625,-20.36881],[-40.32659,-20.36926],[-40.32646,-20.37031],[-40.33197,-20.37168],[-40.33458,-20.37294],[-40.33516,-20.37644],[-40.33272,-20.37636],[-40.33001,-20.37529],[-40.32931,-20.37627],[-40.32895,-20.37757],[-40.32919,-20.37841],[-40.32845,-20.38141],[-40.32721,-20.38147],[-40.32553,-20.3808],[-40.32518,-20.37962],[-40.32448,-20.37992],[-40.324,-20.3791],[-40.32298,-20.37959],[-40.32149,-20.37681],[-40.31999,-20.37409],[-40.31969,-20.37362],[-40.32061,-20.37314],[-40.3205,-20.37235],[-40.32242,-20.37142],[-40.32184,-20.37004],[-40.32226,-20.36982],[-40.32215,-20.36958]]]},"properties":{"nome":"Polo Empresarial Novo México","municipio":"Vila Velha"}},
{"type":"Feature","geometry":{"type":"Polygon","coordinates":[[[-40.31947,-20.1218],[-40.32095,-20.12109],[-40.32118,-20.12152],[-40.32231,-20.12134],[-40.32228,-20.12172],[-40.32175,-20.12171],[-40.32163,-20.12272],[-40.32027,-20.12445],[-40.32034,-20.12584],[-40.32004,-20.12682],[-40.31948,-20.12645],[-40.31784,-20.12615],[-40.31773,-20.12562],[-40.31691,-20.12465],[-40.31664,-20.12435],[-40.31721,-20.12311],[-40.31689,-20.1223],[-40.31706,-20.12192],[-40.31769,-20.12156],[-40.31947,-20.1218]]]},"properties":{"nome":"São Marcos II","municipio":"Serra"}},
{"type":"Feature","geometry":{"type":"Polygon","coordinates":[[[-40.35101,-20.34745],[-40.35156,-20.34643],[-40.35602,-20.34901],[-40.35674,-20.3488],[-40.35674,-20.34883],[-40.35677,-20.3489],[-40.35679,-20.34898],[-40.35685,-20.34913],[-40.35714,-20.34992],[-40.3573,-20.3504],[-40.35739,-20.35059],[-40.35741,-20.35064],[-40.35743,-20.35071],[-40.35744,-20.35074],[-40.35745,-20.35074],[-40.3576,-20.35073],[-40.35775,-20.35067],[-40.35779,-20.35068],[-40.35793,-20.35072],[-40.35814,-20.3509],[-40.35829,-20.35099],[-40.35834,-20.35103],[-40.35841,-20.35107],[-40.35869,-20.35123],[-40.35885,-20.35135],[-40.35888,-20.35137],[-40.35907,-20.35151],[-40.35975,-20.35217],[-40.3598,-20.35232],[-40.35972,-20.35275],[-40.35926,-20.35371],[-40.35925,-20.35389],[-40.35926,-20.35402],[-40.3593,-20.35423],[-40.35934,-20.35433],[-40.35937,-20.3544],[-40.35943,-20.35458],[-40.35959,-20.35495],[-40.36009,-20.35591],[-40.36024,-20.35623],[-40.36038,-20.35654],[-40.36062,-20.35705],[-40.36074,-20.35732],[-40.36079,-20.35738],[-40.3609,-20.35752],[-40.36101,-20.35766],[-40.36113,-20.35788],[-40.36113,-20.35789],[-40.36118,-20.35808],[-40.36126,-20.35831],[-40.36129,-20.35839],[-40.36165,-20.35917],[-40.36139,-20.36027],[-40.36053,-20.36037],[-40.35624,-20.35932],[-40.35544,-20.35974],[-40.35425,-20.35864],[-40.35441,-20.35837],[-40.35423,-20.35805],[-40.35366,-20.35805],[-40.34971,-20.35417],[-40.34447,-20.35485],[-40.34411,-20.3526],[-40.35005,-20.34891],[-40.35101,-20.34745]]]},"properties":{"nome":"Cobilândia","municipio":"Vila Velha"}},
{"type":"Feature","geometry":{"type":"Polygon","coordinates":[[[-40.42657,-20.35777],[-40.42867,-20.35737],[-40.43008,-20.35751],[-40.43164,-20.35815],[-40.43705,-20.36264],[-40.43828,-20.36293],[-40.44105,-20.36276],[-40.44265,-20.36359],[-40.44353,-20.36516],[-40.44392,-20.36991],[-40.44278,-20.37323],[-40.44254,-20.37481],[-40.44287,-20.37558],[-40.44361,-20.37629],[-40.45519,-20.38031],[-40.46264,-20.38476],[-40.46398,-20.38863],[-40.4638,-20.38979],[-40.46294,-20.39143],[-40.46435,-20.39219],[-40.46481,-20.39307],[-40.46479,-20.39356],[-40.46345,-20.39371],[-40.4617,-20.3978],[-40.46029,-20.39893],[-40.46042,-20.40073],[-40.45994,-20.40367],[-40.45901,-20.40502],[-40.45734,-20.4047],[-40.45679,-20.40486],[-40.45556,-20.40631],[-40.45362,-20.40735],[-40.45531,-20.40924],[-40.44465,-20.42157],[-40.44405,-20.42363],[-40.44308,-20.42427],[-40.44161,-20.42589],[-40.44168,-20.42653],[-40.44298,-20.42739],[-40.44353,-20.42821],[-40.44319,-20.43276],[-40.43766,-20.43305],[-40.43671,-20.43279],[-40.43567,-20.43209],[-40.43312,-20.4284],[-40.43218,-20.42743],[-40.43108,-20.42682],[-40.42977,-20.42674],[-40.42696,-20.42574],[-40.42461,-20.42545],[-40.40394,-20.42452],[-40.39838,-20.42346],[-40.40102,-20.42105],[-40.40078,-20.42111],[-40.39954,-20.41921],[-40.39915,-20.41665],[-40.39954,-20.41388],[-40.39945,-20.41267],[-40.39896,-20.41215],[-40.39787,-20.4122],[-40.39701,-20.41145],[-40.39732,-20.40972],[-40.39672,-20.40878],[-40.39601,-20.40835],[-40.39513,-20.40726],[-40.39487,-20.40571],[-40.39523,-20.40459],[-40.39491,-20.40412],[-40.39505,-20.40369],[-40.39645,-20.40238],[-40.39713,-20.40115],[-40.39718,-20.39993],[-40.39766,-20.39996],[-40.39886,-20.40054],[-40.39913,-20.4024],[-40.40061,-20.40309],[-40.40151,-20.40407],[-40.4015,-20.4058],[-40.40274,-20.40617],[-40.40339,-20.40423],[-40.40278,-20.40328],[-40.40189,-20.40087],[-40.40399,-20.4008],[-40.40569,-20.40126],[-40.4061,-20.4016],[-40.40684,-20.40161],[-40.40703,-20.40109],[-40.40665,-20.39909],[-40.40785,-20.39837],[-40.41004,-20.39768],[-40.40994,-20.39716],[-40.41023,-20.3969],[-40.41085,-20.39853],[-40.41313,-20.39952],[-40.41477,-20.39928],[-40.41519,-20.39901],[-40.41665,-20.3968],[-40.41828,-20.39715],[-40.41914,-20.39821],[-40.4201,-20.3987],[-40.42021,-20.39958],[-40.421,-20.39994],[-40.42222,-20.39972],[-40.42384,-20.40007],[-40.42459,-20.39998],[-40.42549,-20.40084],[-40.42637,-20.40102],[-40.42817,-20.40051],[-40.429,-20.3988],[-40.42953,-20.39836],[-40.42813,-20.39717],[-40.42716,-20.39794],[-40.42663,-20.39778],[-40.42651,-20.39718],[-40.42591,-20.39667],[-40.42559,-20.39662],[-40.42537,-20.39694],[-40.42312,-20.39717],[-40.42335,-20.39629],[-40.42276,-20.39518],[-40.42221,-20.39162],[-40.42334,-20.38943],[-40.42272,-20.38904],[-40.42262,-20.38698],[-40.4206,-20.38632],[-40.4211,-20.38506],[-40.41997,-20.38433],[-40.4196,-20.3838],[-40.4208,-20.38254],[-40.42247,-20.38301],[-40.42461,-20.38317],[-40.42571,-20.38241],[-40.42607,-20.38166],[-40.42388,-20.38084],[-40.42408,-20.38035],[-40.42473,-20.38003],[-40.42594,-20.37943],[-40.42603,-20.37967],[-40.4274,-20.37993],[-40.42861,-20.38059],[-40.42995,-20.37854],[-40.43071,-20.3788],[-40.43151,-20.37806],[-40.43089,-20.37748],[-40.43223,-20.37627],[-40.43216,-20.37437],[-40.43282,-20.37419],[-40.43323,-20.37523],[-40.43408,-20.37494],[-40.43361,-20.37386],[-40.4342,-20.3731],[-40.43538,-20.37336],[-40.43576,-20.3732],[-40.43471,-20.37185],[-40.43391,-20.37006],[-40.43342,-20.37053],[-40.4324,-20.37049],[-40.43003,-20.36973],[-40.42941,-20.3703],[-40.42892,-20.3702],[-40.42857,-20.36558],[-40.42777,-20.3644],[-40.42689,-20.36189],[-40.42658,-20.36158],[-40.42589,-20.36162],[-40.42574,-20.36134],[-40.42544,-20.36067],[-40.42574,-20.35989],[-40.42464,-20.35909],[-40.42478,-20.35833],[-40.42657,-20.35777]]]},"properties":{"nome":"Parque Industrial","municipio":"Viana"}},
{"type":"Feature","geometry":{"type":"Polygon","coordinates":[[[-40.39838,-20.42346],[-40.39394,-20.4225],[-40.3908,-20.4203],[-40.38991,-20.41917],[-40.38999,-20.41541],[-40.38973,-20.4142],[-40.39006,-20.41359],[-40.38943,-20.41223],[-40.38972,-20.40914],[-40.38955,-20.40865],[-40.37362,-20.40308],[-40.37215,-20.40077],[-40.37083,-20.4],[-40.37043,-20.39973],[-40.37038,-20.39969],[-40.37031,-20.39965],[-40.37052,-20.39952],[-40.37101,-20.39895],[-40.37118,-20.39883],[-40.37119,-20.39882],[-40.37123,-20.39881],[-40.37123,-20.3988],[-40.37134,-20.39876],[-40.37169,-20.39882],[-40.37268,-20.39838],[-40.37293,-20.39811],[-40.37333,-20.39768],[-40.37363,-20.39738],[-40.37386,-20.39707],[-40.37429,-20.39675],[-40.37439,-20.39675],[-40.37446,-20.39675],[-40.37533,-20.39734],[-40.3761,-20.39763],[-40.37621,-20.39746],[-40.37637,-20.39736],[-40.37641,-20.39735],[-40.37642,-20.39734],[-40.3765,-20.39731],[-40.37666,-20.39709],[-40.37677,-20.39647],[-40.37675,-20.3963],[-40.37675,-20.39627],[-40.37673,-20.39613],[-40.37677,-20.39606],[-40.3768,-20.39598],[-40.37682,-20.39597],[-40.37683,-20.39596],[-40.37689,-20.39589],[-40.37713,-20.39584],[-40.37718,-20.39583],[-40.37728,-20.39568],[-40.37738,-20.39563],[-40.37743,-20.39561],[-40.37753,-20.39557],[-40.37756,-20.39556],[-40.37777,-20.39542],[-40.37796,-20.39533],[-40.37798,-20.39532],[-40.37802,-20.3953],[-40.37835,-20.39521],[-40.37863,-20.39521],[-40.3787,-20.39522],[-40.37889,-20.39524],[-40.37895,-20.39525],[-40.37917,-20.39533],[-40.37944,-20.39519],[-40.37955,-20.39535],[-40.37956,-20.39546],[-40.37957,-20.39551],[-40.3796,-20.39566],[-40.37961,-20.39568],[-40.37964,-20.39577],[-40.37976,-20.39584],[-40.37988,-20.39583],[-40.38004,-20.39583],[-40.38008,-20.39596],[-40.38004,-20.39603],[-40.38008,-20.3961],[-40.3801,-20.39612],[-40.38017,-20.39621],[-40.38022,-20.39625],[-40.3803,-20.39632],[-40.38052,-20.39644],[-40.38057,-20.39648],[-40.38057,-20.39649],[-40.38066,-20.39657],[-40.38085,-20.39676],[-40.38106,-20.39702],[-40.38124,-20.39713],[-40.38199,-20.3968],[-40.38208,-20.39668],[-40.38209,-20.39665],[-40.3821,-20.39665],[-40.38212,-20.3966],[-40.38225,-20.39656],[-40.38226,-20.39647],[-40.38232,-20.39647],[-40.38235,-20.39647],[-40.38236,-20.39648],[-40.38237,-20.39648],[-40.38239,-20.39648],[-40.38243,-20.3964],[-40.38244,-20.3963],[-40.38241,-20.39622],[-40.38241,-20.39621],[-40.38241,-20.3962],[-40.3826,-20.39557],[-40.3829,-20.39513],[-40.38298,-20.39509],[-40.383,-20.39512],[-40.38302,-20.39513],[-40.38302,-20.39514],[-40.38303,-20.39514],[-40.38302,-20.39537],[-40.38311,-20.3954],[-40.38329,-20.3954],[-40.38349,-20.39531],[-40.38353,-20.39529],[-40.38357,-20.39526],[-40.38366,-20.3952],[-40.38367,-20.39508],[-40.38361,-20.39492],[-40.3836,-20.3949],[-40.38359,-20.39489],[-40.38357,-20.39487],[-40.38355,-20.39484],[-40.38351,-20.39465],[-40.38354,-20.39424],[-40.38361,-20.3942],[-40.38362,-20.3942],[-40.3837,-20.39419],[-40.38378,-20.39419],[-40.38391,-20.39417],[-40.38422,-20.39408],[-40.38425,-20.39396],[-40.38417,-20.39397],[-40.38409,-20.39399],[-40.38405,-20.39399],[-40.38405,-20.39354],[-40.38504,-20.3943],[-40.38531,-20.39418],[-40.38535,-20.39425],[-40.38533,-20.39436],[-40.38526,-20.39445],[-40.38525,-20.39454],[-40.38527,-20.39461],[-40.38535,-20.39465],[-40.38548,-20.39457],[-40.38555,-20.39459],[-40.38605,-20.3952],[-40.38648,-20.39514],[-40.38654,-20.39519],[-40.38654,-20.39522],[-40.38655,-20.39523],[-40.38655,-20.39524],[-40.38655,-20.39533],[-40.38656,-20.39546],[-40.38659,-20.39548],[-40.3866,-20.39549],[-40.38664,-20.39553],[-40.38677,-20.39554],[-40.38699,-20.3954],[-40.38764,-20.39512],[-40.38829,-20.39493],[-40.38855,-20.39449],[-40.38966,-20.39536],[-40.38984,-20.39524],[-40.38997,-20.39526],[-40.39,-20.3953],[-40.39,-20.39531],[-40.39001,-20.39538],[-40.39002,-20.39563],[-40.39004,-20.39563],[-40.39005,-20.39563],[-40.39014,-20.39565],[-40.39025,-20.39565],[-40.39051,-20.39547],[-40.39062,-20.39553],[-40.39042,-20.39588],[-40.39042,-20.3959],[-40.39042,-20.39591],[-40.39042,-20.39592],[-40.39042,-20.39593],[-40.39043,-20.39594],[-40.39044,-20.39597],[-40.39045,-20.39597],[-40.3905,-20.39598],[-40.39056,-20.39595],[-40.39066,-20.39593],[-40.39072,-20.39591],[-40.3908,-20.39591],[-40.39081,-20.39591],[-40.39082,-20.39591],[-40.39083,-20.39592],[-40.39083,-20.39593],[-40.39087,-20.39597],[-40.39092,-20.39605],[-40.39091,-20.39614],[-40.39076,-20.39615],[-40.39072,-20.39616],[-40.3907,-20.39619],[-40.3907,-20.39623],[-40.39072,-20.39626],[-40.39074,-20.39629],[-40.39079,-20.39635],[-40.39084,-20.39643],[-40.39111,-20.39602],[-40.39114,-20.39602],[-40.39117,-20.39606],[-40.39119,-20.39608],[-40.3912,-20.39608],[-40.39122,-20.39609],[-40.39107,-20.39694],[-40.39056,-20.39807],[-40.38984,-20.39852],[-40.38965,-20.39934],[-40.3913,-20.40384],[-40.39133,-20.40452],[-40.39197,-20.40411],[-40.39353,-20.4038],[-40.39491,-20.40412],[-40.39523,-20.40459],[-40.39487,-20.40571],[-40.39513,-20.40726],[-40.39601,-20.40835],[-40.39672,-20.40878],[-40.39732,-20.40972],[-40.39701,-20.41145],[-40.39787,-20.4122],[-40.39896,-20.41215],[-40.39945,-20.41267],[-40.39954,-20.41388],[-40.39915,-20.41665],[-40.39954,-20.41921],[-40.40078,-20.42111],[-40.40102,-20.42105],[-40.39838,-20.42346]]]},"properties":{"nome":"Coqueiral de Viana","municipio":"Viana"}},
{"type":"Feature","geometry":{"type":"Polygon","coordinates":[[[-40.42295,-20.36742],[-40.42368,-20.36565],[-40.42334,-20.36326],[-40.42347,-20.36227],[-40.42298,-20.36201],[-40.42219,-20.36221],[-40.42213,-20.35969],[-40.42098,-20.35919],[-40.42125,-20.35823],[-40.42292,-20.35853],[-40.42478,-20.35833],[-40.42464,-20.35909],[-40.42574,-20.35989],[-40.42544,-20.36067],[-40.42574,-20.36134],[-40.42589,-20.36162],[-40.42658,-20.36158],[-40.42689,-20.36189],[-40.42777,-20.3644],[-40.42857,-20.36558],[-40.42892,-20.3702],[-40.42796,-20.37013],[-40.42779,-20.36981],[-40.42512,-20.36822],[-40.42295,-20.36742]]]},"properties":{"nome":"Soteco","municipio":"Viana"}},
{"type":"Feature","geometry":{"type":"Polygon","coordinates":[[[-40.20199,-20.12909],[-40.20288,-20.12878],[-40.20299,-20.12961],[-40.20313,-20.12938],[-40.20373,-20.12931],[-40.20431,-20.12782],[-40.20794,-20.12569],[-40.20867,-20.12561],[-40.21008,-20.12622],[-40.21294,-20.12907],[-40.21323,-20.12909],[-40.21403,-20.12763],[-40.21604,-20.12933],[-40.21677,-20.13069],[-40.20969,-20.13084],[-40.20881,-20.13306],[-40.20772,-20.13134],[-40.20571,-20.13133],[-40.20428,-20.13191],[-40.20273,-20.13192],[-40.20266,-20.13071],[-40.20199,-20.12909]]]},"properties":{"nome":"Lagoa de Jacaraípe","municipio":"Serra"}},
{"type":"Feature","geometry":{"type":"Polygon","coordinates":[[[-40.40906,-20.36846],[-40.41761,-20.36748],[-40.42149,-20.36767],[-40.42151,-20.37252],[-40.42243,-20.37786],[-40.42222,-20.37817],[-40.4207,-20.37843],[-40.42473,-20.38003],[-40.42408,-20.38035],[-40.42388,-20.38084],[-40.42607,-20.38166],[-40.42571,-20.38241],[-40.42461,-20.38317],[-40.42247,-20.38301],[-40.4208,-20.38254],[-40.4196,-20.3838],[-40.41754,-20.38182],[-40.41621,-20.38109],[-40.41492,-20.38096],[-40.41577,-20.37995],[-40.41662,-20.3794],[-40.41666,-20.37882],[-40.41626,-20.37816],[-40.41451,-20.37783],[-40.41243,-20.3767],[-40.41014,-20.37604],[-40.41014,-20.37446],[-40.41175,-20.37413],[-40.41174,-20.37261],[-40.41025,-20.37263],[-40.40906,-20.36846]]]},"properties":{"nome":"Nova Bethânia","municipio":"Viana"}},
{"type":"Feature","geometry":{"type":"Polygon","coordinates":[[[-40.42473,-20.38003],[-40.4207,-20.37843],[-40.42222,-20.37817],[-40.42243,-20.37786],[-40.42151,-20.37252],[-40.42149,-20.36767],[-40.42327,-20.36811],[-40.42318,-20.3683],[-40.42376,-20.36863],[-40.42362,-20.37006],[-40.42382,-20.371],[-40.42614,-20.37103],[-40.42714,-20.37153],[-40.42791,-20.37082],[-40.42853,-20.37143],[-40.42775,-20.37307],[-40.42751,-20.37573],[-40.42791,-20.37684],[-40.42615,-20.37878],[-40.42594,-20.37943],[-40.42473,-20.38003]]]},"properties":{"nome":"Vale do Sol","municipio":"Viana"}},
{"type":"Feature","geometry":{"type":"Polygon","coordinates":[[[-40.41006,-20.35079],[-40.41005,-20.35054],[-40.41001,-20.35026],[-40.41001,-20.35022],[-40.41001,-20.35007],[-40.41001,-20.35003],[-40.41001,-20.35001],[-40.41013,-20.34965],[-40.41032,-20.34935],[-40.41044,-20.34926],[-40.41055,-20.34917],[-40.41137,-20.34879],[-40.41144,-20.34877],[-40.41166,-20.34869],[-40.41187,-20.34862],[-40.41194,-20.34859],[-40.41195,-20.34859],[-40.41196,-20.34858],[-40.41207,-20.34881],[-40.41214,-20.34897],[-40.41237,-20.34946],[-40.41248,-20.34969],[-40.41259,-20.34994],[-40.41273,-20.35024],[-40.413,-20.35078],[-40.41352,-20.35151],[-40.41896,-20.35688],[-40.41863,-20.3582],[-40.41717,-20.35799],[-40.41608,-20.35707],[-40.41524,-20.35676],[-40.41118,-20.35931],[-40.41029,-20.36132],[-40.40926,-20.36307],[-40.409,-20.36313],[-40.40862,-20.36469],[-40.40858,-20.36696],[-40.40795,-20.3683],[-40.40584,-20.36809],[-40.40496,-20.36811],[-40.40486,-20.36808],[-40.40483,-20.36803],[-40.40481,-20.368],[-40.40476,-20.36791],[-40.40473,-20.36777],[-40.40472,-20.36776],[-40.40471,-20.36771],[-40.40469,-20.36762],[-40.40462,-20.36738],[-40.40455,-20.36712],[-40.40452,-20.36697],[-40.40449,-20.36687],[-40.40449,-20.3668],[-40.40449,-20.36676],[-40.40462,-20.36655],[-40.40428,-20.36557],[-40.40424,-20.36448],[-40.40399,-20.36411],[-40.40379,-20.36397],[-40.40366,-20.36383],[-40.40341,-20.36355],[-40.40327,-20.36337],[-40.40326,-20.36333],[-40.40321,-20.36319],[-40.40321,-20.36318],[-40.40325,-20.36289],[-40.40337,-20.36248],[-40.40344,-20.36227],[-40.40351,-20.36205],[-40.4036,-20.3617],[-40.40366,-20.36145],[-40.40366,-20.36143],[-40.40369,-20.36129],[-40.40376,-20.36094],[-40.40378,-20.3608],[-40.40382,-20.36058],[-40.40406,-20.35998],[-40.4041,-20.35983],[-40.40409,-20.35982],[-40.40407,-20.35974],[-40.40407,-20.35973],[-40.40409,-20.35959],[-40.40413,-20.35954],[-40.40415,-20.35953],[-40.40425,-20.35943],[-40.40428,-20.35933],[-40.40428,-20.35903],[-40.40422,-20.35894],[-40.40416,-20.3589],[-40.40416,-20.35878],[-40.40447,-20.3588],[-40.4046,-20.35877],[-40.40479,-20.35858],[-40.40481,-20.35857],[-40.4051,-20.3586],[-40.40521,-20.35858],[-40.40534,-20.35859],[-40.40571,-20.3587],[-40.40572,-20.3587],[-40.40578,-20.3587],[-40.40585,-20.35867],[-40.40598,-20.3586],[-40.40604,-20.3585],[-40.40625,-20.35793],[-40.40625,-20.35788],[-40.40625,-20.35781],[-40.40622,-20.3577],[-40.40621,-20.35765],[-40.40622,-20.35761],[-40.40622,-20.35758],[-40.40643,-20.35709],[-40.40653,-20.35693],[-40.40657,-20.35674],[-40.40657,-20.35669],[-40.40652,-20.35644],[-40.40652,-20.3564],[-40.40655,-20.35625],[-40.40657,-20.35621],[-40.40795,-20.35527],[-40.40798,-20.35525],[-40.4082,-20.35503],[-40.40822,-20.35496],[-40.40824,-20.3549],[-40.40825,-20.35475],[-40.40812,-20.35346],[-40.40813,-20.3534],[-40.40817,-20.35336],[-40.4082,-20.35332],[-40.40832,-20.35324],[-40.40905,-20.35299],[-40.40918,-20.35291],[-40.40974,-20.35226],[-40.40978,-20.35216],[-40.41002,-20.35173],[-40.41008,-20.35159],[-40.41008,-20.35151],[-40.41002,-20.35138],[-40.41,-20.351],[-40.41,-20.35094],[-40.41005,-20.35081],[-40.41006,-20.35079]]]},"properties":{"nome":"Vila Bethânia","municipio":"Viana"}},
{"type":"Feature","geometry":{"type":"Polygon","coordinates":[[[-40.27348,-20.1996],[-40.27428,-20.19894],[-40.2753,-20.19921],[-40.2756,-20.20012],[-40.27657,-20.20538],[-40.27735,-20.20638],[-40.27698,-20.20833],[-40.27699,-20.21045],[-40.27505,-20.21192],[-40.27512,-20.21237],[-40.27446,-20.2134],[-40.27415,-20.21324],[-40.27308,-20.21253],[-40.27367,-20.21143],[-40.27237,-20.2108],[-40.27266,-20.20983],[-40.27218,-20.2072],[-40.27225,-20.2037],[-40.2717,-20.20118],[-40.27348,-20.1996]]]},"properties":{"nome":"Jardim Tropical","municipio":"Serra"}},
{"type":"Feature","geometry":{"type":"Polygon","coordinates":[[[-40.19922,-20.18035],[-40.20233,-20.17875],[-40.20337,-20.1791],[-40.2056,-20.17811],[-40.20587,-20.17787],[-40.20553,-20.17728],[-40.20573,-20.17639],[-40.2066,-20.17588],[-40.20949,-20.1758],[-40.20958,-20.1755],[-40.20988,-20.17577],[-40.21131,-20.17591],[-40.21483,-20.17474],[-40.21964,-20.17373],[-40.22047,-20.17512],[-40.22126,-20.17531],[-40.21807,-20.17737],[-40.21932,-20.18068],[-40.21911,-20.18297],[-40.21883,-20.18331],[-40.21367,-20.18516],[-40.21275,-20.18595],[-40.21256,-20.18671],[-40.21003,-20.18975],[-40.20921,-20.19021],[-40.20822,-20.19036],[-40.20741,-20.19005],[-40.20688,-20.18933],[-40.20573,-20.18615],[-40.20469,-20.18666],[-40.20313,-20.18646],[-40.20114,-20.1856],[-40.20005,-20.18476],[-40.20066,-20.18334],[-40.20067,-20.18226],[-40.19922,-20.18035]]]},"properties":{"nome":"Vila Nova de Colares","municipio":"Serra"}},
{"type":"Feature","geometry":{"type":"Polygon","coordinates":[[[-40.20688,-20.18933],[-40.20741,-20.19005],[-40.20822,-20.19036],[-40.20921,-20.19021],[-40.21003,-20.18975],[-40.21256,-20.18671],[-40.21313,-20.18742],[-40.2146,-20.18774],[-40.21688,-20.18726],[-40.2177,-20.18806],[-40.21863,-20.18851],[-40.22101,-20.18851],[-40.22482,-20.18901],[-40.22779,-20.18817],[-40.22815,-20.18826],[-40.23074,-20.18887],[-40.23171,-20.18871],[-40.23249,-20.18915],[-40.23318,-20.18881],[-40.23396,-20.18888],[-40.2345,-20.18925],[-40.23492,-20.19018],[-40.23502,-20.19338],[-40.23644,-20.19461],[-40.23735,-20.19484],[-40.23891,-20.19477],[-40.23879,-20.19607],[-40.23985,-20.19854],[-40.23958,-20.20061],[-40.23912,-20.20064],[-40.23828,-20.20076],[-40.23509,-20.19924],[-40.23358,-20.19891],[-40.23269,-20.20004],[-40.23107,-20.20008],[-40.23019,-20.20123],[-40.22717,-20.20221],[-40.22629,-20.20179],[-40.22456,-20.20247],[-40.22346,-20.20243],[-40.22132,-20.20333],[-40.22076,-20.20428],[-40.21845,-20.20264],[-40.20274,-20.19155],[-40.20332,-20.19159],[-40.20439,-20.19219],[-40.20496,-20.19168],[-40.20544,-20.19171],[-40.20569,-20.19067],[-40.20688,-20.18933]]]},"properties":{"nome":"Morada de Laranjeiras","municipio":"Serra"}},
{"type":"Feature","geometry":{"type":"Polygon","coordinates":[[[-40.246,-20.14579],[-40.24622,-20.14445],[-40.24661,-20.14386],[-40.24839,-20.14237],[-40.24895,-20.1424],[-40.24912,-20.14122],[-40.24961,-20.14015],[-40.2494,-20.13972],[-40.24988,-20.13878],[-40.2523,-20.13916],[-40.25198,-20.13945],[-40.25312,-20.14019],[-40.25405,-20.14008],[-40.25481,-20.14044],[-40.25514,-20.14015],[-40.25656,-20.14147],[-40.25769,-20.1418],[-40.25795,-20.14103],[-40.26082,-20.14098],[-40.26213,-20.14086],[-40.26235,-20.14206],[-40.26191,-20.14404],[-40.26076,-20.14344],[-40.25711,-20.14567],[-40.25678,-20.14639],[-40.25579,-20.14638],[-40.25491,-20.14688],[-40.25436,-20.14737],[-40.25323,-20.14996],[-40.25259,-20.15025],[-40.25154,-20.14958],[-40.25012,-20.14909],[-40.24915,-20.14837],[-40.24753,-20.14632],[-40.246,-20.14579]]]},"properties":{"nome":"Novo Porto Canoa","municipio":"Serra"}},
{"type":"Feature","geometry":{"type":"Polygon","coordinates":[[[-40.19038,-20.18203],[-40.19126,-20.18196],[-40.19384,-20.18525],[-40.20274,-20.19155],[-40.21845,-20.20264],[-40.21726,-20.20366],[-40.21632,-20.20404],[-40.21312,-20.2031],[-40.21236,-20.20313],[-40.21101,-20.20434],[-40.20884,-20.20516],[-40.20902,-20.2079],[-40.20864,-20.20831],[-40.20769,-20.20859],[-40.20671,-20.20838],[-40.20646,-20.20919],[-40.20529,-20.20858],[-40.2045,-20.20863],[-40.20359,-20.2077],[-40.2017,-20.20717],[-40.20146,-20.20643],[-40.20189,-20.20591],[-40.20116,-20.20595],[-40.20106,-20.20498],[-40.20003,-20.20525],[-40.19947,-20.20629],[-40.19959,-20.20715],[-40.20048,-20.20846],[-40.20027,-20.20934],[-40.19962,-20.20919],[-40.199,-20.20805],[-40.19821,-20.20763],[-40.1979,-20.20776],[-40.19658,-20.20575],[-40.1957,-20.20294],[-40.19492,-20.20139],[-40.19324,-20.20008],[-40.19201,-20.19952],[-40.19207,-20.19716],[-40.19024,-20.19352],[-40.19038,-20.19222],[-40.19097,-20.19062],[-40.19043,-20.18727],[-40.19008,-20.18664],[-40.19107,-20.1861],[-40.1911,-20.18545],[-40.1917,-20.18458],[-40.19103,-20.18279],[-40.19038,-20.18203]]]},"properties":{"nome":"Manguinhos","municipio":"Serra"}},
{"type":"Feature","geometry":{"type":"Polygon","coordinates":[[[-40.27167,-20.23515],[-40.27254,-20.23502],[-40.27278,-20.2357],[-40.27302,-20.23561],[-40.27327,-20.23605],[-40.27653,-20.23569],[-40.27879,-20.23895],[-40.27794,-20.23895],[-40.27432,-20.24139],[-40.2736,-20.24008],[-40.27306,-20.2405],[-40.27165,-20.23921],[-40.27258,-20.23711],[-40.27194,-20.23572],[-40.27167,-20.23515]]]},"properties":{"nome":"Eurico Salles","municipio":"Serra"}},
{"type":"Feature","geometry":{"type":"Polygon","coordinates":[[[-40.24276,-20.14589],[-40.24518,-20.14605],[-40.246,-20.14579],[-40.24753,-20.14632],[-40.24915,-20.14837],[-40.25012,-20.14909],[-40.25154,-20.14958],[-40.25259,-20.15025],[-40.25486,-20.15214],[-40.2551,-20.1532],[-40.25624,-20.15319],[-40.25513,-20.15495],[-40.25661,-20.15814],[-40.25614,-20.15967],[-40.25609,-20.15974],[-40.25291,-20.1579],[-40.2526,-20.15738],[-40.2526,-20.15635],[-40.25141,-20.15669],[-40.25025,-20.15648],[-40.24926,-20.15571],[-40.24765,-20.15514],[-40.24408,-20.15563],[-40.2474,-20.14987],[-40.24402,-20.14724],[-40.24276,-20.14589]]]},"properties":{"nome":"Porto Canoa","municipio":"Serra"}},
{"type":"Feature","geometry":{"type":"Polygon","coordinates":[[[-40.25938,-20.18247],[-40.25978,-20.1821],[-40.25953,-20.18174],[-40.26074,-20.18061],[-40.2636,-20.18019],[-40.26364,-20.1799],[-40.26428,-20.17987],[-40.26434,-20.1795],[-40.26531,-20.17914],[-40.26541,-20.18163],[-40.26651,-20.18371],[-40.26523,-20.18401],[-40.26413,-20.18381],[-40.26326,-20.18401],[-40.26302,-20.18523],[-40.2619,-20.18534],[-40.26213,-20.18428],[-40.26081,-20.18368],[-40.26017,-20.18283],[-40.25938,-20.18247]]]},"properties":{"nome":"Taquara I","municipio":"Serra"}},
{"type":"Feature","geometry":{"type":"Polygon","coordinates":[[[-40.20181,-20.15437],[-40.20234,-20.15376],[-40.20296,-20.15371],[-40.2032,-20.15291],[-40.2042,-20.15247],[-40.20557,-20.15272],[-40.20663,-20.15247],[-40.20933,-20.15299],[-40.2109,-20.15467],[-40.21401,-20.15733],[-40.21663,-20.15892],[-40.2153,-20.16131],[-40.21533,-20.16201],[-40.21593,-20.1625],[-40.21721,-20.1629],[-40.21777,-20.16398],[-40.21896,-20.16475],[-40.21975,-20.16644],[-40.22123,-20.1674],[-40.22166,-20.16854],[-40.22054,-20.16984],[-40.22081,-20.17149],[-40.22047,-20.17512],[-40.21964,-20.17373],[-40.21917,-20.17318],[-40.21524,-20.17159],[-40.21369,-20.17026],[-40.21297,-20.17009],[-40.21173,-20.1681],[-40.21167,-20.16721],[-40.211,-20.16557],[-40.20997,-20.16447],[-40.20911,-20.164],[-40.20675,-20.16441],[-40.20606,-20.16325],[-40.20515,-20.16307],[-40.20476,-20.16273],[-40.20483,-20.16149],[-40.20586,-20.16032],[-40.20585,-20.15979],[-40.20485,-20.15817],[-40.20371,-20.15731],[-40.20304,-20.15534],[-40.20181,-20.15437]]]},"properties":{"nome":"Boulevard Lagoa","municipio":"Serra"}},
{"type":"Feature","geometry":{"type":"Polygon","coordinates":[[[-40.18185,-20.13755],[-40.18613,-20.13657],[-40.19433,-20.13371],[-40.19481,-20.13495],[-40.19354,-20.13859],[-40.19442,-20.13998],[-40.19331,-20.14161],[-40.1903,-20.14186],[-40.18264,-20.14329],[-40.18148,-20.14143],[-40.18193,-20.13895],[-40.18185,-20.13755]]]},"properties":{"nome":"Jardim Atlântico","municipio":"Serra"}},
{"type":"Feature","geometry":{"type":"Polygon","coordinates":[[[-40.29666,-20.12315],[-40.29727,-20.12191],[-40.2997,-20.11964],[-40.30029,-20.12017],[-40.30077,-20.12082],[-40.30089,-20.12109],[-40.29986,-20.12272],[-40.29897,-20.12355],[-40.29782,-20.12378],[-40.29666,-20.12315]]]},"properties":{"nome":"Jardim Guanabara","municipio":"Serra"}},
{"type":"Feature","geometry":{"type":"Polygon","coordinates":[[[-40.2705,-20.18963],[-40.27313,-20.18958],[-40.27512,-20.19071],[-40.28053,-20.19183],[-40.28023,-20.19298],[-40.28084,-20.19388],[-40.28006,-20.19451],[-40.2785,-20.19384],[-40.27803,-20.19482],[-40.27699,-20.19442],[-40.27523,-20.1937],[-40.27537,-20.1934],[-40.27359,-20.19284],[-40.27195,-20.19176],[-40.27149,-20.19276],[-40.2699,-20.19229],[-40.27054,-20.19073],[-40.2705,-20.18963]]]},"properties":{"nome":"José de Anchieta III","municipio":"Serra"}},
{"type":"Feature","geometry":{"type":"Polygon","coordinates":[[[-40.29344,-20.13315],[-40.29897,-20.1283],[-40.29926,-20.12865],[-40.29985,-20.12878],[-40.30037,-20.13049],[-40.30111,-20.13153],[-40.3023,-20.13127],[-40.30283,-20.13147],[-40.30316,-20.13174],[-40.30283,-20.13197],[-40.30385,-20.13347],[-40.3034,-20.13439],[-40.3035,-20.13557],[-40.30515,-20.13516],[-40.30763,-20.13476],[-40.30785,-20.13602],[-40.3077,-20.13671],[-40.30822,-20.13742],[-40.30759,-20.13771],[-40.30604,-20.13782],[-40.30494,-20.13834],[-40.30455,-20.13771],[-40.30348,-20.1376],[-40.30316,-20.13872],[-40.30387,-20.14226],[-40.3034,-20.14357],[-40.30302,-20.14421],[-40.30112,-20.14543],[-40.30008,-20.14567],[-40.29874,-20.14378],[-40.29825,-20.14259],[-40.29854,-20.14244],[-40.2974,-20.14077],[-40.29741,-20.1404],[-40.29789,-20.1405],[-40.29869,-20.13997],[-40.29621,-20.13636],[-40.29566,-20.13604],[-40.29505,-20.13514],[-40.29535,-20.13419],[-40.29328,-20.1334],[-40.29344,-20.13315]]]},"properties":{"nome":"Vista da Serra I","municipio":"Serra"}},
{"type":"Feature","geometry":{"type":"Polygon","coordinates":[[[-40.3045,-20.12363],[-40.30483,-20.12335],[-40.30658,-20.12666],[-40.30541,-20.12712],[-40.30587,-20.12885],[-40.3049,-20.12905],[-40.29985,-20.12878],[-40.29926,-20.12865],[-40.29897,-20.1283],[-40.30262,-20.12523],[-40.3045,-20.12363]]]},"properties":{"nome":"Caçaroca","municipio":"Serra"}},
{"type":"Feature","geometry":{"type":"Polygon","coordinates":[[[-40.25026,-20.13173],[-40.25078,-20.13061],[-40.25224,-20.12934],[-40.25323,-20.12998],[-40.25464,-20.1326],[-40.25864,-20.13558],[-40.26086,-20.13787],[-40.2614,-20.13964],[-40.26082,-20.14098],[-40.25795,-20.14103],[-40.25769,-20.1418],[-40.25656,-20.14147],[-40.25514,-20.14015],[-40.25481,-20.14044],[-40.25405,-20.14008],[-40.25312,-20.14019],[-40.25198,-20.13945],[-40.2523,-20.13916],[-40.24988,-20.13878],[-40.25011,-20.13816],[-40.25012,-20.13539],[-40.25096,-20.13373],[-40.25037,-20.1328],[-40.25026,-20.13173]]]},"properties":{"nome":"Serra Dourada III","municipio":"Serra"}},
{"type":"Feature","geometry":{"type":"Polygon","coordinates":[[[-40.27124,-20.22068],[-40.27187,-20.22044],[-40.27246,-20.22155],[-40.27224,-20.22398],[-40.27326,-20.22462],[-40.27433,-20.22375],[-40.27514,-20.2244],[-40.27341,-20.22601],[-40.27105,-20.22716],[-40.27104,-20.22715],[-40.27052,-20.22551],[-40.27029,-20.22185],[-40.27026,-20.22098],[-40.27124,-20.22068]]]},"properties":{"nome":"Diamantina","municipio":"Serra"}},
{"type":"Feature","geometry":{"type":"Polygon","coordinates":[[[-40.26871,-20.23785],[-40.26801,-20.23641],[-40.26614,-20.23513],[-40.26557,-20.23259],[-40.267,-20.23174],[-40.26669,-20.23127],[-40.26889,-20.23],[-40.2714,-20.23396],[-40.27167,-20.23515],[-40.27194,-20.23572],[-40.27133,-20.23586],[-40.27066,-20.23656],[-40.26898,-20.2372],[-40.26871,-20.23785]]]},"properties":{"nome":"Manoel Plaza","municipio":"Serra"}},
{"type":"Feature","geometry":{"type":"Polygon","coordinates":[[[-40.27542,-20.21545],[-40.27903,-20.21421],[-40.28011,-20.21493],[-40.28139,-20.21523],[-40.2806,-20.21643],[-40.27514,-20.2244],[-40.27433,-20.22375],[-40.27326,-20.22462],[-40.27224,-20.22398],[-40.27246,-20.22155],[-40.27187,-20.22044],[-40.27124,-20.22068],[-40.27132,-20.21965],[-40.27191,-20.21883],[-40.27207,-20.2177],[-40.27286,-20.21655],[-40.27324,-20.2167],[-40.27465,-20.21648],[-40.27491,-20.21616],[-40.27476,-20.21571],[-40.27542,-20.21545]]]},"properties":{"nome":"Central Carapina","municipio":"Serra"}},
{"type":"Feature","geometry":{"type":"Polygon","coordinates":[[[-40.30445,-20.1301],[-40.3057,-20.13017],[-40.30619,-20.12949],[-40.30779,-20.13021],[-40.30743,-20.13062],[-40.3064,-20.13079],[-40.30744,-20.1337],[-40.30677,-20.13424],[-40.30623,-20.13428],[-40.30607,-20.13407],[-40.30511,-20.13436],[-40.30515,-20.13516],[-40.3035,-20.13557],[-40.3034,-20.13439],[-40.30385,-20.13347],[-40.3049,-20.13318],[-40.30541,-20.13196],[-40.30428,-20.13055],[-40.30445,-20.1301]]]},"properties":{"nome":"São Lourenço","municipio":"Serra"}},
{"type":"Feature","geometry":{"type":"Polygon","coordinates":[[[-40.31391,-20.13146],[-40.31597,-20.13214],[-40.31763,-20.13241],[-40.31958,-20.13221],[-40.32057,-20.13255],[-40.32059,-20.13321],[-40.31984,-20.13422],[-40.31941,-20.13436],[-40.31881,-20.13392],[-40.31865,-20.13403],[-40.31927,-20.13468],[-40.31844,-20.1359],[-40.31871,-20.136],[-40.31948,-20.13473],[-40.32083,-20.13331],[-40.32038,-20.13412],[-40.32055,-20.13514],[-40.31909,-20.13611],[-40.31742,-20.13627],[-40.31654,-20.13699],[-40.31649,-20.13768],[-40.31609,-20.13833],[-40.31642,-20.13856],[-40.31602,-20.13924],[-40.31623,-20.13962],[-40.31571,-20.14055],[-40.31587,-20.1411],[-40.31487,-20.14436],[-40.31511,-20.14505],[-40.3124,-20.14521],[-40.31224,-20.14034],[-40.3119,-20.14004],[-40.31113,-20.14003],[-40.3101,-20.13895],[-40.31035,-20.13733],[-40.30954,-20.13558],[-40.31001,-20.13421],[-40.3115,-20.13242],[-40.31297,-20.13234],[-40.31331,-20.13161],[-40.31391,-20.13146]]]},"properties":{"nome":"Cascata","municipio":"Serra"}},
{"type":"Feature","geometry":{"type":"Polygon","coordinates":[[[-40.26979,-20.22773],[-40.27104,-20.22715],[-40.27105,-20.22716],[-40.27508,-20.23355],[-40.27653,-20.23569],[-40.27327,-20.23605],[-40.27302,-20.23561],[-40.27278,-20.2357],[-40.27254,-20.23502],[-40.27167,-20.23515],[-40.2714,-20.23396],[-40.26889,-20.23],[-40.26968,-20.22874],[-40.27004,-20.22867],[-40.26979,-20.22773]]]},"properties":{"nome":"Rosário de Fátima","municipio":"Serra"}},
{"type":"Feature","geometry":{"type":"Polygon","coordinates":[[[-40.20019,-20.12958],[-40.20026,-20.12973],[-40.20199,-20.12909],[-40.20266,-20.13071],[-40.20273,-20.13192],[-40.20428,-20.13191],[-40.20571,-20.13133],[-40.20772,-20.13134],[-40.20881,-20.13306],[-40.20969,-20.13084],[-40.21677,-20.13069],[-40.21683,-20.13208],[-40.21657,-20.1331],[-40.21569,-20.13441],[-40.21218,-20.1371],[-40.20783,-20.14186],[-40.20704,-20.14209],[-40.20581,-20.14132],[-40.20483,-20.14116],[-40.20252,-20.13957],[-40.1955,-20.13473],[-40.19481,-20.13495],[-40.19433,-20.13371],[-40.19506,-20.13347],[-40.1949,-20.13301],[-40.19674,-20.1323],[-40.19628,-20.13067],[-40.20019,-20.12958]]]},"properties":{"nome":"Residencial Jacaraípe","municipio":"Serra"}},
{"type":"Feature","geometry":{"type":"Polygon","coordinates":[[[-40.27699,-20.19442],[-40.27803,-20.19482],[-40.2785,-20.19384],[-40.28006,-20.19451],[-40.28084,-20.19388],[-40.28175,-20.19475],[-40.2831,-20.19763],[-40.28185,-20.19706],[-40.28136,-20.19713],[-40.27936,-20.19845],[-40.27751,-20.19776],[-40.27798,-20.19682],[-40.27699,-20.19442]]]},"properties":{"nome":"Solar de Anchieta","municipio":"Serra"}},
{"type":"Feature","geometry":{"type":"Polygon","coordinates":[[[-40.20455,-20.04097],[-40.21352,-20.04088],[-40.21374,-20.04069],[-40.21344,-20.03985],[-40.21246,-20.03994],[-40.21186,-20.0377],[-40.21279,-20.0375],[-40.21293,-20.03779],[-40.21354,-20.03723],[-40.21489,-20.03668],[-40.21513,-20.0364],[-40.21503,-20.035],[-40.21522,-20.03483],[-40.21657,-20.03493],[-40.21702,-20.03393],[-40.21974,-20.03345],[-40.22283,-20.03779],[-40.22583,-20.04308],[-40.22718,-20.04456],[-40.22715,-20.04492],[-40.22431,-20.04658],[-40.22734,-20.05297],[-40.21736,-20.05442],[-40.21798,-20.0526],[-40.21671,-20.05315],[-40.21565,-20.05316],[-40.21452,-20.05487],[-40.21458,-20.0558],[-40.21358,-20.05514],[-40.21308,-20.05613],[-40.21166,-20.05703],[-40.21195,-20.05789],[-40.21147,-20.0578],[-40.2101,-20.05818],[-40.2094,-20.05886],[-40.20898,-20.05975],[-40.20685,-20.06015],[-40.20692,-20.05815],[-40.20633,-20.05755],[-40.20618,-20.05068],[-40.20581,-20.04773],[-40.20507,-20.04529],[-40.20516,-20.0438],[-40.20486,-20.04237],[-40.20455,-20.04097]]]},"properties":{"nome":"Parque Residencial Nova Almeida","municipio":"Serra"}},
{"type":"Feature","geometry":{"type":"Polygon","coordinates":[[[-40.26617,-20.24221],[-40.26668,-20.24192],[-40.27095,-20.24369],[-40.26912,-20.24654],[-40.26854,-20.24661],[-40.26568,-20.24316],[-40.26617,-20.24221]]]},"properties":{"nome":"Conjunto Carapina I","municipio":"Serra"}},
{"type":"Feature","geometry":{"type":"Polygon","coordinates":[[[-40.19935,-20.1541],[-40.19983,-20.15461],[-40.20021,-20.15462],[-40.20032,-20.15383],[-40.20079,-20.15395],[-40.20104,-20.15446],[-40.20181,-20.15437],[-40.20304,-20.15534],[-40.20371,-20.15731],[-40.20485,-20.15817],[-40.20585,-20.15979],[-40.20586,-20.16032],[-40.20483,-20.16149],[-40.20476,-20.16273],[-40.20515,-20.16307],[-40.20606,-20.16325],[-40.20675,-20.16441],[-40.20911,-20.164],[-40.20997,-20.16447],[-40.211,-20.16557],[-40.21167,-20.16721],[-40.21173,-20.1681],[-40.21297,-20.17009],[-40.21223,-20.17005],[-40.21206,-20.1709],[-40.21035,-20.17183],[-40.20661,-20.17142],[-40.20583,-20.17177],[-40.20484,-20.17116],[-40.20413,-20.17105],[-40.20229,-20.17183],[-40.20119,-20.17074],[-40.19934,-20.17013],[-40.19793,-20.17006],[-40.19564,-20.1688],[-40.19436,-20.16896],[-40.19258,-20.16903],[-40.19185,-20.16879],[-40.19111,-20.16816],[-40.19032,-20.16821],[-40.18837,-20.16764],[-40.1882,-20.1649],[-40.19573,-20.16013],[-40.19414,-20.15946],[-40.19476,-20.15847],[-40.1961,-20.1584],[-40.19727,-20.15621],[-40.19935,-20.1541]]]},"properties":{"nome":"Portal de Jacaraípe","municipio":"Serra"}},
{"type":"Feature","geometry":{"type":"Polygon","coordinates":[[[-40.32095,-20.12109],[-40.32404,-20.11924],[-40.3238,-20.11995],[-40.32488,-20.11962],[-40.32571,-20.12109],[-40.32589,-20.12224],[-40.3257,-20.12382],[-40.32835,-20.12561],[-40.32783,-20.12631],[-40.32778,-20.12731],[-40.32655,-20.12925],[-40.3255,-20.12917],[-40.3243,-20.12988],[-40.32344,-20.12892],[-40.32366,-20.12876],[-40.32442,-20.12903],[-40.3255,-20.12859],[-40.32611,-20.12737],[-40.32538,-20.12635],[-40.32431,-20.12629],[-40.32382,-20.12699],[-40.32334,-20.12677],[-40.32255,-20.12818],[-40.32222,-20.12827],[-40.32341,-20.12876],[-40.32365,-20.13009],[-40.32205,-20.13122],[-40.32043,-20.13129],[-40.31958,-20.13221],[-40.31763,-20.13241],[-40.31597,-20.13214],[-40.31563,-20.13164],[-40.31647,-20.12885],[-40.3166,-20.12647],[-40.31698,-20.12649],[-40.31691,-20.12465],[-40.31773,-20.12562],[-40.31784,-20.12615],[-40.31948,-20.12645],[-40.32004,-20.12682],[-40.32034,-20.12584],[-40.32027,-20.12445],[-40.32163,-20.12272],[-40.32175,-20.12171],[-40.32228,-20.12172],[-40.32231,-20.12134],[-40.32118,-20.12152],[-40.32095,-20.12109]],[[-40.32002,-20.12764],[-40.31977,-20.12736],[-40.31998,-20.12714],[-40.31963,-20.12681],[-40.31915,-20.12816],[-40.31881,-20.12807],[-40.31806,-20.12908],[-40.31784,-20.13033],[-40.31891,-20.13061],[-40.31994,-20.12946],[-40.32003,-20.12833],[-40.32058,-20.12829],[-40.32034,-20.12764],[-40.32002,-20.12764]]]},"properties":{"nome":"São Marcos I","municipio":"Serra"}},
{"type":"Feature","geometry":{"type":"Polygon","coordinates":[[[-40.26342,-20.14009],[-40.26463,-20.13966],[-40.27477,-20.13966],[-40.27811,-20.13943],[-40.27885,-20.14075],[-40.28306,-20.14628],[-40.28192,-20.14658],[-40.28039,-20.14767],[-40.27765,-20.14765],[-40.27318,-20.14718],[-40.27311,-20.14752],[-40.27133,-20.14849],[-40.27055,-20.14832],[-40.26893,-20.1473],[-40.26766,-20.14716],[-40.26639,-20.14752],[-40.26669,-20.14709],[-40.26676,-20.14612],[-40.26764,-20.14538],[-40.26756,-20.14426],[-40.26567,-20.14476],[-40.26501,-20.14387],[-40.26466,-20.14378],[-40.26342,-20.14009]]]},"properties":{"nome":"Cidade Pomar","municipio":"Serra"}},
{"type":"Feature","geometry":{"type":"Polygon","coordinates":[[[-40.26032,-20.19413],[-40.26256,-20.19399],[-40.26277,-20.19792],[-40.26493,-20.19748],[-40.26505,-20.20098],[-40.2623,-20.20205],[-40.26025,-20.19876],[-40.2593,-20.19821],[-40.25904,-20.19462],[-40.25923,-20.19421],[-40.26032,-20.19413]]]},"properties":{"nome":"Valparaíso","municipio":"Serra"}},
{"type":"Feature","geometry":{"type":"Polygon","coordinates":[[[-40.25814,-20.21826],[-40.2602,-20.21778],[-40.25971,-20.21591],[-40.26108,-20.21557],[-40.26103,-20.21516],[-40.26153,-20.21439],[-40.26216,-20.21676],[-40.26419,-20.21629],[-40.26586,-20.22266],[-40.26198,-20.22359],[-40.26015,-20.22183],[-40.25892,-20.22122],[-40.25814,-20.21826]]]},"properties":{"nome":"São Diogo I","municipio":"Serra"}},
{"type":"Feature","geometry":{"type":"Polygon","coordinates":[[[-40.23854,-20.14678],[-40.24112,-20.14577],[-40.24144,-20.14595],[-40.24276,-20.14589],[-40.24402,-20.14724],[-40.23898,-20.15341],[-40.23803,-20.15549],[-40.23726,-20.15619],[-40.23668,-20.15608],[-40.23375,-20.15333],[-40.23335,-20.15265],[-40.23254,-20.15072],[-40.23281,-20.14934],[-40.23416,-20.14908],[-40.23484,-20.14853],[-40.23599,-20.14822],[-40.23854,-20.14678]]]},"properties":{"nome":"Parque Residencial Tubarão","municipio":"Serra"}},
{"type":"Feature","geometry":{"type":"Polygon","coordinates":[[[-40.28485,-20.2239],[-40.28526,-20.22373],[-40.28634,-20.22513],[-40.28247,-20.22895],[-40.27804,-20.23171],[-40.27779,-20.23078],[-40.27865,-20.22926],[-40.27877,-20.22599],[-40.27947,-20.22545],[-40.28029,-20.22586],[-40.28175,-20.22609],[-40.28168,-20.22561],[-40.2847,-20.22451],[-40.28443,-20.22408],[-40.28485,-20.2239]]]},"properties":{"nome":"André Carloni","municipio":"Serra"}},
{"type":"Feature","geometry":{"type":"Polygon","coordinates":[[[-40.31244,-20.12991],[-40.31218,-20.12925],[-40.31223,-20.12752],[-40.31153,-20.12707],[-40.31181,-20.1259],[-40.31274,-20.12555],[-40.31458,-20.12537],[-40.3152,-20.12658],[-40.31561,-20.12666],[-40.31559,-20.12639],[-40.3166,-20.12647],[-40.31647,-20.12885],[-40.31563,-20.13164],[-40.31597,-20.13214],[-40.31391,-20.13146],[-40.31348,-20.13],[-40.31244,-20.12991]]]},"properties":{"nome":"São Judas Tadeu","municipio":"Serra"}},
{"type":"Feature","geometry":{"type":"Polygon","coordinates":[[[-40.28139,-20.21523],[-40.28278,-20.21388],[-40.28491,-20.21311],[-40.28627,-20.21322],[-40.29043,-20.21434],[-40.29056,-20.21468],[-40.29375,-20.21409],[-40.29465,-20.21358],[-40.29492,-20.21312],[-40.29487,-20.21194],[-40.29554,-20.21054],[-40.29894,-20.20791],[-40.29882,-20.2074],[-40.30081,-20.20667],[-40.29971,-20.20205],[-40.30036,-20.20165],[-40.30765,-20.2],[-40.31453,-20.1987],[-40.31508,-20.20251],[-40.31569,-20.21167],[-40.31048,-20.21005],[-40.29955,-20.21259],[-40.29678,-20.21629],[-40.29502,-20.21935],[-40.29264,-20.2273],[-40.28751,-20.22394],[-40.28634,-20.22513],[-40.28526,-20.22373],[-40.28485,-20.2239],[-40.28432,-20.22304],[-40.28393,-20.22327],[-40.28203,-20.2227],[-40.28315,-20.21982],[-40.28242,-20.22002],[-40.28126,-20.21808],[-40.28108,-20.21677],[-40.2806,-20.21643],[-40.28139,-20.21523]]]},"properties":{"nome":"Terminal Intermodal da Serra","municipio":"Serra"}},
{"type":"Feature","geometry":{"type":"Polygon","coordinates":[[[-40.22047,-20.17512],[-40.22081,-20.17149],[-40.22054,-20.16984],[-40.22166,-20.16854],[-40.22123,-20.1674],[-40.21975,-20.16644],[-40.21896,-20.16475],[-40.21777,-20.16398],[-40.21721,-20.1629],[-40.21593,-20.1625],[-40.21533,-20.16201],[-40.2153,-20.16131],[-40.21663,-20.15892],[-40.21881,-20.15959],[-40.22019,-20.15966],[-40.22169,-20.15915],[-40.22243,-20.15936],[-40.22456,-20.16206],[-40.22799,-20.16485],[-40.23014,-20.16535],[-40.2318,-20.16634],[-40.2339,-20.16648],[-40.23455,-20.16694],[-40.2352,-20.16799],[-40.23658,-20.16832],[-40.23843,-20.16918],[-40.23782,-20.16997],[-40.23805,-20.17131],[-40.23787,-20.17232],[-40.23874,-20.17437],[-40.2405,-20.17499],[-40.24198,-20.17584],[-40.2429,-20.17872],[-40.24451,-20.17909],[-40.2447,-20.17955],[-40.24593,-20.18037],[-40.24961,-20.18211],[-40.25057,-20.18317],[-40.25109,-20.18318],[-40.25144,-20.18408],[-40.25341,-20.18766],[-40.25621,-20.18973],[-40.25658,-20.19192],[-40.25771,-20.19261],[-40.26022,-20.19255],[-40.26032,-20.19413],[-40.25923,-20.19421],[-40.24516,-20.19519],[-40.2448,-20.19565],[-40.24416,-20.19586],[-40.24328,-20.19553],[-40.2428,-20.19451],[-40.23891,-20.19477],[-40.23735,-20.19484],[-40.23644,-20.19461],[-40.23502,-20.19338],[-40.23492,-20.19018],[-40.2345,-20.18925],[-40.23396,-20.18888],[-40.23709,-20.18766],[-40.23735,-20.18691],[-40.23819,-20.18719],[-40.23872,-20.18518],[-40.23451,-20.1833],[-40.23259,-20.18117],[-40.23072,-20.1803],[-40.22126,-20.17531],[-40.22047,-20.17512]]]},"properties":{"nome":"Civit II","municipio":"Serra"}},
{"type":"Feature","geometry":{"type":"Polygon","coordinates":[[[-40.308,-20.12079],[-40.31457,-20.11732],[-40.31514,-20.11939],[-40.31556,-20.12129],[-40.31539,-20.12271],[-40.31455,-20.12451],[-40.31458,-20.12537],[-40.31274,-20.12555],[-40.31181,-20.1259],[-40.31153,-20.12707],[-40.31223,-20.12752],[-40.31218,-20.12925],[-40.31244,-20.12991],[-40.3123,-20.13012],[-40.31097,-20.13028],[-40.31109,-20.12882],[-40.31081,-20.12836],[-40.31023,-20.12842],[-40.30956,-20.12737],[-40.30878,-20.12803],[-40.30888,-20.12861],[-40.30868,-20.12882],[-40.30807,-20.12872],[-40.30779,-20.13021],[-40.30619,-20.12949],[-40.3057,-20.13017],[-40.30445,-20.1301],[-40.3049,-20.12905],[-40.30587,-20.12885],[-40.30541,-20.12712],[-40.30658,-20.12666],[-40.30483,-20.12335],[-40.308,-20.12079]]]},"properties":{"nome":"Serra Centro","municipio":"Serra"}},
{"type":"Feature","geometry":{"type":"Polygon","coordinates":[[[-40.25143,-20.12824],[-40.25633,-20.12856],[-40.25963,-20.12746],[-40.28048,-20.13081],[-40.28271,-20.13165],[-40.28296,-20.13178],[-40.28268,-20.13252],[-40.28342,-20.13436],[-40.28325,-20.13714],[-40.28401,-20.13813],[-40.28505,-20.13852],[-40.28635,-20.1388],[-40.28841,-20.13863],[-40.29012,-20.13771],[-40.29081,-20.13863],[-40.29131,-20.13773],[-40.29229,-20.13689],[-40.29221,-20.14087],[-40.29155,-20.14275],[-40.29075,-20.14434],[-40.28979,-20.14542],[-40.28839,-20.14621],[-40.2867,-20.14651],[-40.28306,-20.14628],[-40.27885,-20.14075],[-40.27811,-20.13943],[-40.27477,-20.13966],[-40.26463,-20.13966],[-40.26342,-20.14009],[-40.26232,-20.14054],[-40.26213,-20.14086],[-40.26082,-20.14098],[-40.2614,-20.13964],[-40.26086,-20.13787],[-40.25864,-20.13558],[-40.25464,-20.1326],[-40.25323,-20.12998],[-40.25224,-20.12934],[-40.25143,-20.12824]]]},"properties":{"nome":"Campinho da Serra I","municipio":"Serra"}},
{"type":"Feature","geometry":{"type":"Polygon","coordinates":[[[-40.1979,-20.20776],[-40.19821,-20.20763],[-40.199,-20.20805],[-40.19962,-20.20919],[-40.20027,-20.20934],[-40.20048,-20.20846],[-40.19959,-20.20715],[-40.19947,-20.20629],[-40.20003,-20.20525],[-40.20106,-20.20498],[-40.20116,-20.20595],[-40.20189,-20.20591],[-40.20146,-20.20643],[-40.2017,-20.20717],[-40.20359,-20.2077],[-40.2045,-20.20863],[-40.20529,-20.20858],[-40.20646,-20.20919],[-40.20671,-20.20838],[-40.20769,-20.20859],[-40.20864,-20.20831],[-40.20902,-20.2079],[-40.20884,-20.20516],[-40.21101,-20.20434],[-40.21236,-20.20313],[-40.21312,-20.2031],[-40.21632,-20.20404],[-40.21726,-20.20366],[-40.21845,-20.20264],[-40.22076,-20.20428],[-40.22141,-20.20469],[-40.22166,-20.20572],[-40.22289,-20.2079],[-40.22463,-20.20915],[-40.22539,-20.20977],[-40.22617,-20.20969],[-40.22649,-20.20932],[-40.22824,-20.20988],[-40.23053,-20.20926],[-40.23137,-20.20843],[-40.23329,-20.20807],[-40.23427,-20.20824],[-40.23509,-20.20917],[-40.23444,-20.2101],[-40.23429,-20.21113],[-40.2334,-20.2108],[-40.23327,-20.21224],[-40.23102,-20.21288],[-40.22974,-20.21389],[-40.22904,-20.21405],[-40.22747,-20.21359],[-40.22371,-20.21189],[-40.22051,-20.21129],[-40.21423,-20.21356],[-40.21397,-20.21584],[-40.21208,-20.21531],[-40.20871,-20.21587],[-40.20616,-20.2158],[-40.20575,-20.21626],[-40.20538,-20.21757],[-40.20426,-20.2176],[-40.20375,-20.21786],[-40.20352,-20.21856],[-40.2038,-20.21929],[-40.20297,-20.21887],[-40.20285,-20.21959],[-40.20222,-20.21969],[-40.20219,-20.22009],[-40.20171,-20.22049],[-40.19854,-20.21607],[-40.19903,-20.21275],[-40.1979,-20.20776]]]},"properties":{"nome":"Bicanga","municipio":"Serra"}},
{"type":"Feature","geometry":{"type":"Polygon","coordinates":[[[-40.2756,-20.20012],[-40.27727,-20.19953],[-40.28006,-20.20151],[-40.28172,-20.2019],[-40.28271,-20.20304],[-40.28377,-20.20303],[-40.28455,-20.20377],[-40.28497,-20.20524],[-40.28494,-20.20699],[-40.28389,-20.20827],[-40.28434,-20.21172],[-40.27903,-20.21421],[-40.27542,-20.21545],[-40.2748,-20.21476],[-40.27462,-20.21398],[-40.2759,-20.21231],[-40.27566,-20.21208],[-40.27551,-20.21236],[-40.27512,-20.21237],[-40.27505,-20.21192],[-40.27699,-20.21045],[-40.27698,-20.20833],[-40.27735,-20.20638],[-40.27657,-20.20538],[-40.2756,-20.20012]]]},"properties":{"nome":"Cantinho do Céu","municipio":"Serra"}},
{"type":"Feature","geometry":{"type":"Polygon","coordinates":[[[-40.2738,-20.12181],[-40.2706,-20.11946],[-40.26812,-20.11948],[-40.26635,-20.11722],[-40.26897,-20.11514],[-40.27205,-20.11508],[-40.2733,-20.11732],[-40.27322,-20.1189],[-40.27437,-20.11765],[-40.27579,-20.11744],[-40.2762,-20.1171],[-40.27622,-20.11661],[-40.27702,-20.11595],[-40.27757,-20.11593],[-40.27938,-20.11682],[-40.28053,-20.11684],[-40.28127,-20.11627],[-40.28114,-20.11546],[-40.27966,-20.11594],[-40.27895,-20.11578],[-40.27826,-20.11512],[-40.27772,-20.11453],[-40.27754,-20.1138],[-40.27823,-20.11292],[-40.28271,-20.11261],[-40.28525,-20.11366],[-40.28601,-20.11295],[-40.28649,-20.11422],[-40.28746,-20.11527],[-40.28836,-20.11497],[-40.28628,-20.11272],[-40.28884,-20.1122],[-40.29198,-20.11421],[-40.29258,-20.11368],[-40.29207,-20.11309],[-40.29319,-20.11259],[-40.29324,-20.11213],[-40.29409,-20.1123],[-40.29414,-20.11069],[-40.29509,-20.11036],[-40.29599,-20.1114],[-40.29606,-20.11185],[-40.29553,-20.11323],[-40.29603,-20.11454],[-40.29634,-20.11463],[-40.2971,-20.11413],[-40.29907,-20.11517],[-40.30005,-20.11634],[-40.30186,-20.11653],[-40.30124,-20.11896],[-40.30137,-20.12023],[-40.30029,-20.12017],[-40.2997,-20.11964],[-40.29727,-20.12191],[-40.29666,-20.12315],[-40.29598,-20.12299],[-40.29435,-20.12144],[-40.29332,-20.12164],[-40.29258,-20.12149],[-40.29124,-20.1189],[-40.28969,-20.11819],[-40.28644,-20.11864],[-40.28532,-20.1194],[-40.28521,-20.11973],[-40.28424,-20.11883],[-40.28333,-20.11983],[-40.28273,-20.11974],[-40.28023,-20.12182],[-40.27824,-20.12099],[-40.27623,-20.12127],[-40.27536,-20.12097],[-40.27446,-20.12127],[-40.2738,-20.12181]]]},"properties":{"nome":"Residencial Centro da Serra","municipio":"Serra"}},
{"type":"Feature","geometry":{"type":"Polygon","coordinates":[[[-40.2547,-20.20677],[-40.25461,-20.2057],[-40.25626,-20.20356],[-40.25729,-20.20039],[-40.25669,-20.19953],[-40.2593,-20.19821],[-40.26025,-20.19876],[-40.2623,-20.20205],[-40.2642,-20.20506],[-40.26541,-20.21001],[-40.26479,-20.20929],[-40.26388,-20.20908],[-40.25956,-20.21009],[-40.25844,-20.20727],[-40.25795,-20.20721],[-40.25742,-20.20671],[-40.25757,-20.20585],[-40.25677,-20.20649],[-40.25628,-20.20661],[-40.25587,-20.20624],[-40.25536,-20.20673],[-40.2547,-20.20677]]]},"properties":{"nome":"Santa Luzia","municipio":"Serra"}},
{"type":"Feature","geometry":{"type":"Polygon","coordinates":[[[-40.22076,-20.20428],[-40.22132,-20.20333],[-40.22346,-20.20243],[-40.22456,-20.20247],[-40.22629,-20.20179],[-40.22717,-20.20221],[-40.22772,-20.20331],[-40.22883,-20.2041],[-40.22846,-20.20662],[-40.22799,-20.20655],[-40.22702,-20.2074],[-40.2263,-20.20756],[-40.22463,-20.20915],[-40.22289,-20.2079],[-40.22166,-20.20572],[-40.22141,-20.20469],[-40.22076,-20.20428]]]},"properties":{"nome":"Camará","municipio":"Serra"}},
{"type":"Feature","geometry":{"type":"Polygon","coordinates":[[[-40.23327,-20.21224],[-40.2334,-20.2108],[-40.23429,-20.21113],[-40.23444,-20.2101],[-40.23509,-20.20917],[-40.23597,-20.20981],[-40.23932,-20.20977],[-40.24072,-20.20999],[-40.24437,-20.21182],[-40.24642,-20.21201],[-40.24744,-20.21243],[-40.24956,-20.21431],[-40.24978,-20.2151],[-40.25171,-20.21606],[-40.25245,-20.21691],[-40.25298,-20.21705],[-40.25424,-20.21677],[-40.25443,-20.21721],[-40.25381,-20.21843],[-40.25334,-20.21962],[-40.25352,-20.21971],[-40.25339,-20.22094],[-40.25273,-20.224],[-40.25237,-20.2244],[-40.25258,-20.22558],[-40.25229,-20.22579],[-40.24964,-20.22584],[-40.24808,-20.22392],[-40.24705,-20.22378],[-40.24588,-20.22136],[-40.24543,-20.22085],[-40.24482,-20.22069],[-40.2444,-20.21914],[-40.24207,-20.216],[-40.24011,-20.21738],[-40.23967,-20.21731],[-40.2375,-20.21472],[-40.23719,-20.21502],[-40.23627,-20.21506],[-40.23699,-20.21368],[-40.23327,-20.21224]]]},"properties":{"nome":"Novo Horizonte","municipio":"Serra"}},
{"type":"Feature","geometry":{"type":"Polygon","coordinates":[[[-40.23891,-20.19477],[-40.2428,-20.19451],[-40.24328,-20.19553],[-40.24416,-20.19586],[-40.2448,-20.19565],[-40.24516,-20.19519],[-40.25923,-20.19421],[-40.25904,-20.19462],[-40.2593,-20.19821],[-40.25669,-20.19953],[-40.25729,-20.20039],[-40.25626,-20.20356],[-40.25461,-20.2057],[-40.2547,-20.20677],[-40.25267,-20.20545],[-40.25176,-20.20424],[-40.24878,-20.20216],[-40.24763,-20.20088],[-40.24665,-20.20029],[-40.2461,-20.20034],[-40.24534,-20.19958],[-40.24416,-20.19998],[-40.24313,-20.19982],[-40.2417,-20.20036],[-40.23958,-20.20061],[-40.23985,-20.19854],[-40.23879,-20.19607],[-40.23891,-20.19477]]]},"properties":{"nome":"Parque Residencial Laranjeiras","municipio":"Serra"}},
{"type":"Feature","geometry":{"type":"Polygon","coordinates":[[[-40.22717,-20.20221],[-40.23019,-20.20123],[-40.23107,-20.20008],[-40.23269,-20.20004],[-40.23358,-20.19891],[-40.23509,-20.19924],[-40.23828,-20.20076],[-40.23912,-20.20064],[-40.23855,-20.20245],[-40.24025,-20.20265],[-40.24046,-20.20301],[-40.24412,-20.204],[-40.24338,-20.20652],[-40.25147,-20.2088],[-40.24996,-20.2062],[-40.25023,-20.20548],[-40.25176,-20.20424],[-40.25267,-20.20545],[-40.2547,-20.20677],[-40.25536,-20.20673],[-40.25587,-20.20624],[-40.25628,-20.20661],[-40.25677,-20.20649],[-40.25757,-20.20585],[-40.25742,-20.20671],[-40.25795,-20.20721],[-40.25844,-20.20727],[-40.25956,-20.21009],[-40.26388,-20.20908],[-40.26479,-20.20929],[-40.26541,-20.21001],[-40.2663,-20.21328],[-40.26959,-20.21618],[-40.26999,-20.21627],[-40.27026,-20.22098],[-40.27029,-20.22185],[-40.2687,-20.22194],[-40.26586,-20.22266],[-40.26419,-20.21629],[-40.26216,-20.21676],[-40.26153,-20.21439],[-40.26103,-20.21516],[-40.26108,-20.21557],[-40.25971,-20.21591],[-40.2602,-20.21778],[-40.25814,-20.21826],[-40.25802,-20.21776],[-40.25531,-20.2184],[-40.25381,-20.21843],[-40.25443,-20.21721],[-40.25424,-20.21677],[-40.25298,-20.21705],[-40.25245,-20.21691],[-40.25171,-20.21606],[-40.24978,-20.2151],[-40.24956,-20.21431],[-40.24744,-20.21243],[-40.24642,-20.21201],[-40.24437,-20.21182],[-40.24072,-20.20999],[-40.23932,-20.20977],[-40.23597,-20.20981],[-40.23509,-20.20917],[-40.23427,-20.20824],[-40.23329,-20.20807],[-40.23137,-20.20843],[-40.23053,-20.20926],[-40.22824,-20.20988],[-40.22649,-20.20932],[-40.22617,-20.20969],[-40.22539,-20.20977],[-40.22463,-20.20915],[-40.2263,-20.20756],[-40.22702,-20.2074],[-40.22799,-20.20655],[-40.22846,-20.20662],[-40.22883,-20.2041],[-40.22772,-20.20331],[-40.22717,-20.20221]]]},"properties":{"nome":"Jardim Limoeiro","municipio":"Serra"}},
{"type":"Feature","geometry":{"type":"Polygon","coordinates":[[[-40.2699,-20.19229],[-40.27149,-20.19276],[-40.27195,-20.19176],[-40.27359,-20.19284],[-40.27537,-20.1934],[-40.27523,-20.1937],[-40.27699,-20.19442],[-40.27798,-20.19682],[-40.27751,-20.19776],[-40.27544,-20.19694],[-40.27419,-20.19698],[-40.27349,-20.19579],[-40.2728,-20.1955],[-40.27154,-20.19572],[-40.27205,-20.19818],[-40.27348,-20.1996],[-40.2717,-20.20118],[-40.27137,-20.20016],[-40.27018,-20.19854],[-40.26973,-20.1954],[-40.27001,-20.19536],[-40.26967,-20.19401],[-40.2699,-20.19229]]]},"properties":{"nome":"José de Anchieta","municipio":"Serra"}},
{"type":"Feature","geometry":{"type":"Polygon","coordinates":[[[-40.31787,-20.11196],[-40.31889,-20.11223],[-40.31989,-20.11162],[-40.31984,-20.11095],[-40.3228,-20.11021],[-40.32314,-20.1094],[-40.32349,-20.10947],[-40.32464,-20.10892],[-40.32623,-20.10771],[-40.32796,-20.10949],[-40.32562,-20.1117],[-40.31926,-20.11495],[-40.31916,-20.11449],[-40.31765,-20.11321],[-40.31787,-20.11196]]]},"properties":{"nome":"Divinópolis","municipio":"Serra"}},
{"type":"Feature","geometry":{"type":"Polygon","coordinates":[[[-40.28039,-20.14767],[-40.28118,-20.14783],[-40.28226,-20.14699],[-40.28335,-20.14653],[-40.28509,-20.14707],[-40.28523,-20.14884],[-40.28481,-20.14936],[-40.28513,-20.14983],[-40.28253,-20.15222],[-40.28409,-20.15321],[-40.284,-20.15357],[-40.28299,-20.15504],[-40.28005,-20.15815],[-40.27862,-20.15769],[-40.27857,-20.15651],[-40.27778,-20.15634],[-40.27731,-20.15812],[-40.27686,-20.15803],[-40.27521,-20.16251],[-40.27403,-20.16451],[-40.27453,-20.16481],[-40.27534,-20.16445],[-40.27563,-20.16495],[-40.27524,-20.16658],[-40.27392,-20.16787],[-40.27447,-20.16798],[-40.27523,-20.16733],[-40.27625,-20.16703],[-40.27886,-20.16863],[-40.27866,-20.16927],[-40.27819,-20.16992],[-40.27718,-20.16887],[-40.27653,-20.16921],[-40.27554,-20.16884],[-40.27544,-20.16836],[-40.27512,-20.16818],[-40.27381,-20.16823],[-40.27664,-20.17028],[-40.2775,-20.17069],[-40.27867,-20.17069],[-40.2797,-20.17063],[-40.28003,-20.17037],[-40.27947,-20.16951],[-40.27965,-20.1691],[-40.28129,-20.16889],[-40.28323,-20.16779],[-40.28407,-20.16778],[-40.28402,-20.16825],[-40.2845,-20.16829],[-40.28467,-20.16889],[-40.28317,-20.17122],[-40.2831,-20.17284],[-40.28348,-20.17334],[-40.28457,-20.17299],[-40.28502,-20.17324],[-40.28564,-20.17506],[-40.28518,-20.17521],[-40.28482,-20.17461],[-40.28373,-20.17415],[-40.28372,-20.17527],[-40.2826,-20.17527],[-40.28242,-20.17437],[-40.28188,-20.17449],[-40.28176,-20.17411],[-40.28109,-20.1744],[-40.28111,-20.17405],[-40.28035,-20.17399],[-40.28062,-20.17315],[-40.28031,-20.17159],[-40.28072,-20.17134],[-40.28042,-20.17095],[-40.27731,-20.17092],[-40.27383,-20.16858],[-40.27275,-20.16947],[-40.27181,-20.17109],[-40.27287,-20.17266],[-40.27344,-20.17448],[-40.27259,-20.17613],[-40.27074,-20.17658],[-40.27056,-20.17693],[-40.2694,-20.17687],[-40.26822,-20.17624],[-40.26721,-20.17611],[-40.26644,-20.17685],[-40.26641,-20.17718],[-40.26571,-20.17742],[-40.26709,-20.17331],[-40.26717,-20.17307],[-40.27309,-20.16544],[-40.27498,-20.16251],[-40.2778,-20.15414],[-40.27942,-20.14917],[-40.28039,-20.14767]]]},"properties":{"nome":"Pitanga","municipio":"Serra"}},
{"type":"Feature","geometry":{"type":"Polygon","coordinates":[[[-40.2459,-20.13307],[-40.24787,-20.13276],[-40.24975,-20.13174],[-40.25026,-20.13173],[-40.25037,-20.1328],[-40.25096,-20.13373],[-40.25012,-20.13539],[-40.25011,-20.13816],[-40.24988,-20.13878],[-40.2494,-20.13972],[-40.24961,-20.14015],[-40.24912,-20.14122],[-40.24895,-20.1424],[-40.24839,-20.14237],[-40.24661,-20.14386],[-40.24622,-20.14445],[-40.246,-20.14579],[-40.24518,-20.14605],[-40.24276,-20.14589],[-40.24144,-20.14595],[-40.24112,-20.14577],[-40.23854,-20.14678],[-40.23808,-20.14595],[-40.23781,-20.14608],[-40.23716,-20.14538],[-40.23861,-20.1443],[-40.24061,-20.14185],[-40.24176,-20.14111],[-40.24311,-20.14072],[-40.24343,-20.13999],[-40.24365,-20.14044],[-40.24389,-20.14031],[-40.24441,-20.13797],[-40.24493,-20.13804],[-40.24477,-20.13894],[-40.2463,-20.13825],[-40.24689,-20.1376],[-40.24624,-20.13766],[-40.2459,-20.13731],[-40.24676,-20.13566],[-40.24579,-20.1343],[-40.2459,-20.13307]]]},"properties":{"nome":"Serra Dourada II","municipio":"Serra"}},
{"type":"Feature","geometry":{"type":"Polygon","coordinates":[[[-40.1964,-20.1525],[-40.19687,-20.15201],[-40.19701,-20.15107],[-40.19767,-20.15061],[-40.19801,-20.1492],[-40.19867,-20.14875],[-40.19984,-20.14917],[-40.19958,-20.15101],[-40.19982,-20.15313],[-40.19935,-20.1541],[-40.19727,-20.15621],[-40.1961,-20.1584],[-40.19476,-20.15847],[-40.19414,-20.15946],[-40.19313,-20.15858],[-40.19223,-20.15724],[-40.1912,-20.15656],[-40.19046,-20.15659],[-40.18905,-20.15721],[-40.18795,-20.15805],[-40.18708,-20.1582],[-40.18543,-20.1576],[-40.18552,-20.15645],[-40.18639,-20.15677],[-40.18659,-20.15753],[-40.18683,-20.15758],[-40.18753,-20.15688],[-40.18727,-20.15576],[-40.18881,-20.15537],[-40.18936,-20.1539],[-40.18994,-20.15387],[-40.1915,-20.15462],[-40.19228,-20.15453],[-40.19326,-20.15382],[-40.19409,-20.1536],[-40.19441,-20.15264],[-40.19551,-20.15329],[-40.19638,-20.15313],[-40.1964,-20.1525]]]},"properties":{"nome":"São Pedro","municipio":"Serra"}},
{"type":"Feature","geometry":{"type":"Polygon","coordinates":[[[-40.23958,-20.20061],[-40.2417,-20.20036],[-40.24313,-20.19982],[-40.24416,-20.19998],[-40.24534,-20.19958],[-40.24554,-20.20125],[-40.24412,-20.204],[-40.24046,-20.20301],[-40.24025,-20.20265],[-40.23855,-20.20245],[-40.23912,-20.20064],[-40.23958,-20.20061]]]},"properties":{"nome":"Guaraciaba","municipio":"Serra"}},
{"type":"Feature","geometry":{"type":"Polygon","coordinates":[[[-40.2705,-20.18963],[-40.26976,-20.18768],[-40.27441,-20.18541],[-40.27609,-20.18576],[-40.282,-20.18811],[-40.28221,-20.18965],[-40.28203,-20.19066],[-40.28123,-20.19158],[-40.28053,-20.19183],[-40.27512,-20.19071],[-40.27313,-20.18958],[-40.2705,-20.18963]]]},"properties":{"nome":"Residencial Vista do Mestre","municipio":"Serra"}},
{"type":"Feature","geometry":{"type":"Polygon","coordinates":[[[-40.22815,-20.18826],[-40.23072,-20.1803],[-40.23259,-20.18117],[-40.23451,-20.1833],[-40.23872,-20.18518],[-40.23819,-20.18719],[-40.23735,-20.18691],[-40.23709,-20.18766],[-40.23396,-20.18888],[-40.23318,-20.18881],[-40.23249,-20.18915],[-40.23171,-20.18871],[-40.23074,-20.18887],[-40.22815,-20.18826]]]},"properties":{"nome":"Alterosas","municipio":"Serra"}},
{"type":"Feature","geometry":{"type":"Polygon","coordinates":[[[-40.22183,-20.22636],[-40.22284,-20.2258],[-40.22476,-20.22643],[-40.22306,-20.22889],[-40.22385,-20.23212],[-40.2234,-20.23304],[-40.22295,-20.23332],[-40.22195,-20.23844],[-40.2214,-20.23896],[-40.22098,-20.23897],[-40.21499,-20.24262],[-40.21354,-20.23994],[-40.2132,-20.23967],[-40.21299,-20.23978],[-40.21291,-20.23913],[-40.21358,-20.2379],[-40.21437,-20.23758],[-40.2157,-20.23624],[-40.21571,-20.23491],[-40.21406,-20.23247],[-40.21167,-20.23052],[-40.20895,-20.22911],[-40.20859,-20.22854],[-40.20892,-20.22852],[-40.20959,-20.22908],[-40.2117,-20.22952],[-40.21264,-20.22903],[-40.21297,-20.22805],[-40.2157,-20.22795],[-40.21716,-20.22819],[-40.21829,-20.22756],[-40.22144,-20.22733],[-40.22183,-20.22636]]]},"properties":{"nome":"Praia de Carapebus","municipio":"Serra"}},
{"type":"Feature","geometry":{"type":"Polygon","coordinates":[[[-40.19453,-20.03608],[-40.19582,-20.03542],[-40.19894,-20.0357],[-40.20111,-20.03404],[-40.20432,-20.03967],[-40.20455,-20.04097],[-40.20486,-20.04237],[-40.20349,-20.04261],[-40.20257,-20.04268],[-40.2027,-20.04321],[-40.20054,-20.04435],[-40.19826,-20.04436],[-40.19729,-20.04439],[-40.19736,-20.04626],[-40.19672,-20.05003],[-40.19502,-20.05017],[-40.19476,-20.04918],[-40.19376,-20.04778],[-40.19069,-20.04655],[-40.19033,-20.04627],[-40.19003,-20.0454],[-40.19032,-20.04405],[-40.19111,-20.04239],[-40.19299,-20.03929],[-40.19385,-20.03684],[-40.19453,-20.03608]]]},"properties":{"nome":"Parque das Gaivotas","municipio":"Serra"}},
{"type":"Feature","geometry":{"type":"Polygon","coordinates":[[[-40.32889,-20.10852],[-40.33788,-20.09899],[-40.33937,-20.0966],[-40.3422,-20.09076],[-40.34254,-20.09123],[-40.34309,-20.09374],[-40.34295,-20.09635],[-40.3433,-20.09778],[-40.34473,-20.09945],[-40.34622,-20.09935],[-40.34734,-20.10032],[-40.34783,-20.09962],[-40.34949,-20.09979],[-40.34988,-20.101],[-40.34903,-20.10132],[-40.34865,-20.10194],[-40.34741,-20.10293],[-40.34721,-20.10265],[-40.34462,-20.1042],[-40.34439,-20.10504],[-40.34505,-20.1066],[-40.34195,-20.10708],[-40.34178,-20.10649],[-40.34019,-20.10659],[-40.34018,-20.10733],[-40.33974,-20.10778],[-40.33914,-20.10927],[-40.33818,-20.10806],[-40.33778,-20.10802],[-40.33672,-20.10883],[-40.33653,-20.10817],[-40.33596,-20.10768],[-40.33333,-20.10835],[-40.33295,-20.1096],[-40.33228,-20.10974],[-40.33179,-20.11059],[-40.33161,-20.10978],[-40.33089,-20.10946],[-40.33026,-20.10957],[-40.32988,-20.10926],[-40.3293,-20.10948],[-40.32889,-20.10852]]]},"properties":{"nome":"Belvedere","municipio":"Serra"}},
{"type":"Feature","geometry":{"type":"Polygon","coordinates":[[[-40.27824,-20.12099],[-40.28023,-20.12182],[-40.28273,-20.11974],[-40.28333,-20.11983],[-40.28424,-20.11883],[-40.28521,-20.11973],[-40.28532,-20.1194],[-40.28644,-20.11864],[-40.28969,-20.11819],[-40.29124,-20.1189],[-40.29258,-20.12149],[-40.29332,-20.12164],[-40.29435,-20.12144],[-40.29598,-20.12299],[-40.29666,-20.12315],[-40.29782,-20.12378],[-40.29897,-20.12355],[-40.3011,-20.12446],[-40.30215,-20.12521],[-40.30262,-20.12523],[-40.29897,-20.1283],[-40.29344,-20.13315],[-40.29242,-20.13274],[-40.29253,-20.13226],[-40.2919,-20.13226],[-40.28955,-20.13092],[-40.28747,-20.13045],[-40.28704,-20.12944],[-40.28783,-20.1279],[-40.28697,-20.12612],[-40.28639,-20.12573],[-40.28345,-20.12523],[-40.28236,-20.12451],[-40.28169,-20.12452],[-40.28134,-20.12485],[-40.28032,-20.12414],[-40.28046,-20.12399],[-40.27972,-20.12276],[-40.27852,-20.12228],[-40.27824,-20.12099]]]},"properties":{"nome":"Continental","municipio":"Serra"}},
{"type":"Feature","geometry":{"type":"Polygon","coordinates":[[[-40.3822,-20.04499],[-40.38188,-20.04304],[-40.38381,-20.04248],[-40.38348,-20.04137],[-40.38663,-20.03782],[-40.38762,-20.03602],[-40.3897,-20.03563],[-40.39354,-20.0337],[-40.39517,-20.03419],[-40.39328,-20.03702],[-40.39272,-20.04046],[-40.39213,-20.04196],[-40.38813,-20.04587],[-40.38573,-20.04586],[-40.38419,-20.04554],[-40.3832,-20.04502],[-40.3822,-20.04499]]]},"properties":{"nome":"Cidade Nova da Serra","municipio":"Serra"}},
{"type":"Feature","geometry":{"type":"Polygon","coordinates":[[[-40.27514,-20.2244],[-40.2806,-20.21643],[-40.28108,-20.21677],[-40.28126,-20.21808],[-40.28242,-20.22002],[-40.28315,-20.21982],[-40.28203,-20.2227],[-40.28393,-20.22327],[-40.28432,-20.22304],[-40.28485,-20.2239],[-40.28443,-20.22408],[-40.2847,-20.22451],[-40.28168,-20.22561],[-40.28175,-20.22609],[-40.28029,-20.22586],[-40.27947,-20.22545],[-40.27877,-20.22599],[-40.27865,-20.22926],[-40.27779,-20.23078],[-40.27804,-20.23171],[-40.27735,-20.23212],[-40.27508,-20.23355],[-40.27105,-20.22716],[-40.27341,-20.22601],[-40.27514,-20.2244]]]},"properties":{"nome":"Carapina Grande","municipio":"Serra"}},
{"type":"Feature","geometry":{"type":"Polygon","coordinates":[[[-40.25609,-20.15974],[-40.25614,-20.15967],[-40.26315,-20.16396],[-40.26401,-20.1648],[-40.26452,-20.1659],[-40.26475,-20.1702],[-40.26717,-20.17307],[-40.26709,-20.17331],[-40.26575,-20.17254],[-40.26386,-20.17253],[-40.26212,-20.17063],[-40.26011,-20.1704],[-40.25645,-20.16757],[-40.25476,-20.16658],[-40.2534,-20.1667],[-40.25183,-20.16737],[-40.25075,-20.16723],[-40.25005,-20.16516],[-40.25046,-20.16281],[-40.25332,-20.16112],[-40.2545,-20.1603],[-40.25609,-20.15974]]]},"properties":{"nome":"Maringá","municipio":"Serra"}},
{"type":"Feature","geometry":{"type":"Polygon","coordinates":[[[-40.19126,-20.18196],[-40.19261,-20.18156],[-40.19387,-20.17998],[-40.19466,-20.18026],[-40.19651,-20.18019],[-40.1983,-20.18059],[-40.19922,-20.18035],[-40.20067,-20.18226],[-40.20066,-20.18334],[-40.20005,-20.18476],[-40.20114,-20.1856],[-40.20313,-20.18646],[-40.20469,-20.18666],[-40.20573,-20.18615],[-40.20688,-20.18933],[-40.20569,-20.19067],[-40.20544,-20.19171],[-40.20496,-20.19168],[-40.20439,-20.19219],[-40.20332,-20.19159],[-40.20274,-20.19155],[-40.19384,-20.18525],[-40.19126,-20.18196]]]},"properties":{"nome":"Ourimar","municipio":"Serra"}},
{"type":"Feature","geometry":{"type":"Polygon","coordinates":[[[-40.21397,-20.21584],[-40.21465,-20.21662],[-40.21539,-20.21678],[-40.21666,-20.21602],[-40.21719,-20.21529],[-40.21818,-20.21502],[-40.21915,-20.21318],[-40.22143,-20.21237],[-40.22255,-20.21361],[-40.22304,-20.2156],[-40.22257,-20.21609],[-40.22109,-20.21668],[-40.21961,-20.21816],[-40.21893,-20.21899],[-40.21812,-20.22155],[-40.21684,-20.22344],[-40.21553,-20.22414],[-40.2129,-20.22695],[-40.21297,-20.22805],[-40.21264,-20.22903],[-40.2117,-20.22952],[-40.20959,-20.22908],[-40.20892,-20.22852],[-40.20859,-20.22854],[-40.20678,-20.22579],[-40.20435,-20.22421],[-40.20398,-20.22259],[-40.20341,-20.22174],[-40.20171,-20.22049],[-40.20219,-20.22009],[-40.20222,-20.21969],[-40.20285,-20.21959],[-40.20297,-20.21887],[-40.2038,-20.21929],[-40.20352,-20.21856],[-40.20375,-20.21786],[-40.20426,-20.2176],[-40.20538,-20.21757],[-40.20575,-20.21626],[-40.20616,-20.2158],[-40.20871,-20.21587],[-40.21208,-20.21531],[-40.21397,-20.21584]]]},"properties":{"nome":"Balneário de Carapebus","municipio":"Serra"}},
{"type":"Feature","geometry":{"type":"Polygon","coordinates":[[[-40.26256,-20.19399],[-40.26858,-20.19361],[-40.2686,-20.19389],[-40.26967,-20.19401],[-40.27001,-20.19536],[-40.26973,-20.1954],[-40.27018,-20.19854],[-40.27137,-20.20016],[-40.2717,-20.20118],[-40.27225,-20.2037],[-40.27218,-20.2072],[-40.27266,-20.20983],[-40.27237,-20.2108],[-40.27367,-20.21143],[-40.27308,-20.21253],[-40.27415,-20.21324],[-40.27446,-20.2134],[-40.27512,-20.21237],[-40.27551,-20.21236],[-40.27566,-20.21208],[-40.2759,-20.21231],[-40.27462,-20.21398],[-40.2748,-20.21476],[-40.27542,-20.21545],[-40.27476,-20.21571],[-40.27491,-20.21616],[-40.27465,-20.21648],[-40.27324,-20.2167],[-40.27286,-20.21655],[-40.27207,-20.2177],[-40.27191,-20.21883],[-40.27132,-20.21965],[-40.27124,-20.22068],[-40.27026,-20.22098],[-40.26999,-20.21627],[-40.26959,-20.21618],[-40.2663,-20.21328],[-40.26541,-20.21001],[-40.2642,-20.20506],[-40.2623,-20.20205],[-40.26505,-20.20098],[-40.26493,-20.19748],[-40.26277,-20.19792],[-40.26256,-20.19399]]]},"properties":{"nome":"Planalto de Carapina","municipio":"Serra"}},
{"type":"Feature","geometry":{"type":"Polygon","coordinates":[[[-40.28634,-20.22513],[-40.28751,-20.22394],[-40.29264,-20.2273],[-40.29265,-20.22811],[-40.28962,-20.23922],[-40.28919,-20.23944],[-40.28671,-20.23883],[-40.28684,-20.23858],[-40.28316,-20.23673],[-40.2836,-20.23593],[-40.28103,-20.23427],[-40.28067,-20.23478],[-40.28041,-20.2344],[-40.28,-20.23446],[-40.27907,-20.23362],[-40.27901,-20.23288],[-40.27735,-20.23212],[-40.27804,-20.23171],[-40.28247,-20.22895],[-40.28634,-20.22513]]]},"properties":{"nome":"Jardim Carapina","municipio":"Serra"}},
{"type":"Feature","geometry":{"type":"Polygon","coordinates":[[[-40.31458,-20.12537],[-40.31455,-20.12451],[-40.31539,-20.12271],[-40.31556,-20.12129],[-40.31514,-20.11939],[-40.31709,-20.12013],[-40.31753,-20.1204],[-40.31737,-20.1211],[-40.31898,-20.12114],[-40.31947,-20.1218],[-40.31769,-20.12156],[-40.31706,-20.12192],[-40.31689,-20.1223],[-40.31721,-20.12311],[-40.31664,-20.12435],[-40.31691,-20.12465],[-40.31698,-20.12649],[-40.3166,-20.12647],[-40.31559,-20.12639],[-40.31561,-20.12666],[-40.3152,-20.12658],[-40.31458,-20.12537]]]},"properties":{"nome":"Nossa Senhora da Conceição","municipio":"Serra"}},
{"type":"Feature","geometry":{"type":"Polygon","coordinates":[[[-40.21297,-20.22805],[-40.2129,-20.22695],[-40.21553,-20.22414],[-40.21684,-20.22344],[-40.21812,-20.22155],[-40.21893,-20.21899],[-40.21961,-20.21816],[-40.22104,-20.21862],[-40.22336,-20.22236],[-40.22027,-20.22403],[-40.22183,-20.22636],[-40.22144,-20.22733],[-40.21829,-20.22756],[-40.21716,-20.22819],[-40.2157,-20.22795],[-40.21297,-20.22805]]]},"properties":{"nome":"Lagoa de Carapebus","municipio":"Serra"}},
{"type":"Feature","geometry":{"type":"Polygon","coordinates":[[[-40.23668,-20.15608],[-40.23726,-20.15619],[-40.23803,-20.15549],[-40.23898,-20.15341],[-40.24402,-20.14724],[-40.2474,-20.14987],[-40.24408,-20.15563],[-40.24236,-20.15689],[-40.24117,-20.15684],[-40.24088,-20.15723],[-40.23946,-20.15728],[-40.23668,-20.15608]]]},"properties":{"nome":"Planície da Serra","municipio":"Serra"}},
{"type":"Feature","geometry":{"type":"Polygon","coordinates":[[[-40.18708,-20.1582],[-40.18795,-20.15805],[-40.18905,-20.15721],[-40.19046,-20.15659],[-40.1912,-20.15656],[-40.19223,-20.15724],[-40.19313,-20.15858],[-40.19414,-20.15946],[-40.19573,-20.16013],[-40.1882,-20.1649],[-40.18784,-20.15928],[-40.18715,-20.15936],[-40.18708,-20.1582]]]},"properties":{"nome":"Conjunto Jacaraípe","municipio":"Serra"}},
{"type":"Feature","geometry":{"type":"Polygon","coordinates":[[[-40.20011,-20.05213],[-40.20072,-20.05163],[-40.20094,-20.05301],[-40.20095,-20.05372],[-40.19906,-20.05525],[-40.20305,-20.05786],[-40.19865,-20.05809],[-40.19774,-20.05785],[-40.19653,-20.0584],[-40.19479,-20.05807],[-40.19451,-20.05763],[-40.19418,-20.05673],[-40.1975,-20.05426],[-40.20011,-20.05213]]]},"properties":{"nome":"Reis Magos","municipio":"Serra"}},
{"type":"Feature","geometry":{"type":"Polygon","coordinates":[[[-40.18603,-20.06315],[-40.19022,-20.05974],[-40.19151,-20.0575],[-40.19451,-20.05763],[-40.19479,-20.05807],[-40.19356,-20.05888],[-40.19262,-20.06145],[-40.1926,-20.06211],[-40.1912,-20.06172],[-40.19048,-20.06312],[-40.19045,-20.06415],[-40.18956,-20.06613],[-40.19046,-20.06648],[-40.18955,-20.06687],[-40.18915,-20.06643],[-40.18842,-20.06695],[-40.18783,-20.06644],[-40.18687,-20.06706],[-40.18605,-20.06682],[-40.18676,-20.06553],[-40.18617,-20.06442],[-40.18603,-20.06315]]]},"properties":{"nome":"São João","municipio":"Serra"}},
{"type":"Feature","geometry":{"type":"Polygon","coordinates":[[[-40.26586,-20.22266],[-40.2687,-20.22194],[-40.27029,-20.22185],[-40.27052,-20.22551],[-40.27104,-20.22715],[-40.26979,-20.22773],[-40.26964,-20.22724],[-40.26723,-20.22739],[-40.26543,-20.22821],[-40.26326,-20.22966],[-40.26229,-20.22844],[-40.26302,-20.22624],[-40.26302,-20.22422],[-40.2622,-20.22396],[-40.26198,-20.22359],[-40.26586,-20.22266]]]},"properties":{"nome":"São Geraldo","municipio":"Serra"}},
{"type":"Feature","geometry":{"type":"Polygon","coordinates":[[[-40.26871,-20.23785],[-40.26898,-20.2372],[-40.27066,-20.23656],[-40.27133,-20.23586],[-40.27194,-20.23572],[-40.27258,-20.23711],[-40.27165,-20.23921],[-40.27306,-20.2405],[-40.27304,-20.24052],[-40.27308,-20.24078],[-40.27095,-20.24369],[-40.26668,-20.24192],[-40.26617,-20.24221],[-40.26732,-20.23947],[-40.26796,-20.23896],[-40.26871,-20.23785]]]},"properties":{"nome":"Hélio Ferraz","municipio":"Serra"}},
{"type":"Feature","geometry":{"type":"Polygon","coordinates":[[[-40.25075,-20.16723],[-40.25183,-20.16737],[-40.2534,-20.1667],[-40.25476,-20.16658],[-40.25645,-20.16757],[-40.26011,-20.1704],[-40.26212,-20.17063],[-40.26386,-20.17253],[-40.26575,-20.17254],[-40.26709,-20.17331],[-40.26571,-20.17742],[-40.26553,-20.17815],[-40.26373,-20.17628],[-40.26324,-20.17618],[-40.2608,-20.17672],[-40.26033,-20.17637],[-40.25937,-20.1748],[-40.25615,-20.17458],[-40.25399,-20.17539],[-40.25267,-20.17655],[-40.25191,-20.17654],[-40.25099,-20.17595],[-40.24819,-20.17739],[-40.24671,-20.17754],[-40.24542,-20.17807],[-40.24451,-20.17909],[-40.2429,-20.17872],[-40.24198,-20.17584],[-40.2405,-20.17499],[-40.23874,-20.17437],[-40.23787,-20.17232],[-40.23805,-20.17131],[-40.23782,-20.16997],[-40.23843,-20.16918],[-40.24133,-20.16885],[-40.24211,-20.16907],[-40.2425,-20.16856],[-40.24391,-20.16772],[-40.24439,-20.16778],[-40.24525,-20.16741],[-40.24655,-20.16744],[-40.24772,-20.16712],[-40.24977,-20.16756],[-40.25075,-20.16723]]]},"properties":{"nome":"Barcelona","municipio":"Serra"}},
{"type":"Feature","geometry":{"type":"Polygon","coordinates":[[[-40.2339,-20.13218],[-40.23658,-20.12847],[-40.24061,-20.1274],[-40.246,-20.12774],[-40.24615,-20.12975],[-40.24545,-20.13167],[-40.2459,-20.13307],[-40.24579,-20.1343],[-40.24676,-20.13566],[-40.2459,-20.13731],[-40.24624,-20.13766],[-40.24689,-20.1376],[-40.2463,-20.13825],[-40.24477,-20.13894],[-40.24493,-20.13804],[-40.24511,-20.13651],[-40.2443,-20.13523],[-40.24404,-20.13542],[-40.24356,-20.13522],[-40.24377,-20.1359],[-40.24293,-20.13656],[-40.24023,-20.13739],[-40.23763,-20.13752],[-40.23551,-20.13677],[-40.23512,-20.13649],[-40.23506,-20.13578],[-40.23547,-20.13338],[-40.2339,-20.13218]]]},"properties":{"nome":"Serra Dourada I","municipio":"Serra"}},
{"type":"Feature","geometry":{"type":"Polygon","coordinates":[[[-40.19672,-20.05003],[-40.19736,-20.04626],[-40.19729,-20.04439],[-40.19826,-20.04436],[-40.1994,-20.04748],[-40.19882,-20.04767],[-40.20011,-20.05213],[-40.1975,-20.05426],[-40.19668,-20.0537],[-40.19733,-20.05012],[-40.19672,-20.05003]]]},"properties":{"nome":"Parque Santa Fé","municipio":"Serra"}},
{"type":"Feature","geometry":{"type":"Polygon","coordinates":[[[-40.30029,-20.12017],[-40.30137,-20.12023],[-40.30124,-20.11896],[-40.30186,-20.11653],[-40.30297,-20.11775],[-40.30394,-20.11771],[-40.30441,-20.11844],[-40.30589,-20.11928],[-40.308,-20.12079],[-40.30483,-20.12335],[-40.3045,-20.12363],[-40.30361,-20.12288],[-40.30285,-20.12171],[-40.30077,-20.12082],[-40.30029,-20.12017]]]},"properties":{"nome":"São Domingos","municipio":"Serra"}},
{"type":"Feature","geometry":{"type":"Polygon","coordinates":[[[-40.18264,-20.14329],[-40.1903,-20.14186],[-40.19331,-20.14161],[-40.19203,-20.14358],[-40.19216,-20.14543],[-40.19246,-20.14535],[-40.19249,-20.14577],[-40.19265,-20.14817],[-40.18432,-20.14845],[-40.18325,-20.14588],[-40.18264,-20.14329]]]},"properties":{"nome":"Estância Monazítica","municipio":"Serra"}},
{"type":"Feature","geometry":{"type":"Polygon","coordinates":[[[-40.29229,-20.13689],[-40.29251,-20.13507],[-40.29328,-20.1334],[-40.29535,-20.13419],[-40.29505,-20.13514],[-40.29566,-20.13604],[-40.29621,-20.13636],[-40.29869,-20.13997],[-40.29789,-20.1405],[-40.29741,-20.1404],[-40.2974,-20.14077],[-40.29509,-20.14259],[-40.2952,-20.14393],[-40.29598,-20.1444],[-40.29588,-20.14466],[-40.29315,-20.14444],[-40.2925,-20.14337],[-40.29155,-20.14275],[-40.29221,-20.14087],[-40.29229,-20.13689]]]},"properties":{"nome":"Vista da Serra II","municipio":"Serra"}},
{"type":"Feature","geometry":{"type":"Polygon","coordinates":[[[-40.20349,-20.04261],[-40.20486,-20.04237],[-40.20516,-20.0438],[-40.20507,-20.04529],[-40.20581,-20.04773],[-40.20618,-20.05068],[-40.20633,-20.05755],[-40.20418,-20.05794],[-40.20305,-20.05786],[-40.19906,-20.05525],[-40.20095,-20.05372],[-40.20094,-20.05301],[-40.20269,-20.05154],[-40.20231,-20.05032],[-40.20276,-20.04997],[-40.20238,-20.04857],[-40.20293,-20.04842],[-40.20261,-20.04727],[-40.20335,-20.0471],[-40.20337,-20.04563],[-40.2037,-20.04484],[-40.20344,-20.04414],[-40.20365,-20.04335],[-40.20349,-20.04261]]]},"properties":{"nome":"Serramar","municipio":"Serra"}},
{"type":"Feature","geometry":{"type":"Polygon","coordinates":[[[-40.18617,-20.06442],[-40.18597,-20.06448],[-40.18594,-20.06515],[-40.18549,-20.06514],[-40.18488,-20.06763],[-40.18538,-20.06893],[-40.18497,-20.07002],[-40.18608,-20.07066],[-40.1865,-20.07146],[-40.18638,-20.07238],[-40.18496,-20.07345],[-40.18565,-20.07433],[-40.18502,-20.07484],[-40.18278,-20.07555],[-40.18144,-20.07655],[-40.18033,-20.07968],[-40.17864,-20.07823],[-40.17357,-20.07965],[-40.17328,-20.07873],[-40.17331,-20.07714],[-40.17389,-20.07479],[-40.17472,-20.07434],[-40.17577,-20.07269],[-40.17602,-20.07169],[-40.17739,-20.07004],[-40.17977,-20.06861],[-40.18041,-20.06768],[-40.18077,-20.06756],[-40.18182,-20.06378],[-40.18216,-20.06354],[-40.18296,-20.06351],[-40.1837,-20.06305],[-40.18468,-20.06136],[-40.18585,-20.06254],[-40.18603,-20.06315],[-40.18617,-20.06442]]]},"properties":{"nome":"Marbella","municipio":"Serra"}},
{"type":"Feature","geometry":{"type":"Polygon","coordinates":[[[-40.31709,-20.12013],[-40.31722,-20.11977],[-40.31684,-20.11909],[-40.31774,-20.11863],[-40.31746,-20.11814],[-40.31847,-20.11761],[-40.31833,-20.11736],[-40.31908,-20.11702],[-40.32017,-20.11592],[-40.32099,-20.1168],[-40.32115,-20.11791],[-40.31936,-20.11991],[-40.31898,-20.12114],[-40.31737,-20.1211],[-40.31753,-20.1204],[-40.31709,-20.12013]]]},"properties":{"nome":"Colina da Serra","municipio":"Serra"}},
{"type":"Feature","geometry":{"type":"Polygon","coordinates":[[[-40.17459,-20.11353],[-40.17652,-20.11292],[-40.17991,-20.11416],[-40.19273,-20.11176],[-40.19329,-20.11131],[-40.19405,-20.11279],[-40.19332,-20.11407],[-40.19267,-20.11449],[-40.19309,-20.11478],[-40.19302,-20.11671],[-40.19366,-20.11802],[-40.19318,-20.11836],[-40.19297,-20.11765],[-40.19215,-20.11667],[-40.19167,-20.11651],[-40.19137,-20.11677],[-40.19168,-20.11748],[-40.18986,-20.11941],[-40.18853,-20.11883],[-40.18818,-20.11897],[-40.18829,-20.12022],[-40.18771,-20.12048],[-40.18636,-20.11982],[-40.18604,-20.12025],[-40.17978,-20.12779],[-40.1791,-20.128],[-40.1782,-20.12432],[-40.17631,-20.1204],[-40.17542,-20.11786],[-40.17517,-20.1169],[-40.17543,-20.11462],[-40.17459,-20.11353]]]},"properties":{"nome":"São Francisco","municipio":"Serra"}},
{"type":"Feature","geometry":{"type":"Polygon","coordinates":[[[-40.18468,-20.06136],[-40.18555,-20.0612],[-40.18609,-20.06078],[-40.18985,-20.0569],[-40.19124,-20.0546],[-40.19181,-20.0545],[-40.19259,-20.05543],[-40.19236,-20.05631],[-40.19151,-20.0575],[-40.19022,-20.05974],[-40.18603,-20.06315],[-40.18585,-20.06254],[-40.18468,-20.06136]]]},"properties":{"nome":"Bairro Novo","municipio":"Serra"}},
{"type":"Feature","geometry":{"type":"Polygon","coordinates":[[[-40.18604,-20.12025],[-40.18674,-20.12156],[-40.18852,-20.12107],[-40.18895,-20.12167],[-40.19087,-20.12103],[-40.19178,-20.12117],[-40.19195,-20.12076],[-40.19269,-20.12071],[-40.19368,-20.12011],[-40.20055,-20.11799],[-40.20167,-20.11938],[-40.20052,-20.11987],[-40.20152,-20.12148],[-40.20186,-20.12155],[-40.20035,-20.12871],[-40.19989,-20.1289],[-40.20019,-20.12958],[-40.19628,-20.13067],[-40.19674,-20.1323],[-40.1949,-20.13301],[-40.19506,-20.13347],[-40.19433,-20.13371],[-40.18613,-20.13657],[-40.18185,-20.13755],[-40.18155,-20.13458],[-40.1791,-20.128],[-40.17978,-20.12779],[-40.18604,-20.12025]]]},"properties":{"nome":"Bairro das Laranjeiras","municipio":"Serra"}},
{"type":"Feature","geometry":{"type":"Polygon","coordinates":[[[-40.21256,-20.18671],[-40.21275,-20.18595],[-40.21367,-20.18516],[-40.21883,-20.18331],[-40.21911,-20.18297],[-40.21932,-20.18068],[-40.21807,-20.17737],[-40.22126,-20.17531],[-40.23072,-20.1803],[-40.22815,-20.18826],[-40.22779,-20.18817],[-40.22482,-20.18901],[-40.22101,-20.18851],[-40.21863,-20.18851],[-40.2177,-20.18806],[-40.21688,-20.18726],[-40.2146,-20.18774],[-40.21313,-20.18742],[-40.21256,-20.18671]]]},"properties":{"nome":"Nova Zelândia","municipio":"Serra"}},
{"type":"Feature","geometry":{"type":"Polygon","coordinates":[[[-40.19038,-20.18203],[-40.18924,-20.18078],[-40.18926,-20.17925],[-40.18851,-20.17785],[-40.18809,-20.17585],[-40.1862,-20.17429],[-40.18625,-20.17358],[-40.18583,-20.17267],[-40.18613,-20.17265],[-40.18612,-20.17145],[-40.18495,-20.17002],[-40.18467,-20.16842],[-40.18384,-20.16738],[-40.18437,-20.16678],[-40.18519,-20.16705],[-40.18593,-20.16772],[-40.18837,-20.16764],[-40.19032,-20.16821],[-40.19111,-20.16816],[-40.19185,-20.16879],[-40.19258,-20.16903],[-40.19436,-20.16896],[-40.19427,-20.17117],[-40.19488,-20.1719],[-40.19486,-20.1724],[-40.19564,-20.17385],[-40.19723,-20.17517],[-40.1969,-20.17884],[-40.19651,-20.18019],[-40.19466,-20.18026],[-40.19387,-20.17998],[-40.19261,-20.18156],[-40.19126,-20.18196],[-40.19038,-20.18203]]]},"properties":{"nome":"Praia da Baleia","municipio":"Serra"}},
{"type":"Feature","geometry":{"type":"Polygon","coordinates":[[[-40.19249,-20.14577],[-40.19371,-20.14587],[-40.19574,-20.14494],[-40.20114,-20.14043],[-40.20225,-20.14108],[-40.20252,-20.13957],[-40.20483,-20.14116],[-40.20423,-20.14153],[-40.20465,-20.14248],[-40.20342,-20.14329],[-40.20283,-20.14415],[-40.2024,-20.14557],[-40.20422,-20.1469],[-40.20118,-20.14875],[-40.20056,-20.14959],[-40.19984,-20.14917],[-40.19867,-20.14875],[-40.19801,-20.1492],[-40.19767,-20.15061],[-40.19701,-20.15107],[-40.19687,-20.15201],[-40.1964,-20.1525],[-40.19595,-20.15244],[-40.19346,-20.15011],[-40.19392,-20.14969],[-40.19307,-20.14882],[-40.19306,-20.14815],[-40.19265,-20.14817],[-40.19249,-20.14577]]]},"properties":{"nome":"São Patrício","municipio":"Serra"}},
{"type":"Feature","geometry":{"type":"Polygon","coordinates":[[[-40.25381,-20.21843],[-40.25531,-20.2184],[-40.25802,-20.21776],[-40.25814,-20.21826],[-40.25892,-20.22122],[-40.26015,-20.22183],[-40.26198,-20.22359],[-40.25273,-20.224],[-40.25339,-20.22094],[-40.25352,-20.21971],[-40.25334,-20.21962],[-40.25381,-20.21843]]]},"properties":{"nome":"São Diogo II","municipio":"Serra"}},
{"type":"Feature","geometry":{"type":"Polygon","coordinates":[[[-40.17259,-20.10562],[-40.179,-20.10437],[-40.18396,-20.10393],[-40.18614,-20.10418],[-40.18766,-20.10353],[-40.19155,-20.10274],[-40.19058,-20.10622],[-40.19253,-20.1099],[-40.17865,-20.10945],[-40.17278,-20.11075],[-40.1728,-20.10933],[-40.17199,-20.10817],[-40.17197,-20.107],[-40.17259,-20.10562]]]},"properties":{"nome":"Praia de Capuba","municipio":"Serra"}},
{"type":"Feature","geometry":{"type":"Polygon","coordinates":[[[-40.17259,-20.10562],[-40.17295,-20.10436],[-40.17282,-20.10286],[-40.1754,-20.10186],[-40.17747,-20.10237],[-40.17868,-20.1008],[-40.18,-20.09978],[-40.18047,-20.09901],[-40.18147,-20.09943],[-40.1825,-20.09937],[-40.18432,-20.10068],[-40.18924,-20.10103],[-40.19027,-20.10242],[-40.19155,-20.10274],[-40.18766,-20.10353],[-40.18614,-20.10418],[-40.18396,-20.10393],[-40.179,-20.10437],[-40.17259,-20.10562]]]},"properties":{"nome":"Costa Bela","municipio":"Serra"}},
{"type":"Feature","geometry":{"type":"Polygon","coordinates":[[[-40.27508,-20.23355],[-40.27735,-20.23212],[-40.27901,-20.23288],[-40.27907,-20.23362],[-40.28,-20.23446],[-40.28041,-20.2344],[-40.28067,-20.23478],[-40.28103,-20.23427],[-40.2836,-20.23593],[-40.28316,-20.23673],[-40.28684,-20.23858],[-40.28671,-20.23883],[-40.28919,-20.23944],[-40.28904,-20.24009],[-40.28563,-20.2401],[-40.28501,-20.24036],[-40.2812,-20.24026],[-40.28078,-20.24049],[-40.28049,-20.24127],[-40.27879,-20.23895],[-40.27653,-20.23569],[-40.27508,-20.23355]]]},"properties":{"nome":"Boa Vista II","municipio":"Serra"}},
{"type":"Feature","geometry":{"type":"Polygon","coordinates":[[[-40.25144,-20.18408],[-40.25232,-20.18363],[-40.25363,-20.18344],[-40.25436,-20.18259],[-40.255,-20.18226],[-40.25743,-20.18159],[-40.25938,-20.18247],[-40.26017,-20.18283],[-40.26081,-20.18368],[-40.26213,-20.18428],[-40.2619,-20.18534],[-40.26302,-20.18523],[-40.26326,-20.18401],[-40.26413,-20.18381],[-40.26523,-20.18401],[-40.26651,-20.18371],[-40.26805,-20.18676],[-40.26858,-20.19361],[-40.26256,-20.19399],[-40.26032,-20.19413],[-40.26022,-20.19255],[-40.25771,-20.19261],[-40.25658,-20.19192],[-40.25621,-20.18973],[-40.25341,-20.18766],[-40.25144,-20.18408]]]},"properties":{"nome":"Colina de Laranjeiras","municipio":"Serra"}},
{"type":"Feature","geometry":{"type":"Polygon","coordinates":[[[-40.30779,-20.13021],[-40.30807,-20.12872],[-40.30868,-20.12882],[-40.30888,-20.12861],[-40.30878,-20.12803],[-40.30956,-20.12737],[-40.31023,-20.12842],[-40.31081,-20.12836],[-40.31109,-20.12882],[-40.31097,-20.13028],[-40.3123,-20.13012],[-40.31244,-20.12991],[-40.31348,-20.13],[-40.31391,-20.13146],[-40.31331,-20.13161],[-40.31297,-20.13234],[-40.3115,-20.13242],[-40.31001,-20.13421],[-40.31023,-20.1334],[-40.3093,-20.1316],[-40.30892,-20.13113],[-40.30848,-20.13149],[-40.30797,-20.1307],[-40.30743,-20.13062],[-40.30779,-20.13021]]]},"properties":{"nome":"Santo Antônio","municipio":"Serra"}},
{"type":"Feature","geometry":{"type":"Polygon","coordinates":[[[-40.18437,-20.16678],[-40.18467,-20.1658],[-40.18394,-20.16296],[-40.18396,-20.16058],[-40.18422,-20.15967],[-40.18381,-20.15616],[-40.18263,-20.15567],[-40.18291,-20.15537],[-40.18366,-20.15558],[-40.18552,-20.15645],[-40.18543,-20.1576],[-40.18708,-20.1582],[-40.18715,-20.15936],[-40.18784,-20.15928],[-40.1882,-20.1649],[-40.18837,-20.16764],[-40.18593,-20.16772],[-40.18519,-20.16705],[-40.18437,-20.16678]]]},"properties":{"nome":"Castelândia","municipio":"Serra"}},
{"type":"Feature","geometry":{"type":"Polygon","coordinates":[[[-40.17278,-20.11075],[-40.17865,-20.10945],[-40.19253,-20.1099],[-40.19329,-20.11131],[-40.19273,-20.11176],[-40.17991,-20.11416],[-40.17652,-20.11292],[-40.17459,-20.11353],[-40.17334,-20.11203],[-40.17278,-20.11075]]]},"properties":{"nome":"Enseada de Jacaraípe","municipio":"Serra"}},
{"type":"Feature","geometry":{"type":"Polygon","coordinates":[[[-40.30898,-20.11409],[-40.31073,-20.11508],[-40.31184,-20.11515],[-40.31297,-20.1149],[-40.31302,-20.1143],[-40.31125,-20.11405],[-40.3112,-20.11454],[-40.3109,-20.11452],[-40.30853,-20.11338],[-40.30746,-20.11257],[-40.30702,-20.11201],[-40.30761,-20.11125],[-40.30908,-20.11188],[-40.30963,-20.11137],[-40.30701,-20.11033],[-40.30768,-20.10933],[-40.30817,-20.10963],[-40.30832,-20.10943],[-40.30933,-20.11036],[-40.3104,-20.11242],[-40.31099,-20.11282],[-40.3136,-20.11219],[-40.31424,-20.111],[-40.31787,-20.11196],[-40.31765,-20.11321],[-40.31916,-20.11449],[-40.31926,-20.11495],[-40.31457,-20.11732],[-40.308,-20.12079],[-40.30589,-20.11928],[-40.30635,-20.11837],[-40.30689,-20.11802],[-40.30746,-20.11641],[-40.30781,-20.1165],[-40.30898,-20.11409]]]},"properties":{"nome":"Jardim Bela Vista","municipio":"Serra"}},
{"type":"Feature","geometry":{"type":"Polygon","coordinates":[[[-40.30186,-20.11653],[-40.30188,-20.11561],[-40.30296,-20.11524],[-40.30204,-20.1129],[-40.30236,-20.11263],[-40.30245,-20.10966],[-40.30355,-20.10962],[-40.30547,-20.11023],[-40.30613,-20.11086],[-40.3062,-20.11137],[-40.30663,-20.11162],[-40.30667,-20.11229],[-40.3073,-20.1132],[-40.30898,-20.11409],[-40.30781,-20.1165],[-40.30746,-20.11641],[-40.30689,-20.11802],[-40.30635,-20.11837],[-40.30589,-20.11928],[-40.30441,-20.11844],[-40.30394,-20.11771],[-40.30297,-20.11775],[-40.30186,-20.11653]]]},"properties":{"nome":"Palmeiras","municipio":"Serra"}},
{"type":"Feature","geometry":{"type":"Polygon","coordinates":[[[-40.19265,-20.14817],[-40.19306,-20.14815],[-40.19307,-20.14882],[-40.19392,-20.14969],[-40.19346,-20.15011],[-40.19595,-20.15244],[-40.1964,-20.1525],[-40.19638,-20.15313],[-40.19551,-20.15329],[-40.19441,-20.15264],[-40.19409,-20.1536],[-40.19326,-20.15382],[-40.19228,-20.15453],[-40.1915,-20.15462],[-40.18994,-20.15387],[-40.18936,-20.1539],[-40.18881,-20.15537],[-40.18727,-20.15576],[-40.18753,-20.15688],[-40.18683,-20.15758],[-40.18659,-20.15753],[-40.18639,-20.15677],[-40.18552,-20.15645],[-40.18366,-20.15558],[-40.18426,-20.15446],[-40.18445,-20.15319],[-40.18455,-20.14995],[-40.18432,-20.14845],[-40.19265,-20.14817]]]},"properties":{"nome":"Parque Jacaraípe","municipio":"Serra"}},
{"type":"Feature","geometry":{"type":"Polygon","coordinates":[[[-40.26571,-20.17742],[-40.26641,-20.17718],[-40.26644,-20.17685],[-40.26721,-20.17611],[-40.26822,-20.17624],[-40.2694,-20.17687],[-40.27056,-20.17693],[-40.27093,-20.17713],[-40.2722,-20.18025],[-40.27284,-20.18025],[-40.27397,-20.17944],[-40.27636,-20.1787],[-40.28176,-20.18027],[-40.28473,-20.18282],[-40.28441,-20.18905],[-40.282,-20.18811],[-40.27609,-20.18576],[-40.27441,-20.18541],[-40.26976,-20.18768],[-40.2705,-20.18963],[-40.27054,-20.19073],[-40.2699,-20.19229],[-40.26967,-20.19401],[-40.2686,-20.19389],[-40.26858,-20.19361],[-40.26805,-20.18676],[-40.26651,-20.18371],[-40.26541,-20.18163],[-40.26531,-20.17914],[-40.26553,-20.17815],[-40.26571,-20.17742]]]},"properties":{"nome":"Laranjeiras Velha","municipio":"Serra"}},
{"type":"Feature","geometry":{"type":"Polygon","coordinates":[[[-40.25685,-20.15306],[-40.25743,-20.15241],[-40.25791,-20.15238],[-40.25904,-20.15254],[-40.25974,-20.1532],[-40.26104,-20.15333],[-40.26191,-20.15354],[-40.26305,-20.15467],[-40.26525,-20.15494],[-40.26739,-20.15561],[-40.26804,-20.15552],[-40.26899,-20.15449],[-40.26998,-20.15395],[-40.27134,-20.15393],[-40.27409,-20.15312],[-40.27528,-20.15428],[-40.27568,-20.15436],[-40.2758,-20.15382],[-40.2778,-20.15414],[-40.27498,-20.16251],[-40.27386,-20.16256],[-40.2741,-20.16172],[-40.26544,-20.16033],[-40.26538,-20.15941],[-40.26507,-20.15901],[-40.26443,-20.15885],[-40.26244,-20.15922],[-40.26127,-20.15874],[-40.26077,-20.15812],[-40.26024,-20.15589],[-40.25737,-20.15457],[-40.25683,-20.15395],[-40.25685,-20.15306]]]},"properties":{"nome":"Nova Carapina I","municipio":"Serra"}},
{"type":"Feature","geometry":{"type":"Polygon","coordinates":[[[-40.19436,-20.16896],[-40.19564,-20.1688],[-40.19793,-20.17006],[-40.19934,-20.17013],[-40.20119,-20.17074],[-40.20229,-20.17183],[-40.20413,-20.17105],[-40.20484,-20.17116],[-40.20583,-20.17177],[-40.20661,-20.17142],[-40.21035,-20.17183],[-40.21206,-20.1709],[-40.21223,-20.17005],[-40.21297,-20.17009],[-40.21369,-20.17026],[-40.21524,-20.17159],[-40.21917,-20.17318],[-40.21964,-20.17373],[-40.21483,-20.17474],[-40.21131,-20.17591],[-40.20988,-20.17577],[-40.20958,-20.1755],[-40.20949,-20.1758],[-40.2066,-20.17588],[-40.20573,-20.17639],[-40.20553,-20.17728],[-40.20587,-20.17787],[-40.2056,-20.17811],[-40.20337,-20.1791],[-40.20233,-20.17875],[-40.19922,-20.18035],[-40.1983,-20.18059],[-40.19651,-20.18019],[-40.1969,-20.17884],[-40.19723,-20.17517],[-40.19564,-20.17385],[-40.19486,-20.1724],[-40.19488,-20.1719],[-40.19427,-20.17117],[-40.19436,-20.16896]]]},"properties":{"nome":"Feu Rosa","municipio":"Serra"}},
{"type":"Feature","geometry":{"type":"Polygon","coordinates":[[[-40.19502,-20.05017],[-40.19672,-20.05003],[-40.19733,-20.05012],[-40.19668,-20.0537],[-40.1975,-20.05426],[-40.19418,-20.05673],[-40.19451,-20.05763],[-40.19151,-20.0575],[-40.19236,-20.05631],[-40.19259,-20.05543],[-40.19357,-20.05551],[-40.19434,-20.05514],[-40.19502,-20.05017]]]},"properties":{"nome":"Nova Almeida Centro","municipio":"Serra"}},
{"type":"Feature","geometry":{"type":"Polygon","coordinates":[[[-40.26233,-20.25486],[-40.26226,-20.25384],[-40.26269,-20.25278],[-40.26193,-20.25212],[-40.26139,-20.25204],[-40.26392,-20.24689],[-40.25976,-20.24496],[-40.26006,-20.24418],[-40.26161,-20.24361],[-40.262,-20.24272],[-40.26513,-20.24409],[-40.26568,-20.24316],[-40.26854,-20.24661],[-40.26897,-20.24764],[-40.2682,-20.24817],[-40.26835,-20.24838],[-40.26816,-20.24852],[-40.26802,-20.24832],[-40.26764,-20.2485],[-40.2672,-20.24828],[-40.26724,-20.24753],[-40.26682,-20.24735],[-40.2668,-20.24816],[-40.26532,-20.2506],[-40.26517,-20.25123],[-40.26581,-20.25154],[-40.26548,-20.25217],[-40.266,-20.25247],[-40.26562,-20.25276],[-40.26564,-20.25326],[-40.26452,-20.25452],[-40.26233,-20.25486]]]},"properties":{"nome":"Bairro de Fátima","municipio":"Serra"}},
{"type":"Feature","geometry":{"type":"Polygon","coordinates":[[[-40.19481,-20.13495],[-40.1955,-20.13473],[-40.20252,-20.13957],[-40.20225,-20.14108],[-40.20114,-20.14043],[-40.19574,-20.14494],[-40.19371,-20.14587],[-40.19249,-20.14577],[-40.19246,-20.14535],[-40.19216,-20.14543],[-40.19203,-20.14358],[-40.19331,-20.14161],[-40.19442,-20.13998],[-40.19354,-20.13859],[-40.19481,-20.13495]]]},"properties":{"nome":"Costa Dourada","municipio":"Serra"}},
{"type":"Feature","geometry":{"type":"Polygon","coordinates":[[[-40.27348,-20.1996],[-40.27205,-20.19818],[-40.27154,-20.19572],[-40.2728,-20.1955],[-40.27349,-20.19579],[-40.27419,-20.19698],[-40.27544,-20.19694],[-40.27751,-20.19776],[-40.27936,-20.19845],[-40.28136,-20.19713],[-40.28185,-20.19706],[-40.2831,-20.19763],[-40.28312,-20.20015],[-40.28159,-20.20175],[-40.28172,-20.2019],[-40.28006,-20.20151],[-40.27727,-20.19953],[-40.2756,-20.20012],[-40.2753,-20.19921],[-40.27428,-20.19894],[-40.27348,-20.1996]]]},"properties":{"nome":"José de Anchieta II","municipio":"Serra"}},
{"type":"Feature","geometry":{"type":"Polygon","coordinates":[[[-40.30385,-20.13347],[-40.30283,-20.13197],[-40.30316,-20.13174],[-40.30283,-20.13147],[-40.3023,-20.13127],[-40.30111,-20.13153],[-40.30037,-20.13049],[-40.29985,-20.12878],[-40.3049,-20.12905],[-40.30445,-20.1301],[-40.30428,-20.13055],[-40.30541,-20.13196],[-40.3049,-20.13318],[-40.30385,-20.13347]]]},"properties":{"nome":"Maria Niobe","municipio":"Serra"}},
{"type":"Feature","geometry":{"type":"Polygon","coordinates":[[[-40.19826,-20.04436],[-40.20054,-20.04435],[-40.2027,-20.04321],[-40.20257,-20.04268],[-40.20349,-20.04261],[-40.20365,-20.04335],[-40.20344,-20.04414],[-40.2037,-20.04484],[-40.20337,-20.04563],[-40.20335,-20.0471],[-40.20261,-20.04727],[-40.20293,-20.04842],[-40.20238,-20.04857],[-40.20276,-20.04997],[-40.20231,-20.05032],[-40.20269,-20.05154],[-40.20094,-20.05301],[-40.20072,-20.05163],[-40.20011,-20.05213],[-40.19882,-20.04767],[-40.1994,-20.04748],[-40.19826,-20.04436]]]},"properties":{"nome":"Praiamar","municipio":"Serra"}},
{"type":"Feature","geometry":{"type":"Polygon","coordinates":[[[-40.2738,-20.12181],[-40.27446,-20.12127],[-40.27536,-20.12097],[-40.27623,-20.12127],[-40.27824,-20.12099],[-40.27852,-20.12228],[-40.27972,-20.12276],[-40.28046,-20.12399],[-40.28032,-20.12414],[-40.28134,-20.12485],[-40.28169,-20.12452],[-40.28236,-20.12451],[-40.28345,-20.12523],[-40.28639,-20.12573],[-40.28697,-20.12612],[-40.28783,-20.1279],[-40.28704,-20.12944],[-40.28747,-20.13045],[-40.28955,-20.13092],[-40.2919,-20.13226],[-40.29253,-20.13226],[-40.29242,-20.13274],[-40.29344,-20.13315],[-40.29328,-20.1334],[-40.29251,-20.13507],[-40.29229,-20.13689],[-40.29131,-20.13773],[-40.29081,-20.13863],[-40.29012,-20.13771],[-40.28841,-20.13863],[-40.28635,-20.1388],[-40.28505,-20.13852],[-40.28401,-20.13813],[-40.28325,-20.13714],[-40.28342,-20.13436],[-40.28268,-20.13252],[-40.28296,-20.13178],[-40.28271,-20.13165],[-40.28048,-20.13081],[-40.25963,-20.12746],[-40.27106,-20.12468],[-40.27269,-20.12249],[-40.2738,-20.12181]]]},"properties":{"nome":"Planalto Serrano","municipio":"Serra"}},
{"type":"Feature","geometry":{"type":"Polygon","coordinates":[[[-40.47082,-20.58137],[-40.4699,-20.57919],[-40.46837,-20.57763],[-40.46775,-20.57645],[-40.46801,-20.57504],[-40.46475,-20.5733],[-40.46676,-20.57055],[-40.46584,-20.56873],[-40.46617,-20.56661],[-40.46586,-20.56293],[-40.46303,-20.55704],[-40.46427,-20.55595],[-40.46403,-20.55467],[-40.46418,-20.55415],[-40.46532,-20.55299],[-40.46836,-20.55537],[-40.46948,-20.55509],[-40.47157,-20.55285],[-40.47151,-20.55357],[-40.47293,-20.55517],[-40.47291,-20.55739],[-40.4733,-20.55843],[-40.47399,-20.55993],[-40.47537,-20.56117],[-40.47658,-20.56316],[-40.47703,-20.565],[-40.47692,-20.56555],[-40.47804,-20.56594],[-40.47821,-20.5679],[-40.48008,-20.56714],[-40.48057,-20.56742],[-40.48113,-20.56925],[-40.48192,-20.57411],[-40.48173,-20.57671],[-40.477,-20.57799],[-40.47588,-20.57894],[-40.4754,-20.58035],[-40.47468,-20.58096],[-40.47281,-20.58059],[-40.47082,-20.58137]]]},"properties":{"nome":"Comunidade Urbana de Fazenda Boa Vista","municipio":"Guarapari"}},
{"type":"Feature","geometry":{"type":"Polygon","coordinates":[[[-40.26639,-20.14752],[-40.26766,-20.14716],[-40.26893,-20.1473],[-40.27055,-20.14832],[-40.27133,-20.14849],[-40.27311,-20.14752],[-40.27318,-20.14718],[-40.27765,-20.14765],[-40.28039,-20.14767],[-40.27942,-20.14917],[-40.2778,-20.15414],[-40.2758,-20.15382],[-40.27568,-20.15436],[-40.27528,-20.15428],[-40.27409,-20.15312],[-40.27134,-20.15393],[-40.26998,-20.15395],[-40.26899,-20.15449],[-40.26804,-20.15552],[-40.26739,-20.15561],[-40.26525,-20.15494],[-40.26305,-20.15467],[-40.26191,-20.15354],[-40.26104,-20.15333],[-40.26242,-20.15284],[-40.26359,-20.15168],[-40.26573,-20.14896],[-40.26639,-20.14752]]]},"properties":{"nome":"Nova Carapina II","municipio":"Serra"}},
{"type":"Feature","geometry":{"type":"Polygon","coordinates":[[[-40.49887,-20.64975],[-40.4984,-20.64903],[-40.49799,-20.6466],[-40.50043,-20.6442],[-40.50062,-20.64538],[-40.50141,-20.64565],[-40.5008,-20.6468],[-40.50109,-20.64994],[-40.49994,-20.65108],[-40.49887,-20.64975]]]},"properties":{"nome":"Adalberto Simão Nader","municipio":"Guarapari"}},
{"type":"Feature","geometry":{"type":"Polygon","coordinates":[[[-40.32796,-20.10949],[-40.32889,-20.10852],[-40.3293,-20.10948],[-40.32768,-20.11072],[-40.32802,-20.11179],[-40.32714,-20.11275],[-40.32666,-20.1123],[-40.32566,-20.11299],[-40.32608,-20.1137],[-40.32543,-20.11454],[-40.32522,-20.1159],[-40.32498,-20.11615],[-40.32382,-20.11631],[-40.32439,-20.11773],[-40.32404,-20.11924],[-40.32095,-20.12109],[-40.31947,-20.1218],[-40.31898,-20.12114],[-40.31936,-20.11991],[-40.32115,-20.11791],[-40.32099,-20.1168],[-40.32017,-20.11592],[-40.31908,-20.11702],[-40.31833,-20.11736],[-40.31847,-20.11761],[-40.31746,-20.11814],[-40.31774,-20.11863],[-40.31684,-20.11909],[-40.31722,-20.11977],[-40.31709,-20.12013],[-40.31514,-20.11939],[-40.31457,-20.11732],[-40.31926,-20.11495],[-40.32562,-20.1117],[-40.32796,-20.10949]]]},"properties":{"nome":"Jardim da Serra","municipio":"Serra"}},
{"type":"Feature","geometry":{"type":"Polygon","coordinates":[[[-40.19479,-20.05807],[-40.19653,-20.0584],[-40.19774,-20.05785],[-40.19759,-20.05809],[-40.19845,-20.05835],[-40.19813,-20.0585],[-40.1976,-20.05992],[-40.19686,-20.06064],[-40.19538,-20.06106],[-40.19494,-20.06146],[-40.19474,-20.06246],[-40.19395,-20.06316],[-40.19322,-20.06326],[-40.19344,-20.06417],[-40.1931,-20.06531],[-40.19046,-20.06648],[-40.18956,-20.06613],[-40.19045,-20.06415],[-40.19048,-20.06312],[-40.1912,-20.06172],[-40.1926,-20.06211],[-40.19262,-20.06145],[-40.19356,-20.05888],[-40.19479,-20.05807]]]},"properties":{"nome":"Boa Vista I","municipio":"Serra"}},
{"type":"Feature","geometry":{"type":"Polygon","coordinates":[[[-40.24451,-20.17909],[-40.24542,-20.17807],[-40.24671,-20.17754],[-40.24819,-20.17739],[-40.25099,-20.17595],[-40.25191,-20.17654],[-40.25267,-20.17655],[-40.25399,-20.17539],[-40.25615,-20.17458],[-40.25937,-20.1748],[-40.26033,-20.17637],[-40.2608,-20.17672],[-40.26324,-20.17618],[-40.26373,-20.17628],[-40.26553,-20.17815],[-40.26531,-20.17914],[-40.26434,-20.1795],[-40.26428,-20.17987],[-40.26364,-20.1799],[-40.2636,-20.18019],[-40.26074,-20.18061],[-40.25953,-20.18174],[-40.25978,-20.1821],[-40.25938,-20.18247],[-40.25743,-20.18159],[-40.255,-20.18226],[-40.25436,-20.18259],[-40.25363,-20.18344],[-40.25232,-20.18363],[-40.25144,-20.18408],[-40.25109,-20.18318],[-40.25057,-20.18317],[-40.24961,-20.18211],[-40.24593,-20.18037],[-40.2447,-20.17955],[-40.24451,-20.17909]]]},"properties":{"nome":"Taquara II","municipio":"Serra"}},
{"type":"Feature","geometry":{"type":"Polygon","coordinates":[[[-40.26213,-20.14086],[-40.26232,-20.14054],[-40.26342,-20.14009],[-40.26466,-20.14378],[-40.26501,-20.14387],[-40.26567,-20.14476],[-40.26756,-20.14426],[-40.26764,-20.14538],[-40.26676,-20.14612],[-40.26669,-20.14709],[-40.26639,-20.14752],[-40.26573,-20.14896],[-40.26359,-20.15168],[-40.26242,-20.15284],[-40.26104,-20.15333],[-40.25974,-20.1532],[-40.25904,-20.15254],[-40.25791,-20.15238],[-40.25743,-20.15241],[-40.25685,-20.15306],[-40.25624,-20.15319],[-40.2551,-20.1532],[-40.25486,-20.15214],[-40.25259,-20.15025],[-40.25323,-20.14996],[-40.25436,-20.14737],[-40.25491,-20.14688],[-40.25579,-20.14638],[-40.25678,-20.14639],[-40.25711,-20.14567],[-40.26076,-20.14344],[-40.26191,-20.14404],[-40.26235,-20.14206],[-40.26213,-20.14086]]]},"properties":{"nome":"Eldorado","municipio":"Serra"}},
{"type":"Feature","geometry":{"type":"Polygon","coordinates":[[[-40.21397,-20.21584],[-40.21423,-20.21356],[-40.22051,-20.21129],[-40.22371,-20.21189],[-40.22747,-20.21359],[-40.22904,-20.21405],[-40.22974,-20.21389],[-40.23102,-20.21288],[-40.23327,-20.21224],[-40.23699,-20.21368],[-40.23627,-20.21506],[-40.23462,-20.21832],[-40.23397,-20.22039],[-40.23249,-20.22126],[-40.23229,-20.22183],[-40.23091,-20.22286],[-40.22995,-20.22282],[-40.22818,-20.22336],[-40.22598,-20.22658],[-40.22476,-20.22643],[-40.22284,-20.2258],[-40.22183,-20.22636],[-40.22027,-20.22403],[-40.22336,-20.22236],[-40.22104,-20.21862],[-40.21961,-20.21816],[-40.22109,-20.21668],[-40.22257,-20.21609],[-40.22304,-20.2156],[-40.22255,-20.21361],[-40.22143,-20.21237],[-40.21915,-20.21318],[-40.21818,-20.21502],[-40.21719,-20.21529],[-40.21666,-20.21602],[-40.21539,-20.21678],[-40.21465,-20.21662],[-40.21397,-20.21584]]]},"properties":{"nome":"Cidade Continental","municipio":"Serra"}},
{"type":"Feature","geometry":{"type":"Polygon","coordinates":[[[-40.25624,-20.15319],[-40.25685,-20.15306],[-40.25683,-20.15395],[-40.25737,-20.15457],[-40.26024,-20.15589],[-40.26077,-20.15812],[-40.26127,-20.15874],[-40.26244,-20.15922],[-40.26443,-20.15885],[-40.26507,-20.15901],[-40.26538,-20.15941],[-40.26544,-20.16033],[-40.26529,-20.16094],[-40.26555,-20.16145],[-40.26709,-20.16309],[-40.26752,-20.16409],[-40.26878,-20.16571],[-40.26964,-20.16524],[-40.27025,-20.16274],[-40.27135,-20.16321],[-40.27232,-20.16328],[-40.27159,-20.16417],[-40.2713,-20.16516],[-40.27259,-20.16465],[-40.27271,-20.16526],[-40.27309,-20.16544],[-40.26717,-20.17307],[-40.26475,-20.1702],[-40.26452,-20.1659],[-40.26401,-20.1648],[-40.26315,-20.16396],[-40.25614,-20.15967],[-40.25661,-20.15814],[-40.25513,-20.15495],[-40.25624,-20.15319]]]},"properties":{"nome":"Barro Branco","municipio":"Serra"}},
{"type":"Feature","geometry":{"type":"Polygon","coordinates":[[[-40.27309,-20.16544],[-40.27271,-20.16526],[-40.27259,-20.16465],[-40.2713,-20.16516],[-40.27159,-20.16417],[-40.27232,-20.16328],[-40.27135,-20.16321],[-40.27025,-20.16274],[-40.26964,-20.16524],[-40.26878,-20.16571],[-40.26752,-20.16409],[-40.26709,-20.16309],[-40.26555,-20.16145],[-40.26529,-20.16094],[-40.26544,-20.16033],[-40.2741,-20.16172],[-40.27386,-20.16256],[-40.27498,-20.16251],[-40.27309,-20.16544]]]},"properties":{"nome":"Parque Residencial Mestre Álvaro","municipio":"Serra"}},
{"type":"Feature","geometry":{"type":"Polygon","coordinates":[[[-40.24408,-20.15563],[-40.24765,-20.15514],[-40.24926,-20.15571],[-40.25025,-20.15648],[-40.25141,-20.15669],[-40.2526,-20.15635],[-40.2526,-20.15738],[-40.25291,-20.1579],[-40.25609,-20.15974],[-40.2545,-20.1603],[-40.25332,-20.16112],[-40.25267,-20.16047],[-40.25174,-20.16031],[-40.25073,-20.16116],[-40.24844,-20.16188],[-40.24718,-20.16085],[-40.24613,-20.16036],[-40.24534,-20.16031],[-40.24207,-20.15814],[-40.24072,-20.15753],[-40.24088,-20.15723],[-40.24117,-20.15684],[-40.24236,-20.15689],[-40.24408,-20.15563]]]},"properties":{"nome":"Mata da Serra","municipio":"Serra"}},
{"type":"Feature","geometry":{"type":"Polygon","coordinates":[[[-40.2459,-20.13307],[-40.24545,-20.13167],[-40.24615,-20.12975],[-40.246,-20.12774],[-40.25143,-20.12824],[-40.25224,-20.12934],[-40.25078,-20.13061],[-40.25026,-20.13173],[-40.24975,-20.13174],[-40.24787,-20.13276],[-40.2459,-20.13307]]]},"properties":{"nome":"Santa Rita de Cássia","municipio":"Serra"}},
{"type":"Feature","geometry":{"type":"Polygon","coordinates":[[[-40.29155,-20.14275],[-40.2925,-20.14337],[-40.29315,-20.14444],[-40.29588,-20.14466],[-40.29598,-20.1444],[-40.2952,-20.14393],[-40.29509,-20.14259],[-40.2974,-20.14077],[-40.29854,-20.14244],[-40.29825,-20.14259],[-40.29874,-20.14378],[-40.30008,-20.14567],[-40.29963,-20.14597],[-40.29835,-20.14609],[-40.29706,-20.14705],[-40.29706,-20.14796],[-40.29742,-20.14877],[-40.29669,-20.15037],[-40.29722,-20.15104],[-40.2962,-20.15205],[-40.29596,-20.15074],[-40.29518,-20.15026],[-40.295,-20.1499],[-40.29522,-20.14929],[-40.2946,-20.14842],[-40.29315,-20.14891],[-40.29308,-20.14765],[-40.29193,-20.14836],[-40.29107,-20.14777],[-40.2908,-20.14547],[-40.28973,-20.14577],[-40.28831,-20.14866],[-40.28658,-20.14851],[-40.2867,-20.14651],[-40.28839,-20.14621],[-40.28979,-20.14542],[-40.29075,-20.14434],[-40.29155,-20.14275]]]},"properties":{"nome":"Campinho da Serra II","municipio":"Serra"}},
{"type":"Feature","geometry":{"type":"Polygon","coordinates":[[[-40.29897,-20.12355],[-40.29986,-20.12272],[-40.30089,-20.12109],[-40.30077,-20.12082],[-40.30285,-20.12171],[-40.30361,-20.12288],[-40.3045,-20.12363],[-40.30262,-20.12523],[-40.30215,-20.12521],[-40.3011,-20.12446],[-40.29897,-20.12355]]]},"properties":{"nome":"Jardim Primavera","municipio":"Serra"}},
{"type":"Feature","geometry":{"type":"Polygon","coordinates":[[[-40.4024,-20.01751],[-40.40259,-20.0172],[-40.40352,-20.01755],[-40.4024,-20.02069],[-40.40155,-20.02189],[-40.39871,-20.02181],[-40.39848,-20.02154],[-40.3995,-20.02054],[-40.40101,-20.01986],[-40.40141,-20.01879],[-40.4024,-20.01751]]]},"properties":{"nome":"Santiago","municipio":"Serra"}},
{"type":"Feature","geometry":{"type":"Polygon","coordinates":[[[-40.31453,-20.1987],[-40.32912,-20.19837],[-40.33,-20.20226],[-40.33251,-20.20288],[-40.33379,-20.2028],[-40.33114,-20.20944],[-40.35091,-20.21186],[-40.35824,-20.21235],[-40.36147,-20.21441],[-40.35813,-20.22196],[-40.36079,-20.22456],[-40.36298,-20.22607],[-40.36215,-20.22834],[-40.35793,-20.228],[-40.35892,-20.22705],[-40.35366,-20.22193],[-40.35224,-20.22208],[-40.35153,-20.22274],[-40.35104,-20.22393],[-40.35052,-20.22439],[-40.34382,-20.22523],[-40.3457,-20.22663],[-40.35145,-20.22604],[-40.35181,-20.22704],[-40.34964,-20.22848],[-40.34605,-20.22902],[-40.34434,-20.22997],[-40.34422,-20.23037],[-40.34328,-20.23054],[-40.34045,-20.23194],[-40.33513,-20.23211],[-40.33121,-20.23263],[-40.3281,-20.23337],[-40.32799,-20.23322],[-40.32305,-20.23435],[-40.32189,-20.23512],[-40.31827,-20.23641],[-40.31514,-20.22607],[-40.31316,-20.22193],[-40.31419,-20.218],[-40.31705,-20.21228],[-40.31569,-20.21167],[-40.31508,-20.20251],[-40.31453,-20.1987]]]},"properties":{"nome":"Jacuhy","municipio":"Serra"}},
{"type":"Feature","geometry":{"type":"Polygon","coordinates":[[[-40.21657,-20.1331],[-40.22264,-20.13042],[-40.22762,-20.13086],[-40.22932,-20.13129],[-40.2334,-20.13303],[-40.2339,-20.13218],[-40.23547,-20.13338],[-40.23506,-20.13578],[-40.23512,-20.13649],[-40.23551,-20.13677],[-40.23763,-20.13752],[-40.24023,-20.13739],[-40.24293,-20.13656],[-40.24377,-20.1359],[-40.24356,-20.13522],[-40.24404,-20.13542],[-40.2443,-20.13523],[-40.24511,-20.13651],[-40.24493,-20.13804],[-40.24441,-20.13797],[-40.24389,-20.14031],[-40.24365,-20.14044],[-40.24343,-20.13999],[-40.24311,-20.14072],[-40.24176,-20.14111],[-40.24061,-20.14185],[-40.23861,-20.1443],[-40.23716,-20.14538],[-40.23781,-20.14608],[-40.23808,-20.14595],[-40.23854,-20.14678],[-40.23599,-20.14822],[-40.23484,-20.14853],[-40.23416,-20.14908],[-40.23281,-20.14934],[-40.23177,-20.14936],[-40.22961,-20.14848],[-40.22811,-20.14819],[-40.22594,-20.14875],[-40.22365,-20.14982],[-40.22085,-20.14921],[-40.21735,-20.14994],[-40.21422,-20.14919],[-40.21327,-20.1496],[-40.21174,-20.15108],[-40.20983,-20.15197],[-40.20933,-20.15299],[-40.20663,-20.15247],[-40.20557,-20.15272],[-40.2042,-20.15247],[-40.2032,-20.15291],[-40.20296,-20.15371],[-40.20234,-20.15376],[-40.20181,-20.15437],[-40.20104,-20.15446],[-40.20079,-20.15395],[-40.20032,-20.15383],[-40.20021,-20.15462],[-40.19983,-20.15461],[-40.19935,-20.1541],[-40.19982,-20.15313],[-40.19958,-20.15101],[-40.19984,-20.14917],[-40.20056,-20.14959],[-40.20118,-20.14875],[-40.20422,-20.1469],[-40.2024,-20.14557],[-40.20283,-20.14415],[-40.20342,-20.14329],[-40.20465,-20.14248],[-40.20423,-20.14153],[-40.20483,-20.14116],[-40.20581,-20.14132],[-40.20704,-20.14209],[-40.20783,-20.14186],[-40.21218,-20.1371],[-40.21569,-20.13441],[-40.21657,-20.1331]]]},"properties":{"nome":"Porto Dourado","municipio":"Serra"}},
{"type":"Feature","geometry":{"type":"Polygon","coordinates":[[[-40.24412,-20.204],[-40.24554,-20.20125],[-40.24534,-20.19958],[-40.2461,-20.20034],[-40.24665,-20.20029],[-40.24763,-20.20088],[-40.24878,-20.20216],[-40.25176,-20.20424],[-40.25023,-20.20548],[-40.24996,-20.2062],[-40.25147,-20.2088],[-40.24338,-20.20652],[-40.24412,-20.204]]]},"properties":{"nome":"Chácara Parreiral","municipio":"Serra"}},
{"type":"Feature","geometry":{"type":"Polygon","coordinates":[[[-40.47895,-20.64538],[-40.48019,-20.64403],[-40.47977,-20.64346],[-40.48097,-20.64261],[-40.48203,-20.64123],[-40.48262,-20.64085],[-40.48277,-20.64111],[-40.48302,-20.64155],[-40.48358,-20.64132],[-40.48942,-20.6478],[-40.48993,-20.64735],[-40.49075,-20.64815],[-40.49206,-20.64858],[-40.49453,-20.65136],[-40.49625,-20.65582],[-40.496,-20.65854],[-40.49643,-20.66235],[-40.496,-20.66248],[-40.4961,-20.66272],[-40.49579,-20.66315],[-40.49489,-20.6629],[-40.49488,-20.6624],[-40.49507,-20.66253],[-40.49532,-20.66223],[-40.49513,-20.66075],[-40.49474,-20.65995],[-40.49155,-20.65716],[-40.48924,-20.65554],[-40.48448,-20.65323],[-40.48056,-20.65236],[-40.47921,-20.65242],[-40.47892,-20.65287],[-40.47624,-20.65321],[-40.47476,-20.65395],[-40.47373,-20.65483],[-40.47363,-20.65525],[-40.47445,-20.65637],[-40.47429,-20.65662],[-40.4755,-20.65787],[-40.47491,-20.65822],[-40.47518,-20.65912],[-40.47577,-20.65987],[-40.4749,-20.66054],[-40.47509,-20.66104],[-40.47431,-20.66059],[-40.47368,-20.66071],[-40.47338,-20.66018],[-40.47244,-20.65975],[-40.47173,-20.65981],[-40.47202,-20.66058],[-40.47185,-20.66109],[-40.47038,-20.66066],[-40.46958,-20.6608],[-40.46851,-20.66053],[-40.46753,-20.65919],[-40.46751,-20.65885],[-40.46784,-20.65866],[-40.4663,-20.65735],[-40.46663,-20.65717],[-40.46872,-20.65748],[-40.4689,-20.65683],[-40.46734,-20.65641],[-40.46715,-20.65623],[-40.4673,-20.65594],[-40.46635,-20.65549],[-40.46624,-20.65493],[-40.46522,-20.65429],[-40.46548,-20.65407],[-40.46571,-20.65439],[-40.46601,-20.65416],[-40.46606,-20.65347],[-40.46475,-20.65264],[-40.46512,-20.65229],[-40.46595,-20.6523],[-40.46694,-20.65309],[-40.46756,-20.65302],[-40.47192,-20.65393],[-40.47267,-20.65229],[-40.4722,-20.65186],[-40.47255,-20.65134],[-40.47242,-20.65088],[-40.47265,-20.65079],[-40.47166,-20.64993],[-40.47094,-20.64986],[-40.47081,-20.64955],[-40.46992,-20.64906],[-40.46969,-20.6477],[-40.47024,-20.6472],[-40.46994,-20.64733],[-40.46947,-20.64711],[-40.46902,-20.64764],[-40.46869,-20.64698],[-40.46884,-20.64669],[-40.46825,-20.64627],[-40.46808,-20.64573],[-40.46706,-20.64599],[-40.46744,-20.64744],[-40.4672,-20.64778],[-40.46632,-20.64732],[-40.46597,-20.64672],[-40.4654,-20.64665],[-40.46483,-20.6462],[-40.46437,-20.64643],[-40.46408,-20.6462],[-40.46364,-20.64631],[-40.46323,-20.6456],[-40.46391,-20.64527],[-40.46416,-20.64588],[-40.46474,-20.64616],[-40.46488,-20.64563],[-40.46535,-20.64552],[-40.46551,-20.64493],[-40.46506,-20.64414],[-40.46458,-20.64396],[-40.46456,-20.64309],[-40.46514,-20.64323],[-40.46595,-20.64422],[-40.46583,-20.6445],[-40.46624,-20.64464],[-40.46832,-20.64323],[-40.46834,-20.64223],[-40.46923,-20.64237],[-40.47347,-20.64116],[-40.47429,-20.64162],[-40.47583,-20.64528],[-40.47787,-20.64563],[-40.47837,-20.64598],[-40.47895,-20.64538]]]},"properties":{"nome":"Praia do Morro","municipio":"Guarapari"}},
{"type":"Feature","geometry":{"type":"Polygon","coordinates":[[[-40.23627,-20.21506],[-40.23719,-20.21502],[-40.2375,-20.21472],[-40.23967,-20.21731],[-40.24011,-20.21738],[-40.24207,-20.216],[-40.2444,-20.21914],[-40.24482,-20.22069],[-40.24543,-20.22085],[-40.24588,-20.22136],[-40.24705,-20.22378],[-40.24808,-20.22392],[-40.24964,-20.22584],[-40.25229,-20.22579],[-40.25258,-20.22558],[-40.25237,-20.2244],[-40.25273,-20.224],[-40.26198,-20.22359],[-40.2622,-20.22396],[-40.26302,-20.22422],[-40.26302,-20.22624],[-40.26229,-20.22844],[-40.26326,-20.22966],[-40.26543,-20.22821],[-40.26723,-20.22739],[-40.26964,-20.22724],[-40.26979,-20.22773],[-40.27004,-20.22867],[-40.26968,-20.22874],[-40.26889,-20.23],[-40.26669,-20.23127],[-40.267,-20.23174],[-40.26557,-20.23259],[-40.26614,-20.23513],[-40.26801,-20.23641],[-40.26871,-20.23785],[-40.26796,-20.23896],[-40.2214,-20.23896],[-40.22195,-20.23844],[-40.22295,-20.23332],[-40.2234,-20.23304],[-40.22385,-20.23212],[-40.22306,-20.22889],[-40.22476,-20.22643],[-40.22598,-20.22658],[-40.22818,-20.22336],[-40.22995,-20.22282],[-40.23091,-20.22286],[-40.23229,-20.22183],[-40.23249,-20.22126],[-40.23397,-20.22039],[-40.23462,-20.21832],[-40.23627,-20.21506]]]},"properties":{"nome":"Polo Industrial Tubarão","municipio":"Serra"}},
{"type":"Feature","geometry":{"type":"Polygon","coordinates":[[[-40.37805,-20.0595],[-40.37866,-20.05963],[-40.37892,-20.06015],[-40.37919,-20.05992],[-40.37965,-20.06042],[-40.37995,-20.0603],[-40.38183,-20.0611],[-40.38254,-20.06078],[-40.38532,-20.06313],[-40.38641,-20.0618],[-40.38719,-20.06198],[-40.38778,-20.06141],[-40.3882,-20.06179],[-40.38846,-20.06152],[-40.39077,-20.06322],[-40.39291,-20.06435],[-40.39348,-20.06435],[-40.39414,-20.06512],[-40.39414,-20.06548],[-40.3949,-20.06539],[-40.39611,-20.06572],[-40.39713,-20.06731],[-40.3955,-20.06837],[-40.39375,-20.06823],[-40.39382,-20.06895],[-40.39301,-20.06999],[-40.39305,-20.07016],[-40.39371,-20.0697],[-40.39432,-20.06862],[-40.3952,-20.0688],[-40.39612,-20.06983],[-40.39629,-20.06956],[-40.39584,-20.06865],[-40.39666,-20.06806],[-40.39666,-20.0724],[-40.39555,-20.07222],[-40.39471,-20.07287],[-40.39455,-20.07254],[-40.39402,-20.07251],[-40.39288,-20.0729],[-40.39254,-20.07341],[-40.39217,-20.07351],[-40.39098,-20.07315],[-40.39062,-20.07343],[-40.3896,-20.07311],[-40.38691,-20.07503],[-40.3851,-20.07597],[-40.38532,-20.07697],[-40.38638,-20.07722],[-40.38733,-20.07786],[-40.38808,-20.07925],[-40.38877,-20.07978],[-40.38873,-20.08059],[-40.38719,-20.08053],[-40.38342,-20.08267],[-40.3822,-20.08259],[-40.38098,-20.08295],[-40.38074,-20.08275],[-40.38104,-20.08225],[-40.38168,-20.08189],[-40.3819,-20.08095],[-40.38109,-20.08055],[-40.3806,-20.07958],[-40.37921,-20.07872],[-40.37673,-20.07801],[-40.37646,-20.07705],[-40.37565,-20.07675],[-40.37348,-20.07624],[-40.37232,-20.07619],[-40.37159,-20.07664],[-40.37107,-20.07634],[-40.37065,-20.07516],[-40.37101,-20.07404],[-40.37051,-20.07339],[-40.36948,-20.07311],[-40.36749,-20.07327],[-40.36432,-20.07611],[-40.365,-20.0778],[-40.36536,-20.07746],[-40.36694,-20.07875],[-40.36743,-20.07886],[-40.36806,-20.07798],[-40.3687,-20.07835],[-40.36732,-20.08068],[-40.36671,-20.08039],[-40.36413,-20.08115],[-40.36278,-20.08102],[-40.36167,-20.08035],[-40.36079,-20.08092],[-40.35966,-20.08102],[-40.35945,-20.07998],[-40.35901,-20.07972],[-40.35853,-20.0786],[-40.35607,-20.07806],[-40.35642,-20.07725],[-40.35257,-20.07471],[-40.35679,-20.07106],[-40.35991,-20.06945],[-40.36225,-20.06887],[-40.37395,-20.06705],[-40.37492,-20.06671],[-40.37571,-20.06583],[-40.37707,-20.06127],[-40.37805,-20.0595]]]},"properties":{"nome":"Chapada Grande","municipio":"Serra"}},
{"type":"Feature","geometry":{"type":"Polygon","coordinates":[[[-40.20933,-20.15299],[-40.20983,-20.15197],[-40.21174,-20.15108],[-40.21327,-20.1496],[-40.21422,-20.14919],[-40.21735,-20.14994],[-40.22085,-20.14921],[-40.22365,-20.14982],[-40.22594,-20.14875],[-40.22811,-20.14819],[-40.22961,-20.14848],[-40.23177,-20.14936],[-40.23281,-20.14934],[-40.23254,-20.15072],[-40.23335,-20.15265],[-40.23375,-20.15333],[-40.23668,-20.15608],[-40.23946,-20.15728],[-40.24088,-20.15723],[-40.24072,-20.15753],[-40.24207,-20.15814],[-40.24534,-20.16031],[-40.24613,-20.16036],[-40.24718,-20.16085],[-40.24844,-20.16188],[-40.25073,-20.16116],[-40.25174,-20.16031],[-40.25267,-20.16047],[-40.25332,-20.16112],[-40.25046,-20.16281],[-40.25005,-20.16516],[-40.25075,-20.16723],[-40.24977,-20.16756],[-40.24772,-20.16712],[-40.24655,-20.16744],[-40.24525,-20.16741],[-40.24439,-20.16778],[-40.24391,-20.16772],[-40.2425,-20.16856],[-40.24211,-20.16907],[-40.24133,-20.16885],[-40.23843,-20.16918],[-40.23658,-20.16832],[-40.2352,-20.16799],[-40.23455,-20.16694],[-40.2339,-20.16648],[-40.2318,-20.16634],[-40.23014,-20.16535],[-40.22799,-20.16485],[-40.22456,-20.16206],[-40.22243,-20.15936],[-40.22169,-20.15915],[-40.22019,-20.15966],[-40.21881,-20.15959],[-40.21663,-20.15892],[-40.21401,-20.15733],[-40.2109,-20.15467],[-40.20933,-20.15299]]]},"properties":{"nome":"Civit I","municipio":"Serra"}},
{"type":"Feature","geometry":{"type":"Polygon","coordinates":[[[-40.4434,-20.61576],[-40.45205,-20.61411],[-40.45337,-20.61859],[-40.45377,-20.62133],[-40.45339,-20.62141],[-40.45393,-20.62361],[-40.45129,-20.62444],[-40.44925,-20.62561],[-40.44735,-20.62765],[-40.44557,-20.63072],[-40.44503,-20.63121],[-40.44474,-20.63051],[-40.44366,-20.62993],[-40.44405,-20.62786],[-40.44358,-20.62506],[-40.44364,-20.62424],[-40.44591,-20.62303],[-40.44639,-20.62168],[-40.44611,-20.62056],[-40.4435,-20.61761],[-40.4434,-20.61576]]]},"properties":{"nome":"Pontal de Santa Mônica","municipio":"Guarapari"}},
{"type":"Feature","geometry":{"type":"Polygon","coordinates":[[[-40.49059,-20.63335],[-40.49394,-20.63205],[-40.49504,-20.6311],[-40.49595,-20.63119],[-40.49756,-20.62958],[-40.49784,-20.6296],[-40.49658,-20.63209],[-40.49549,-20.63514],[-40.49539,-20.63776],[-40.49419,-20.63906],[-40.49489,-20.63993],[-40.49441,-20.64123],[-40.49475,-20.64261],[-40.49587,-20.64368],[-40.4964,-20.64551],[-40.49631,-20.64834],[-40.49743,-20.65111],[-40.49887,-20.64975],[-40.49994,-20.65108],[-40.49768,-20.65313],[-40.49647,-20.65316],[-40.49453,-20.65136],[-40.49206,-20.64858],[-40.49075,-20.64815],[-40.48993,-20.64735],[-40.48942,-20.6478],[-40.48358,-20.64132],[-40.48302,-20.64155],[-40.48277,-20.64111],[-40.48503,-20.64],[-40.48598,-20.6408],[-40.48737,-20.64071],[-40.48937,-20.63887],[-40.48946,-20.63845],[-40.48874,-20.6375],[-40.4887,-20.63696],[-40.49046,-20.6341],[-40.49059,-20.63335]]]},"properties":{"nome":"Aeroporto","municipio":"Guarapari"}},
{"type":"Feature","geometry":{"type":"Polygon","coordinates":[[[-40.46998,-20.63871],[-40.47177,-20.63829],[-40.47337,-20.63948],[-40.47509,-20.6383],[-40.47809,-20.6395],[-40.47774,-20.64092],[-40.47795,-20.64218],[-40.4771,-20.64276],[-40.47895,-20.64538],[-40.47837,-20.64598],[-40.47787,-20.64563],[-40.47583,-20.64528],[-40.47429,-20.64162],[-40.47347,-20.64116],[-40.46923,-20.64237],[-40.46937,-20.64208],[-40.46978,-20.64209],[-40.46991,-20.64171],[-40.46998,-20.63871]]]},"properties":{"nome":"Village da Praia","municipio":"Guarapari"}},
{"type":"Feature","geometry":{"type":"Polygon","coordinates":[[[-40.46998,-20.63871],[-40.46924,-20.63865],[-40.46914,-20.63786],[-40.46941,-20.63772],[-40.46915,-20.63745],[-40.4684,-20.63755],[-40.46849,-20.63795],[-40.4681,-20.63834],[-40.46738,-20.63756],[-40.46659,-20.63748],[-40.46638,-20.63673],[-40.46606,-20.6365],[-40.46596,-20.6361],[-40.46645,-20.6358],[-40.46734,-20.63637],[-40.4674,-20.63677],[-40.46792,-20.63723],[-40.46824,-20.63718],[-40.46876,-20.63668],[-40.469,-20.63573],[-40.46871,-20.63576],[-40.46837,-20.6353],[-40.4672,-20.63527],[-40.46711,-20.63503],[-40.46783,-20.63488],[-40.46846,-20.63505],[-40.46873,-20.63483],[-40.46945,-20.63524],[-40.47029,-20.63435],[-40.46949,-20.63384],[-40.46939,-20.63269],[-40.4688,-20.63268],[-40.46847,-20.63298],[-40.46781,-20.6328],[-40.4681,-20.63207],[-40.46799,-20.63183],[-40.46763,-20.63198],[-40.46731,-20.63135],[-40.46674,-20.63157],[-40.46651,-20.63138],[-40.46609,-20.63165],[-40.46612,-20.63092],[-40.46573,-20.63081],[-40.46539,-20.62928],[-40.46517,-20.62928],[-40.46493,-20.63017],[-40.46449,-20.63049],[-40.46467,-20.62907],[-40.46625,-20.62834],[-40.46992,-20.6308],[-40.47146,-20.62926],[-40.47604,-20.63142],[-40.47676,-20.63289],[-40.47846,-20.63195],[-40.48,-20.63605],[-40.48133,-20.63765],[-40.48114,-20.63822],[-40.48231,-20.63969],[-40.48262,-20.64085],[-40.48203,-20.64123],[-40.48097,-20.64261],[-40.47977,-20.64346],[-40.48019,-20.64403],[-40.47895,-20.64538],[-40.4771,-20.64276],[-40.47795,-20.64218],[-40.47774,-20.64092],[-40.47809,-20.6395],[-40.47509,-20.6383],[-40.47337,-20.63948],[-40.47177,-20.63829],[-40.46998,-20.63871]]]},"properties":{"nome":"Jardim Boa Vista","municipio":"Guarapari"}},
{"type":"Feature","geometry":{"type":"Polygon","coordinates":[[[-40.42599,-20.63061],[-40.43318,-20.62158],[-40.43346,-20.62216],[-40.43504,-20.6242],[-40.43661,-20.6251],[-40.43846,-20.62563],[-40.44017,-20.62559],[-40.4403,-20.62644],[-40.43959,-20.63107],[-40.44038,-20.63212],[-40.43983,-20.63256],[-40.44008,-20.63321],[-40.44105,-20.63303],[-40.44106,-20.6335],[-40.44143,-20.63415],[-40.441,-20.63515],[-40.44065,-20.63477],[-40.44016,-20.63511],[-40.43927,-20.63444],[-40.43775,-20.63421],[-40.43671,-20.63477],[-40.43594,-20.63486],[-40.43494,-20.63554],[-40.43441,-20.63635],[-40.43504,-20.63656],[-40.4348,-20.63687],[-40.43533,-20.63732],[-40.43526,-20.63823],[-40.43488,-20.63855],[-40.43545,-20.6392],[-40.43501,-20.63991],[-40.43523,-20.64036],[-40.43477,-20.64059],[-40.4332,-20.64018],[-40.43455,-20.64166],[-40.4341,-20.64194],[-40.43385,-20.64166],[-40.43368,-20.64186],[-40.4332,-20.64167],[-40.43297,-20.64107],[-40.43277,-20.64124],[-40.43241,-20.64105],[-40.4322,-20.64142],[-40.43182,-20.64106],[-40.43138,-20.63892],[-40.43093,-20.63906],[-40.43098,-20.63875],[-40.43063,-20.63841],[-40.43063,-20.63739],[-40.43085,-20.63722],[-40.43009,-20.63634],[-40.42886,-20.63551],[-40.42769,-20.6352],[-40.42619,-20.6355],[-40.42593,-20.63572],[-40.42651,-20.63632],[-40.42653,-20.63684],[-40.42552,-20.63678],[-40.42559,-20.63709],[-40.42527,-20.63739],[-40.42469,-20.63722],[-40.42448,-20.63662],[-40.42412,-20.63682],[-40.42309,-20.636],[-40.42341,-20.63552],[-40.42435,-20.63533],[-40.42479,-20.63531],[-40.42505,-20.63563],[-40.42589,-20.63543],[-40.42628,-20.63423],[-40.42616,-20.63295],[-40.42576,-20.63172],[-40.42533,-20.6315],[-40.42598,-20.63137],[-40.42599,-20.63061]]]},"properties":{"nome":"Setiba","municipio":"Guarapari"}},
{"type":"Feature","geometry":{"type":"Polygon","coordinates":[[[-40.48133,-20.63765],[-40.48248,-20.6349],[-40.48477,-20.63273],[-40.4854,-20.63147],[-40.4856,-20.63366],[-40.49058,-20.63278],[-40.49059,-20.63335],[-40.49046,-20.6341],[-40.4887,-20.63696],[-40.48874,-20.6375],[-40.48946,-20.63845],[-40.48937,-20.63887],[-40.48737,-20.64071],[-40.48598,-20.6408],[-40.48503,-20.64],[-40.48277,-20.64111],[-40.48262,-20.64085],[-40.48231,-20.63969],[-40.48114,-20.63822],[-40.48133,-20.63765]]]},"properties":{"nome":"Jardim Santa Rosa","municipio":"Guarapari"}},
{"type":"Feature","geometry":{"type":"Polygon","coordinates":[[[-40.43346,-20.62216],[-40.4372,-20.6197],[-40.43877,-20.62169],[-40.43841,-20.62257],[-40.43981,-20.62311],[-40.44096,-20.62433],[-40.44149,-20.62539],[-40.44017,-20.62559],[-40.43846,-20.62563],[-40.43661,-20.6251],[-40.43504,-20.6242],[-40.43346,-20.62216]]]},"properties":{"nome":"Elza Nader","municipio":"Guarapari"}},
{"type":"Feature","geometry":{"type":"Polygon","coordinates":[[[-40.47518,-20.62414],[-40.47677,-20.6243],[-40.47685,-20.62496],[-40.47832,-20.62631],[-40.4789,-20.62594],[-40.47836,-20.62497],[-40.47995,-20.62431],[-40.48062,-20.62444],[-40.48111,-20.62483],[-40.48103,-20.62507],[-40.48176,-20.6251],[-40.48287,-20.62472],[-40.48489,-20.6254],[-40.48504,-20.62513],[-40.48671,-20.62564],[-40.48718,-20.62641],[-40.48578,-20.62853],[-40.4854,-20.63147],[-40.48477,-20.63273],[-40.48248,-20.6349],[-40.48133,-20.63765],[-40.48,-20.63605],[-40.47846,-20.63195],[-40.47755,-20.62967],[-40.4759,-20.62811],[-40.4762,-20.62753],[-40.47488,-20.62623],[-40.47503,-20.6253],[-40.47554,-20.62505],[-40.47504,-20.62445],[-40.47518,-20.62414]]]},"properties":{"nome":"Portal","municipio":"Guarapari"}},
{"type":"Feature","geometry":{"type":"Polygon","coordinates":[[[-40.4372,-20.6197],[-40.44231,-20.61625],[-40.4434,-20.61576],[-40.4435,-20.61761],[-40.44611,-20.62056],[-40.44639,-20.62168],[-40.44591,-20.62303],[-40.44364,-20.62424],[-40.44358,-20.62506],[-40.44149,-20.62539],[-40.44096,-20.62433],[-40.43981,-20.62311],[-40.43841,-20.62257],[-40.43877,-20.62169],[-40.4372,-20.6197]]]},"properties":{"nome":"Paturá","municipio":"Guarapari"}},
{"type":"Feature","geometry":{"type":"Polygon","coordinates":[[[-40.45973,-20.61132],[-40.46703,-20.61119],[-40.46906,-20.61057],[-40.46908,-20.61326],[-40.4679,-20.61427],[-40.4674,-20.61591],[-40.46631,-20.61712],[-40.46623,-20.61786],[-40.46682,-20.61876],[-40.46635,-20.61956],[-40.46649,-20.62147],[-40.46604,-20.62317],[-40.46601,-20.62459],[-40.4649,-20.62454],[-40.46458,-20.62457],[-40.46449,-20.62412],[-40.46388,-20.62364],[-40.46031,-20.62314],[-40.45729,-20.62315],[-40.45393,-20.62361],[-40.45339,-20.62141],[-40.45377,-20.62133],[-40.45337,-20.61859],[-40.45205,-20.61411],[-40.45444,-20.61367],[-40.45774,-20.61174],[-40.45973,-20.61132]]]},"properties":{"nome":"Santa Mônica","municipio":"Guarapari"}},
{"type":"Feature","geometry":{"type":"Polygon","coordinates":[[[-40.43613,-20.5918],[-40.43669,-20.59212],[-40.43776,-20.59126],[-40.43837,-20.59142],[-40.43873,-20.59109],[-40.43922,-20.5912],[-40.43952,-20.59165],[-40.44047,-20.59157],[-40.4491,-20.58926],[-40.44981,-20.59008],[-40.44991,-20.59189],[-40.45233,-20.59256],[-40.45437,-20.59366],[-40.45813,-20.59407],[-40.45887,-20.59333],[-40.46078,-20.5953],[-40.46171,-20.5951],[-40.46316,-20.59543],[-40.46358,-20.59576],[-40.46468,-20.5958],[-40.46558,-20.59704],[-40.4671,-20.59806],[-40.46698,-20.6018],[-40.46549,-20.60255],[-40.46519,-20.60437],[-40.46467,-20.60444],[-40.46409,-20.60562],[-40.46328,-20.60601],[-40.46275,-20.60689],[-40.46238,-20.60692],[-40.46084,-20.61012],[-40.46036,-20.61013],[-40.45953,-20.61067],[-40.45973,-20.61132],[-40.45774,-20.61174],[-40.45444,-20.61367],[-40.45205,-20.61411],[-40.4434,-20.61576],[-40.44231,-20.61625],[-40.4372,-20.6197],[-40.43346,-20.62216],[-40.43318,-20.62158],[-40.4279,-20.60923],[-40.42675,-20.6046],[-40.42616,-20.60009],[-40.42797,-20.59965],[-40.42804,-20.59907],[-40.42878,-20.59784],[-40.42966,-20.59764],[-40.4302,-20.59718],[-40.43033,-20.59677],[-40.42994,-20.59629],[-40.43034,-20.5958],[-40.43121,-20.59601],[-40.43221,-20.59589],[-40.43257,-20.59504],[-40.43373,-20.59423],[-40.43341,-20.5927],[-40.43377,-20.59216],[-40.43506,-20.59185],[-40.4356,-20.59213],[-40.43576,-20.59182],[-40.43613,-20.5918]]]},"properties":{"nome":"Comunidade Urbana de Jaboticaba","municipio":"Guarapari"}},
{"type":"Feature","geometry":{"type":"Polygon","coordinates":[[[-40.42828,-20.55043],[-40.42939,-20.55034],[-40.43173,-20.55115],[-40.43321,-20.55105],[-40.43525,-20.55018],[-40.43576,-20.55038],[-40.43748,-20.54964],[-40.43924,-20.54838],[-40.43975,-20.54763],[-40.43959,-20.54735],[-40.441,-20.5468],[-40.4416,-20.54675],[-40.44233,-20.54724],[-40.44323,-20.54667],[-40.44574,-20.54699],[-40.44634,-20.5454],[-40.44779,-20.54569],[-40.45303,-20.54398],[-40.45384,-20.54433],[-40.4547,-20.54584],[-40.45734,-20.54666],[-40.45889,-20.54502],[-40.45948,-20.54479],[-40.46098,-20.54537],[-40.46374,-20.5455],[-40.46332,-20.54757],[-40.46746,-20.54841],[-40.46938,-20.54996],[-40.46973,-20.55067],[-40.47179,-20.55166],[-40.47157,-20.55285],[-40.46948,-20.55509],[-40.46836,-20.55537],[-40.46532,-20.55299],[-40.46418,-20.55415],[-40.46403,-20.55467],[-40.46427,-20.55595],[-40.46303,-20.55704],[-40.46586,-20.56293],[-40.46617,-20.56661],[-40.46584,-20.56873],[-40.46676,-20.57055],[-40.46475,-20.5733],[-40.46801,-20.57504],[-40.46775,-20.57645],[-40.46837,-20.57763],[-40.4699,-20.57919],[-40.47082,-20.58137],[-40.46801,-20.58359],[-40.46655,-20.58538],[-40.46668,-20.58581],[-40.46645,-20.58619],[-40.46313,-20.58841],[-40.46196,-20.5882],[-40.45526,-20.58816],[-40.45473,-20.58697],[-40.4491,-20.58926],[-40.44047,-20.59157],[-40.43952,-20.59165],[-40.43922,-20.5912],[-40.43873,-20.59109],[-40.43837,-20.59142],[-40.43776,-20.59126],[-40.43669,-20.59212],[-40.43613,-20.5918],[-40.43865,-20.58713],[-40.43838,-20.58664],[-40.43855,-20.58604],[-40.43894,-20.58579],[-40.43935,-20.58414],[-40.43858,-20.58222],[-40.43812,-20.58188],[-40.43769,-20.58092],[-40.43653,-20.58019],[-40.43623,-20.57764],[-40.43543,-20.57616],[-40.43518,-20.57495],[-40.43407,-20.57354],[-40.43295,-20.57339],[-40.43096,-20.5726],[-40.4301,-20.57048],[-40.42997,-20.56758],[-40.4306,-20.56569],[-40.43159,-20.56424],[-40.43158,-20.56332],[-40.43218,-20.56168],[-40.43219,-20.56035],[-40.4291,-20.55903],[-40.4283,-20.55896],[-40.42785,-20.5581],[-40.42661,-20.55768],[-40.42622,-20.5571],[-40.42496,-20.55711],[-40.42348,-20.55792],[-40.42277,-20.5578],[-40.42166,-20.55805],[-40.42209,-20.55534],[-40.42265,-20.55414],[-40.42533,-20.55284],[-40.42634,-20.55148],[-40.42765,-20.55148],[-40.42828,-20.55043]]]},"properties":{"nome":"Comunidade Urbana de Campo Grande","municipio":"Guarapari"}},
{"type":"Feature","geometry":{"type":"Polygon","coordinates":[[[-40.44149,-20.62539],[-40.44358,-20.62506],[-40.44405,-20.62786],[-40.44366,-20.62993],[-40.44474,-20.63051],[-40.44503,-20.63121],[-40.4449,-20.63156],[-40.44515,-20.63201],[-40.44554,-20.63193],[-40.44599,-20.63244],[-40.44662,-20.6325],[-40.44707,-20.63298],[-40.44762,-20.63298],[-40.44823,-20.63369],[-40.44912,-20.63385],[-40.44926,-20.63437],[-40.45029,-20.63521],[-40.4507,-20.63633],[-40.45018,-20.63717],[-40.45044,-20.63762],[-40.44981,-20.63779],[-40.44991,-20.63728],[-40.44932,-20.63709],[-40.44863,-20.6362],[-40.4484,-20.63641],[-40.44869,-20.63693],[-40.44841,-20.6371],[-40.44844,-20.63748],[-40.44792,-20.63715],[-40.44792,-20.63683],[-40.44724,-20.63757],[-40.44683,-20.63756],[-40.44655,-20.63701],[-40.44622,-20.63738],[-40.44605,-20.63708],[-40.44514,-20.63714],[-40.4448,-20.63644],[-40.44387,-20.63625],[-40.44317,-20.6356],[-40.44295,-20.63498],[-40.442,-20.63458],[-40.44174,-20.63405],[-40.44191,-20.63348],[-40.44106,-20.6335],[-40.44105,-20.63303],[-40.44008,-20.63321],[-40.43983,-20.63256],[-40.44038,-20.63212],[-40.43959,-20.63107],[-40.4403,-20.62644],[-40.44017,-20.62559],[-40.44149,-20.62539]]]},"properties":{"nome":"Una","municipio":"Guarapari"}},
{"type":"Feature","geometry":{"type":"Polygon","coordinates":[[[-40.47518,-20.62414],[-40.4747,-20.62402],[-40.47471,-20.62334],[-40.47636,-20.62368],[-40.47747,-20.62261],[-40.47797,-20.6229],[-40.4779,-20.62403],[-40.4784,-20.62426],[-40.47964,-20.62288],[-40.47878,-20.62227],[-40.47891,-20.62194],[-40.4805,-20.62161],[-40.48091,-20.62172],[-40.48165,-20.6229],[-40.4823,-20.62334],[-40.4842,-20.62368],[-40.48435,-20.62295],[-40.48369,-20.62245],[-40.48264,-20.62092],[-40.48184,-20.61868],[-40.48222,-20.61837],[-40.48389,-20.61819],[-40.48454,-20.6174],[-40.48431,-20.6171],[-40.48292,-20.61679],[-40.48258,-20.61534],[-40.4854,-20.61517],[-40.48568,-20.61461],[-40.49086,-20.61294],[-40.49174,-20.61465],[-40.49239,-20.61593],[-40.49426,-20.61838],[-40.49581,-20.62351],[-40.49739,-20.62477],[-40.4969,-20.62539],[-40.49707,-20.62626],[-40.49908,-20.62759],[-40.49925,-20.62792],[-40.4992,-20.62825],[-40.49831,-20.62877],[-40.49784,-20.6296],[-40.49756,-20.62958],[-40.49595,-20.63119],[-40.49504,-20.6311],[-40.49394,-20.63205],[-40.49059,-20.63335],[-40.49058,-20.63278],[-40.4856,-20.63366],[-40.4854,-20.63147],[-40.48578,-20.62853],[-40.48718,-20.62641],[-40.48671,-20.62564],[-40.48504,-20.62513],[-40.48489,-20.6254],[-40.48287,-20.62472],[-40.48176,-20.6251],[-40.48103,-20.62507],[-40.48111,-20.62483],[-40.48062,-20.62444],[-40.47995,-20.62431],[-40.47836,-20.62497],[-40.4789,-20.62594],[-40.47832,-20.62631],[-40.47685,-20.62496],[-40.47677,-20.6243],[-40.47518,-20.62414]]]},"properties":{"nome":"Jabaraí","municipio":"Guarapari"}},
{"type":"Feature","geometry":{"type":"Polygon","coordinates":[[[-40.48568,-20.57473],[-40.48615,-20.57432],[-40.4887,-20.57745],[-40.49248,-20.58317],[-40.4942,-20.58422],[-40.49373,-20.58555],[-40.49368,-20.58655],[-40.49336,-20.58679],[-40.49267,-20.58674],[-40.49171,-20.58744],[-40.49103,-20.58721],[-40.49069,-20.58815],[-40.48948,-20.58902],[-40.49041,-20.58991],[-40.49001,-20.59078],[-40.48991,-20.5919],[-40.48541,-20.58864],[-40.48737,-20.58519],[-40.48728,-20.58417],[-40.48786,-20.58252],[-40.48981,-20.58166],[-40.48806,-20.57835],[-40.48568,-20.57473]]]},"properties":{"nome":"Comunidade Urbana de Iguape","municipio":"Guarapari"}},
{"type":"Feature","geometry":{"type":"Polygon","coordinates":[[[-40.45889,-20.54502],[-40.4588,-20.54454],[-40.46067,-20.54275],[-40.46172,-20.54091],[-40.46261,-20.54008],[-40.4665,-20.53875],[-40.46662,-20.53809],[-40.46751,-20.53664],[-40.46826,-20.53609],[-40.46772,-20.53503],[-40.46826,-20.53339],[-40.48383,-20.53352],[-40.48225,-20.53852],[-40.48021,-20.55938],[-40.48439,-20.57211],[-40.48615,-20.57432],[-40.48568,-20.57473],[-40.48535,-20.5743],[-40.48427,-20.57505],[-40.48342,-20.57506],[-40.48244,-20.57468],[-40.48192,-20.57411],[-40.48113,-20.56925],[-40.48057,-20.56742],[-40.48008,-20.56714],[-40.47821,-20.5679],[-40.47804,-20.56594],[-40.47692,-20.56555],[-40.47703,-20.565],[-40.47658,-20.56316],[-40.47537,-20.56117],[-40.47399,-20.55993],[-40.4733,-20.55843],[-40.47291,-20.55739],[-40.47293,-20.55517],[-40.47151,-20.55357],[-40.47157,-20.55285],[-40.47179,-20.55166],[-40.46973,-20.55067],[-40.46938,-20.54996],[-40.46746,-20.54841],[-40.46332,-20.54757],[-40.46374,-20.5455],[-40.46098,-20.54537],[-40.45948,-20.54479],[-40.45889,-20.54502]]]},"properties":{"nome":"Comunidade Urbana de Barro Branco","municipio":"Guarapari"}},
{"type":"Feature","geometry":{"type":"Polygon","coordinates":[[[-40.40635,-20.51495],[-40.46746,-20.50763],[-40.4666,-20.51281],[-40.4669,-20.51387],[-40.46788,-20.51494],[-40.46796,-20.51956],[-40.46705,-20.52094],[-40.46672,-20.52218],[-40.46713,-20.52386],[-40.46768,-20.52458],[-40.46662,-20.5244],[-40.46441,-20.52507],[-40.46287,-20.52449],[-40.4601,-20.52426],[-40.45528,-20.5268],[-40.45136,-20.52966],[-40.45039,-20.53001],[-40.44814,-20.53382],[-40.44655,-20.53435],[-40.44236,-20.5333],[-40.44004,-20.53365],[-40.43608,-20.53583],[-40.43485,-20.53581],[-40.43336,-20.5362],[-40.4374,-20.5383],[-40.43232,-20.53933],[-40.43139,-20.54019],[-40.42971,-20.54402],[-40.42908,-20.54435],[-40.42648,-20.54398],[-40.42613,-20.54413],[-40.4253,-20.5457],[-40.42272,-20.54793],[-40.42213,-20.54923],[-40.41031,-20.5491],[-40.41007,-20.53941],[-40.41138,-20.53792],[-40.4117,-20.53518],[-40.41106,-20.5317],[-40.411,-20.52027],[-40.41067,-20.51907],[-40.4075,-20.51677],[-40.40635,-20.51495]]]},"properties":{"nome":"Comunidade Urbana de Palmeiras","municipio":"Guarapari"}},
{"type":"Feature","geometry":{"type":"Polygon","coordinates":[[[-40.4253,-20.5457],[-40.42613,-20.54413],[-40.42648,-20.54398],[-40.42908,-20.54435],[-40.42971,-20.54402],[-40.43139,-20.54019],[-40.43232,-20.53933],[-40.4374,-20.5383],[-40.43336,-20.5362],[-40.43485,-20.53581],[-40.43608,-20.53583],[-40.44004,-20.53365],[-40.44236,-20.5333],[-40.44655,-20.53435],[-40.44814,-20.53382],[-40.45039,-20.53001],[-40.45136,-20.52966],[-40.45528,-20.5268],[-40.4601,-20.52426],[-40.46287,-20.52449],[-40.46441,-20.52507],[-40.46662,-20.5244],[-40.46768,-20.52458],[-40.46796,-20.52563],[-40.46804,-20.52943],[-40.46844,-20.52973],[-40.46855,-20.53099],[-40.46826,-20.53339],[-40.46772,-20.53503],[-40.46826,-20.53609],[-40.46751,-20.53664],[-40.46662,-20.53809],[-40.4665,-20.53875],[-40.46261,-20.54008],[-40.46172,-20.54091],[-40.46067,-20.54275],[-40.4588,-20.54454],[-40.45889,-20.54502],[-40.45734,-20.54666],[-40.4547,-20.54584],[-40.45384,-20.54433],[-40.45303,-20.54398],[-40.44779,-20.54569],[-40.44634,-20.5454],[-40.44574,-20.54699],[-40.44323,-20.54667],[-40.44233,-20.54724],[-40.4416,-20.54675],[-40.441,-20.5468],[-40.43959,-20.54735],[-40.43975,-20.54763],[-40.43924,-20.54838],[-40.43748,-20.54964],[-40.43576,-20.55038],[-40.43525,-20.55018],[-40.43321,-20.55105],[-40.43173,-20.55115],[-40.42939,-20.55034],[-40.42828,-20.55043],[-40.42786,-20.5504],[-40.4253,-20.5457]]]},"properties":{"nome":"Comunidade Urbana de Lagoa Dourada","municipio":"Guarapari"}},
{"type":"Feature","geometry":{"type":"Polygon","coordinates":[[[-40.37952,-20.52016],[-40.37998,-20.51937],[-40.37994,-20.51811],[-40.38776,-20.51718],[-40.38834,-20.52434],[-40.387,-20.5349],[-40.40677,-20.56042],[-40.41704,-20.58035],[-40.41873,-20.58228],[-40.42314,-20.58576],[-40.42436,-20.5875],[-40.4249,-20.59],[-40.42616,-20.60009],[-40.42675,-20.6046],[-40.4279,-20.60923],[-40.43318,-20.62158],[-40.42599,-20.63061],[-40.42374,-20.62597],[-40.41987,-20.61966],[-40.41744,-20.61667],[-40.41627,-20.61612],[-40.41657,-20.61558],[-40.41588,-20.61448],[-40.41107,-20.60777],[-40.40794,-20.60419],[-40.40457,-20.5993],[-40.40355,-20.59682],[-40.40408,-20.59079],[-40.40327,-20.58467],[-40.40159,-20.57855],[-40.39985,-20.57385],[-40.39589,-20.56468],[-40.39201,-20.55726],[-40.38616,-20.54842],[-40.38458,-20.54665],[-40.38086,-20.54122],[-40.37828,-20.53811],[-40.37734,-20.53659],[-40.37715,-20.53531],[-40.37752,-20.53526],[-40.37495,-20.53075],[-40.37586,-20.52991],[-40.37517,-20.52911],[-40.37632,-20.52794],[-40.37728,-20.52796],[-40.37851,-20.52742],[-40.37903,-20.52663],[-40.37958,-20.52509],[-40.37952,-20.52016]]]},"properties":{"nome":"Recanto da Sereia","municipio":"Guarapari"}},
{"type":"Feature","geometry":{"type":"Polygon","coordinates":[[[-40.5125,-20.65728],[-40.51559,-20.65699],[-40.51484,-20.66528],[-40.51382,-20.66691],[-40.51254,-20.66772],[-40.50982,-20.66898],[-40.50627,-20.66951],[-40.50473,-20.66974],[-40.50002,-20.66895],[-40.5016,-20.66854],[-40.50171,-20.66785],[-40.50093,-20.66666],[-40.50279,-20.66076],[-40.50316,-20.66085],[-40.50344,-20.66027],[-40.50397,-20.66038],[-40.50464,-20.65784],[-40.50664,-20.65831],[-40.50701,-20.65774],[-40.50828,-20.65797],[-40.50894,-20.6576],[-40.51067,-20.65796],[-40.51115,-20.65756],[-40.5125,-20.65728]]]},"properties":{"nome":"Itapebussu","municipio":"Guarapari"}},
{"type":"Feature","geometry":{"type":"Polygon","coordinates":[[[-40.51559,-20.65699],[-40.51696,-20.65438],[-40.51733,-20.65439],[-40.51742,-20.65492],[-40.51819,-20.65534],[-40.51946,-20.65267],[-40.52113,-20.65011],[-40.52189,-20.65014],[-40.52243,-20.65086],[-40.52561,-20.65263],[-40.52638,-20.6545],[-40.52657,-20.65813],[-40.52594,-20.66285],[-40.52534,-20.66528],[-40.51962,-20.66406],[-40.51484,-20.66528],[-40.51559,-20.65699]]]},"properties":{"nome":"Camurugi","municipio":"Guarapari"}},
{"type":"Feature","geometry":{"type":"Polygon","coordinates":[[[-40.5034,-20.65482],[-40.50408,-20.65272],[-40.5049,-20.65169],[-40.51113,-20.64781],[-40.51278,-20.64971],[-40.51214,-20.65189],[-40.51271,-20.65313],[-40.51285,-20.65483],[-40.51229,-20.65639],[-40.5125,-20.65728],[-40.51115,-20.65756],[-40.51067,-20.65796],[-40.50894,-20.6576],[-40.50828,-20.65797],[-40.50701,-20.65774],[-40.50664,-20.65831],[-40.50464,-20.65784],[-40.50539,-20.65714],[-40.5034,-20.65482]]]},"properties":{"nome":"Sol Nascente","municipio":"Guarapari"}},
{"type":"Feature","geometry":{"type":"Polygon","coordinates":[[[-40.51481,-20.64551],[-40.51634,-20.64452],[-40.51751,-20.64691],[-40.51976,-20.64811],[-40.5204,-20.6471],[-40.52193,-20.64657],[-40.52243,-20.64716],[-40.52135,-20.64758],[-40.52076,-20.64812],[-40.52113,-20.65011],[-40.51946,-20.65267],[-40.51819,-20.65534],[-40.51742,-20.65492],[-40.51733,-20.65439],[-40.51696,-20.65438],[-40.51559,-20.65699],[-40.5125,-20.65728],[-40.51229,-20.65639],[-40.51285,-20.65483],[-40.51271,-20.65313],[-40.51214,-20.65189],[-40.51278,-20.64971],[-40.51113,-20.64781],[-40.51363,-20.64625],[-40.51481,-20.64551]]]},"properties":{"nome":"São José","municipio":"Guarapari"}},
{"type":"Feature","geometry":{"type":"Polygon","coordinates":[[[-40.50109,-20.64994],[-40.50215,-20.64965],[-40.50466,-20.65018],[-40.50602,-20.65003],[-40.50762,-20.64919],[-40.5094,-20.64732],[-40.51139,-20.64717],[-40.51145,-20.6476],[-40.51113,-20.64781],[-40.5049,-20.65169],[-40.50408,-20.65272],[-40.5034,-20.65482],[-40.5019,-20.65474],[-40.49768,-20.65313],[-40.49994,-20.65108],[-40.50109,-20.64994]]]},"properties":{"nome":"Lagoa Funda","municipio":"Guarapari"}},
{"type":"Feature","geometry":{"type":"Polygon","coordinates":[[[-40.51774,-20.64203],[-40.51755,-20.63537],[-40.51788,-20.63418],[-40.51868,-20.63285],[-40.52206,-20.63288],[-40.52462,-20.63404],[-40.5272,-20.63593],[-40.52652,-20.63657],[-40.5263,-20.63746],[-40.52421,-20.63898],[-40.52383,-20.63902],[-40.52415,-20.64015],[-40.52473,-20.64012],[-40.52458,-20.64077],[-40.52501,-20.64176],[-40.52429,-20.64383],[-40.5242,-20.64544],[-40.52457,-20.64631],[-40.52243,-20.64716],[-40.52193,-20.64657],[-40.5204,-20.6471],[-40.51976,-20.64811],[-40.51751,-20.64691],[-40.51634,-20.64452],[-40.51716,-20.64357],[-40.51774,-20.64203]]]},"properties":{"nome":"São Gabriel","municipio":"Guarapari"}},
{"type":"Feature","geometry":{"type":"Polygon","coordinates":[[[-40.49784,-20.6296],[-40.49831,-20.62877],[-40.4992,-20.62825],[-40.49925,-20.62792],[-40.49908,-20.62759],[-40.49707,-20.62626],[-40.4969,-20.62539],[-40.49739,-20.62477],[-40.50116,-20.62706],[-40.50501,-20.62697],[-40.50519,-20.62745],[-40.50498,-20.6288],[-40.50528,-20.63002],[-40.50701,-20.6316],[-40.50733,-20.63332],[-40.50802,-20.63376],[-40.5077,-20.6346],[-40.50573,-20.63632],[-40.50502,-20.63741],[-40.50548,-20.63863],[-40.5064,-20.63892],[-40.50663,-20.63944],[-40.50647,-20.6405],[-40.50595,-20.64053],[-40.50484,-20.64007],[-40.50321,-20.63836],[-40.50164,-20.63871],[-40.50042,-20.63835],[-40.49951,-20.6406],[-40.50156,-20.64255],[-40.50043,-20.6442],[-40.49799,-20.6466],[-40.4984,-20.64903],[-40.49887,-20.64975],[-40.49743,-20.65111],[-40.49631,-20.64834],[-40.4964,-20.64551],[-40.49587,-20.64368],[-40.49475,-20.64261],[-40.49441,-20.64123],[-40.49489,-20.63993],[-40.49419,-20.63906],[-40.49539,-20.63776],[-40.49549,-20.63514],[-40.49658,-20.63209],[-40.49784,-20.6296]]]},"properties":{"nome":"Tartaruga","municipio":"Guarapari"}},
{"type":"Feature","geometry":{"type":"Polygon","coordinates":[[[-40.50802,-20.63376],[-40.50875,-20.63316],[-40.51117,-20.63489],[-40.5089,-20.63577],[-40.50906,-20.63651],[-40.50881,-20.63697],[-40.50958,-20.63874],[-40.51084,-20.63982],[-40.51066,-20.64073],[-40.51481,-20.64551],[-40.51363,-20.64625],[-40.51145,-20.6476],[-40.51139,-20.64717],[-40.5094,-20.64732],[-40.50762,-20.64919],[-40.50602,-20.65003],[-40.50466,-20.65018],[-40.50215,-20.64965],[-40.50109,-20.64994],[-40.5008,-20.6468],[-40.50141,-20.64565],[-40.50062,-20.64538],[-40.50043,-20.6442],[-40.50156,-20.64255],[-40.49951,-20.6406],[-40.50042,-20.63835],[-40.50164,-20.63871],[-40.50321,-20.63836],[-40.50484,-20.64007],[-40.50595,-20.64053],[-40.50647,-20.6405],[-40.50663,-20.63944],[-40.5064,-20.63892],[-40.50548,-20.63863],[-40.50502,-20.63741],[-40.50573,-20.63632],[-40.5077,-20.6346],[-40.50802,-20.63376]]]},"properties":{"nome":"Nossa Senhora da Conceição","municipio":"Guarapari"}},
{"type":"Feature","geometry":{"type":"Polygon","coordinates":[[[-40.51436,-20.67229],[-40.5145,-20.67191],[-40.51641,-20.67086],[-40.51711,-20.6719],[-40.52534,-20.66528],[-40.52693,-20.66594],[-40.52808,-20.66719],[-40.52868,-20.6704],[-40.52823,-20.67481],[-40.52349,-20.67496],[-40.52126,-20.67529],[-40.52096,-20.67644],[-40.5201,-20.67704],[-40.51911,-20.67823],[-40.51904,-20.6788],[-40.51851,-20.67777],[-40.51866,-20.67746],[-40.51832,-20.67599],[-40.51856,-20.67496],[-40.51705,-20.67557],[-40.51578,-20.67465],[-40.51543,-20.67369],[-40.51436,-20.67229]]]},"properties":{"nome":"Coroado","municipio":"Guarapari"}},
{"type":"Feature","geometry":{"type":"Polygon","coordinates":[[[-40.51127,-20.63109],[-40.51217,-20.62919],[-40.51389,-20.62881],[-40.51992,-20.62126],[-40.52383,-20.62395],[-40.52725,-20.62711],[-40.52859,-20.6279],[-40.53045,-20.62822],[-40.53483,-20.62771],[-40.53622,-20.6281],[-40.53743,-20.62931],[-40.54004,-20.63342],[-40.54473,-20.639],[-40.55036,-20.64132],[-40.54932,-20.64215],[-40.54712,-20.64111],[-40.54641,-20.64119],[-40.54054,-20.64574],[-40.53585,-20.64096],[-40.53479,-20.64072],[-40.53243,-20.64119],[-40.53133,-20.64086],[-40.52945,-20.63791],[-40.5272,-20.63593],[-40.52462,-20.63404],[-40.52206,-20.63288],[-40.51868,-20.63285],[-40.51813,-20.6326],[-40.51759,-20.63163],[-40.51708,-20.63135],[-40.51127,-20.63109]]]},"properties":{"nome":"Varzea Nova","municipio":"Guarapari"}},
{"type":"Feature","geometry":{"type":"Polygon","coordinates":[[[-40.51481,-20.64551],[-40.51066,-20.64073],[-40.51084,-20.63982],[-40.50958,-20.63874],[-40.50881,-20.63697],[-40.50906,-20.63651],[-40.5089,-20.63577],[-40.51117,-20.63489],[-40.51183,-20.63526],[-40.5114,-20.63662],[-40.51253,-20.63701],[-40.51247,-20.63858],[-40.51282,-20.63933],[-40.51488,-20.6404],[-40.51475,-20.64085],[-40.51536,-20.64125],[-40.51774,-20.64203],[-40.51716,-20.64357],[-40.51634,-20.64452],[-40.51481,-20.64551]]]},"properties":{"nome":"Bela Vista","municipio":"Guarapari"}},
{"type":"Feature","geometry":{"type":"Polygon","coordinates":[[[-40.50802,-20.63376],[-40.50733,-20.63332],[-40.50701,-20.6316],[-40.50528,-20.63002],[-40.50498,-20.6288],[-40.50519,-20.62745],[-40.50501,-20.62697],[-40.50647,-20.62768],[-40.50951,-20.63031],[-40.51127,-20.63109],[-40.51708,-20.63135],[-40.51759,-20.63163],[-40.51813,-20.6326],[-40.51868,-20.63285],[-40.51788,-20.63418],[-40.51755,-20.63537],[-40.51774,-20.64203],[-40.51536,-20.64125],[-40.51475,-20.64085],[-40.51488,-20.6404],[-40.51282,-20.63933],[-40.51247,-20.63858],[-40.51253,-20.63701],[-40.5114,-20.63662],[-40.51183,-20.63526],[-40.51117,-20.63489],[-40.50875,-20.63316],[-40.50802,-20.63376]]]},"properties":{"nome":"Fátima Cidade Jardim","municipio":"Guarapari"}},
{"type":"Feature","geometry":{"type":"Polygon","coordinates":[[[-40.48991,-20.5919],[-40.49001,-20.59078],[-40.49041,-20.58991],[-40.48948,-20.58902],[-40.49069,-20.58815],[-40.49103,-20.58721],[-40.49171,-20.58744],[-40.49267,-20.58674],[-40.49336,-20.58679],[-40.49368,-20.58655],[-40.49373,-20.58555],[-40.4942,-20.58422],[-40.4963,-20.58498],[-40.49728,-20.5857],[-40.49834,-20.59028],[-40.50224,-20.59376],[-40.50273,-20.59454],[-40.503,-20.59571],[-40.50244,-20.60208],[-40.50295,-20.60371],[-40.50552,-20.60585],[-40.50825,-20.60684],[-40.50926,-20.60752],[-40.50978,-20.60829],[-40.51067,-20.61152],[-40.51601,-20.61671],[-40.51738,-20.61901],[-40.51992,-20.62126],[-40.51389,-20.62881],[-40.51217,-20.62919],[-40.51127,-20.63109],[-40.50951,-20.63031],[-40.50647,-20.62768],[-40.50501,-20.62697],[-40.50116,-20.62706],[-40.49739,-20.62477],[-40.49581,-20.62351],[-40.49426,-20.61838],[-40.49239,-20.61593],[-40.49174,-20.61465],[-40.49313,-20.61304],[-40.49269,-20.61214],[-40.49234,-20.60983],[-40.49122,-20.60859],[-40.49101,-20.60783],[-40.48978,-20.60708],[-40.48845,-20.60565],[-40.48751,-20.60292],[-40.48808,-20.60111],[-40.48803,-20.60013],[-40.48552,-20.59872],[-40.48501,-20.59692],[-40.48622,-20.59561],[-40.48638,-20.59497],[-40.49027,-20.59352],[-40.48991,-20.5919]]]},"properties":{"nome":"Comunidade Urbana de Samambaia","municipio":"Guarapari"}},
{"type":"Feature","geometry":{"type":"Polygon","coordinates":[[[-40.5016,-20.67778],[-40.50178,-20.67622],[-40.50078,-20.67546],[-40.49907,-20.67481],[-40.49792,-20.67468],[-40.49721,-20.67491],[-40.49684,-20.67677],[-40.49661,-20.67699],[-40.49643,-20.67665],[-40.49595,-20.6766],[-40.49608,-20.67594],[-40.49574,-20.67567],[-40.4962,-20.6752],[-40.49583,-20.67506],[-40.49528,-20.67536],[-40.49575,-20.67479],[-40.49525,-20.67408],[-40.49628,-20.67439],[-40.4964,-20.67478],[-40.49706,-20.67473],[-40.49735,-20.67411],[-40.49733,-20.67342],[-40.49675,-20.67226],[-40.49653,-20.67224],[-40.49658,-20.67178],[-40.49627,-20.67152],[-40.49595,-20.67174],[-40.49507,-20.67165],[-40.4951,-20.67219],[-40.49486,-20.67237],[-40.49476,-20.67193],[-40.49449,-20.67188],[-40.49449,-20.6709],[-40.49362,-20.67022],[-40.49376,-20.66937],[-40.49331,-20.66938],[-40.4932,-20.66996],[-40.49295,-20.66998],[-40.49233,-20.6698],[-40.49234,-20.66955],[-40.49195,-20.66948],[-40.49167,-20.66902],[-40.49131,-20.66907],[-40.49182,-20.66835],[-40.49159,-20.6682],[-40.49153,-20.66742],[-40.49252,-20.66745],[-40.49283,-20.66704],[-40.49291,-20.66764],[-40.49328,-20.66772],[-40.49428,-20.66698],[-40.49388,-20.66625],[-40.49268,-20.6659],[-40.49246,-20.66509],[-40.49385,-20.6648],[-40.49455,-20.66494],[-40.49442,-20.66517],[-40.49535,-20.66532],[-40.49599,-20.66572],[-40.49677,-20.6667],[-40.49704,-20.66631],[-40.50002,-20.66895],[-40.50473,-20.66974],[-40.50627,-20.66951],[-40.50544,-20.6738],[-40.50309,-20.67349],[-40.50234,-20.67357],[-40.50193,-20.67409],[-40.50441,-20.67726],[-40.5026,-20.678],[-40.5016,-20.67778]]]},"properties":{"nome":"Centro","municipio":"Guarapari"}},
{"type":"Feature","geometry":{"type":"Polygon","coordinates":[[[-40.50544,-20.6738],[-40.50647,-20.67351],[-40.50775,-20.67234],[-40.50857,-20.67209],[-40.50941,-20.67239],[-40.50977,-20.67282],[-40.50923,-20.6739],[-40.50809,-20.67481],[-40.50744,-20.6757],[-40.50607,-20.67664],[-40.50441,-20.67726],[-40.50193,-20.67409],[-40.50234,-20.67357],[-40.50309,-20.67349],[-40.50544,-20.6738]]]},"properties":{"nome":"São Judas Tadeu","municipio":"Guarapari"}},
{"type":"Feature","geometry":{"type":"Polygon","coordinates":[[[-40.52419,-20.72152],[-40.52492,-20.72118],[-40.52627,-20.71442],[-40.53031,-20.71498],[-40.53112,-20.71468],[-40.53257,-20.71505],[-40.53373,-20.71456],[-40.53493,-20.71289],[-40.5356,-20.71246],[-40.53615,-20.71335],[-40.53694,-20.71351],[-40.5377,-20.71431],[-40.53964,-20.71544],[-40.54065,-20.71563],[-40.54331,-20.71506],[-40.54335,-20.71447],[-40.54451,-20.71324],[-40.54558,-20.71333],[-40.54731,-20.71302],[-40.54806,-20.71221],[-40.54787,-20.71199],[-40.54911,-20.71118],[-40.55114,-20.71236],[-40.55133,-20.71342],[-40.54953,-20.71405],[-40.55079,-20.7147],[-40.55198,-20.71592],[-40.55231,-20.71674],[-40.55186,-20.7177],[-40.55156,-20.71945],[-40.54993,-20.72047],[-40.55036,-20.72442],[-40.54964,-20.7253],[-40.54943,-20.72601],[-40.54975,-20.72781],[-40.54959,-20.7282],[-40.545,-20.7293],[-40.5405,-20.73622],[-40.5396,-20.7357],[-40.53795,-20.7355],[-40.5355,-20.73439],[-40.53357,-20.73317],[-40.52937,-20.72746],[-40.52496,-20.72284],[-40.52419,-20.72152]]]},"properties":{"nome":"Nova Guarapari","municipio":"Guarapari"}},
{"type":"Feature","geometry":{"type":"Polygon","coordinates":[[[-40.54975,-20.72781],[-40.55119,-20.72749],[-40.55197,-20.72773],[-40.55385,-20.72773],[-40.55586,-20.73143],[-40.55685,-20.73069],[-40.55818,-20.73097],[-40.55789,-20.7323],[-40.55669,-20.73314],[-40.55889,-20.73764],[-40.56073,-20.73776],[-40.56126,-20.74343],[-40.56123,-20.74735],[-40.55917,-20.74928],[-40.55672,-20.74647],[-40.55432,-20.74459],[-40.5531,-20.74317],[-40.54968,-20.74119],[-40.54785,-20.73978],[-40.54304,-20.73848],[-40.54108,-20.73825],[-40.53882,-20.73841],[-40.53734,-20.73897],[-40.53646,-20.73963],[-40.53586,-20.74075],[-40.53652,-20.7418],[-40.53694,-20.74184],[-40.53706,-20.7427],[-40.53677,-20.74324],[-40.53756,-20.74355],[-40.53759,-20.74453],[-40.53793,-20.74501],[-40.53762,-20.7454],[-40.5372,-20.74524],[-40.53393,-20.74188],[-40.53354,-20.74161],[-40.53309,-20.74172],[-40.53335,-20.74109],[-40.53261,-20.74113],[-40.53227,-20.74074],[-40.53308,-20.74033],[-40.53318,-20.73949],[-40.53359,-20.7394],[-40.53385,-20.73975],[-40.53417,-20.73967],[-40.53415,-20.7394],[-40.53315,-20.73868],[-40.53279,-20.73764],[-40.53311,-20.73688],[-40.53371,-20.73639],[-40.53426,-20.73674],[-40.53502,-20.73676],[-40.5355,-20.73439],[-40.53795,-20.7355],[-40.5396,-20.7357],[-40.5405,-20.73622],[-40.545,-20.7293],[-40.54959,-20.7282],[-40.54975,-20.72781]]]},"properties":{"nome":"Meaipe","municipio":"Guarapari"}},
{"type":"Feature","geometry":{"type":"Polygon","coordinates":[[[-40.50977,-20.67282],[-40.51063,-20.67338],[-40.51091,-20.67319],[-40.51147,-20.67353],[-40.51418,-20.67346],[-40.51436,-20.67229],[-40.51543,-20.67369],[-40.51578,-20.67465],[-40.51598,-20.6756],[-40.5156,-20.67676],[-40.51368,-20.67821],[-40.51314,-20.67952],[-40.51238,-20.67937],[-40.51018,-20.6806],[-40.50959,-20.68137],[-40.50775,-20.68124],[-40.5062,-20.68239],[-40.50588,-20.68238],[-40.50701,-20.68375],[-40.50619,-20.68432],[-40.50343,-20.68203],[-40.50261,-20.68016],[-40.50205,-20.67985],[-40.50191,-20.68008],[-40.50152,-20.6799],[-40.50196,-20.67854],[-40.50192,-20.67828],[-40.50143,-20.67804],[-40.50136,-20.67782],[-40.5016,-20.67778],[-40.5026,-20.678],[-40.50441,-20.67726],[-40.50607,-20.67664],[-40.50744,-20.6757],[-40.50809,-20.67481],[-40.50923,-20.6739],[-40.50977,-20.67282]]]},"properties":{"nome":"Ipiranga","municipio":"Guarapari"}},
{"type":"Feature","geometry":{"type":"Polygon","coordinates":[[[-40.51484,-20.66528],[-40.51962,-20.66406],[-40.52534,-20.66528],[-40.51711,-20.6719],[-40.51641,-20.67086],[-40.5145,-20.67191],[-40.51436,-20.67229],[-40.51418,-20.67346],[-40.51147,-20.67353],[-40.51091,-20.67319],[-40.51063,-20.67338],[-40.50977,-20.67282],[-40.50941,-20.67239],[-40.50857,-20.67209],[-40.50775,-20.67234],[-40.50647,-20.67351],[-40.50544,-20.6738],[-40.50627,-20.66951],[-40.50982,-20.66898],[-40.51254,-20.66772],[-40.51382,-20.66691],[-40.51484,-20.66528]]]},"properties":{"nome":"Olaria","municipio":"Guarapari"}},
{"type":"Feature","geometry":{"type":"Polygon","coordinates":[[[-40.51904,-20.6788],[-40.51911,-20.67823],[-40.5201,-20.67704],[-40.52096,-20.67644],[-40.52126,-20.67529],[-40.52349,-20.67496],[-40.52823,-20.67481],[-40.52874,-20.67807],[-40.52895,-20.68062],[-40.52938,-20.68118],[-40.52346,-20.6827],[-40.52201,-20.6826],[-40.5193,-20.68099],[-40.51861,-20.6802],[-40.51902,-20.67987],[-40.51904,-20.6788]]]},"properties":{"nome":"Concha D'ostra","municipio":"Guarapari"}},
{"type":"Feature","geometry":{"type":"Polygon","coordinates":[[[-40.50701,-20.68375],[-40.50833,-20.68277],[-40.50856,-20.68299],[-40.51081,-20.68238],[-40.51086,-20.68295],[-40.51259,-20.68567],[-40.51573,-20.68628],[-40.52408,-20.68968],[-40.52455,-20.69117],[-40.52222,-20.69459],[-40.51999,-20.69599],[-40.51831,-20.69649],[-40.51854,-20.69671],[-40.51813,-20.69704],[-40.51384,-20.69849],[-40.51308,-20.69626],[-40.51042,-20.69082],[-40.50789,-20.68649],[-40.50619,-20.68432],[-40.50701,-20.68375]]]},"properties":{"nome":"Praia do Riacho","municipio":"Guarapari"}},
{"type":"Feature","geometry":{"type":"Polygon","coordinates":[[[-40.51314,-20.67952],[-40.51368,-20.67821],[-40.5156,-20.67676],[-40.51598,-20.6756],[-40.51578,-20.67465],[-40.51705,-20.67557],[-40.51856,-20.67496],[-40.51832,-20.67599],[-40.51866,-20.67746],[-40.51851,-20.67777],[-40.51904,-20.6788],[-40.51817,-20.67979],[-40.51701,-20.67948],[-40.51646,-20.67957],[-40.51612,-20.68037],[-40.51422,-20.68128],[-40.51386,-20.68124],[-40.51351,-20.68046],[-40.51328,-20.68088],[-40.51314,-20.67952]]]},"properties":{"nome":"Santa Margarida","municipio":"Guarapari"}},
{"type":"Feature","geometry":{"type":"Polygon","coordinates":[[[-40.51314,-20.67952],[-40.51328,-20.68088],[-40.51351,-20.68046],[-40.51386,-20.68124],[-40.51422,-20.68128],[-40.51612,-20.68037],[-40.51646,-20.67957],[-40.51701,-20.67948],[-40.51817,-20.67979],[-40.51904,-20.6788],[-40.51902,-20.67987],[-40.51861,-20.6802],[-40.5193,-20.68099],[-40.52201,-20.6826],[-40.52346,-20.6827],[-40.52938,-20.68118],[-40.53246,-20.68323],[-40.53213,-20.6863],[-40.52408,-20.68968],[-40.51573,-20.68628],[-40.51259,-20.68567],[-40.51086,-20.68295],[-40.51081,-20.68238],[-40.50856,-20.68299],[-40.50833,-20.68277],[-40.50701,-20.68375],[-40.50588,-20.68238],[-40.5062,-20.68239],[-40.50775,-20.68124],[-40.50959,-20.68137],[-40.51018,-20.6806],[-40.51238,-20.67937],[-40.51314,-20.67952]]]},"properties":{"nome":"Kubitschek","municipio":"Guarapari"}},
{"type":"Feature","geometry":{"type":"Polygon","coordinates":[[[-40.46906,-20.61057],[-40.4737,-20.61028],[-40.4781,-20.6113],[-40.48258,-20.61158],[-40.48815,-20.61129],[-40.48987,-20.61188],[-40.49086,-20.61294],[-40.48568,-20.61461],[-40.4854,-20.61517],[-40.48258,-20.61534],[-40.48292,-20.61679],[-40.48431,-20.6171],[-40.48454,-20.6174],[-40.48389,-20.61819],[-40.48222,-20.61837],[-40.48184,-20.61868],[-40.48264,-20.62092],[-40.48369,-20.62245],[-40.48435,-20.62295],[-40.4842,-20.62368],[-40.4823,-20.62334],[-40.48165,-20.6229],[-40.48091,-20.62172],[-40.4805,-20.62161],[-40.47891,-20.62194],[-40.47878,-20.62227],[-40.47964,-20.62288],[-40.4784,-20.62426],[-40.4779,-20.62403],[-40.47797,-20.6229],[-40.47747,-20.62261],[-40.47636,-20.62368],[-40.47471,-20.62334],[-40.4747,-20.62402],[-40.47518,-20.62414],[-40.47504,-20.62445],[-40.47554,-20.62505],[-40.47503,-20.6253],[-40.47488,-20.62623],[-40.4762,-20.62753],[-40.4759,-20.62811],[-40.47755,-20.62967],[-40.47846,-20.63195],[-40.47676,-20.63289],[-40.47604,-20.63142],[-40.47146,-20.62926],[-40.46992,-20.6308],[-40.46625,-20.62834],[-40.46667,-20.62731],[-40.46617,-20.62612],[-40.46577,-20.62597],[-40.46548,-20.62529],[-40.46524,-20.62527],[-40.46507,-20.6257],[-40.46438,-20.62545],[-40.46467,-20.62484],[-40.46411,-20.62485],[-40.4649,-20.62454],[-40.46601,-20.62459],[-40.46604,-20.62317],[-40.46649,-20.62147],[-40.46635,-20.61956],[-40.46682,-20.61876],[-40.46623,-20.61786],[-40.46631,-20.61712],[-40.4674,-20.61591],[-40.4679,-20.61427],[-40.46908,-20.61326],[-40.46906,-20.61057]]]},"properties":{"nome":"Perocão","municipio":"Guarapari"}},
{"type":"Feature","geometry":{"type":"Polygon","coordinates":[[[-40.5838,-20.74208],[-40.58032,-20.74253],[-40.57799,-20.74439],[-40.57575,-20.74492],[-40.57299,-20.74792],[-40.56814,-20.74663],[-40.56583,-20.74798],[-40.56303,-20.74597],[-40.56123,-20.74735],[-40.56126,-20.74343],[-40.56073,-20.73776],[-40.55889,-20.73764],[-40.55669,-20.73314],[-40.55789,-20.7323],[-40.55818,-20.73097],[-40.55685,-20.73069],[-40.55586,-20.73143],[-40.55385,-20.72773],[-40.55197,-20.72773],[-40.55119,-20.72749],[-40.54975,-20.72781],[-40.54943,-20.72601],[-40.54964,-20.7253],[-40.55036,-20.72442],[-40.54993,-20.72047],[-40.55156,-20.71945],[-40.55186,-20.7177],[-40.55231,-20.71674],[-40.55198,-20.71592],[-40.55079,-20.7147],[-40.54953,-20.71405],[-40.55133,-20.71342],[-40.55114,-20.71236],[-40.55118,-20.71089],[-40.55157,-20.71002],[-40.55365,-20.70834],[-40.5549,-20.70805],[-40.55613,-20.70709],[-40.55716,-20.70784],[-40.5589,-20.71003],[-40.55949,-20.71109],[-40.55936,-20.71189],[-40.55992,-20.71266],[-40.56248,-20.71364],[-40.56374,-20.71314],[-40.56528,-20.71339],[-40.56577,-20.71381],[-40.56647,-20.71587],[-40.56737,-20.71688],[-40.56761,-20.71793],[-40.56869,-20.71796],[-40.56952,-20.7187],[-40.57004,-20.7196],[-40.5714,-20.72064],[-40.57308,-20.72096],[-40.57478,-20.72255],[-40.57764,-20.72269],[-40.58221,-20.72374],[-40.58363,-20.72346],[-40.58608,-20.72367],[-40.58706,-20.72408],[-40.58983,-20.72356],[-40.59084,-20.7238],[-40.59149,-20.72298],[-40.59368,-20.72193],[-40.59423,-20.72233],[-40.59488,-20.72228],[-40.5838,-20.74208]]]},"properties":{"nome":"Condados","municipio":"Guarapari"}},
{"type":"Feature","geometry":{"type":"Polygon","coordinates":[[[-40.5838,-20.74208],[-40.57089,-20.76515],[-40.56804,-20.76102],[-40.56522,-20.75854],[-40.56308,-20.75598],[-40.55917,-20.74928],[-40.56123,-20.74735],[-40.56303,-20.74597],[-40.56583,-20.74798],[-40.56814,-20.74663],[-40.57299,-20.74792],[-40.57575,-20.74492],[-40.57799,-20.74439],[-40.58032,-20.74253],[-40.5838,-20.74208]]]},"properties":{"nome":"Porto Grande","municipio":"Guarapari"}},
{"type":"Feature","geometry":{"type":"Polygon","coordinates":[[[-40.61218,-20.69134],[-40.59556,-20.68518],[-40.58569,-20.67989],[-40.58127,-20.67436],[-40.58169,-20.67422],[-40.58226,-20.67306],[-40.58309,-20.67227],[-40.58381,-20.67027],[-40.58668,-20.66901],[-40.58759,-20.66714],[-40.58968,-20.66672],[-40.5907,-20.66614],[-40.5932,-20.66619],[-40.59431,-20.66557],[-40.59541,-20.66439],[-40.59566,-20.66375],[-40.59731,-20.66369],[-40.60446,-20.66156],[-40.60988,-20.66041],[-40.62288,-20.65508],[-40.62397,-20.65726],[-40.62477,-20.65773],[-40.62451,-20.65805],[-40.62557,-20.65982],[-40.62584,-20.66079],[-40.62891,-20.66141],[-40.61218,-20.69134]]]},"properties":{"nome":"Comunidade Urbana de Reta Grande","municipio":"Guarapari"}},
{"type":"Feature","geometry":{"type":"Polygon","coordinates":[[[-40.59488,-20.72228],[-40.59423,-20.72233],[-40.59368,-20.72193],[-40.59149,-20.72298],[-40.59084,-20.7238],[-40.58983,-20.72356],[-40.58706,-20.72408],[-40.58608,-20.72367],[-40.58363,-20.72346],[-40.58221,-20.72374],[-40.57764,-20.72269],[-40.57478,-20.72255],[-40.57308,-20.72096],[-40.5714,-20.72064],[-40.57004,-20.7196],[-40.56952,-20.7187],[-40.56869,-20.71796],[-40.56761,-20.71793],[-40.56737,-20.71688],[-40.56647,-20.71587],[-40.56577,-20.71381],[-40.56528,-20.71339],[-40.56374,-20.71314],[-40.56248,-20.71364],[-40.55992,-20.71266],[-40.55936,-20.71189],[-40.55949,-20.71109],[-40.5589,-20.71003],[-40.55716,-20.70784],[-40.55613,-20.70709],[-40.55397,-20.7055],[-40.55328,-20.70537],[-40.54992,-20.70054],[-40.54949,-20.69904],[-40.55005,-20.69812],[-40.54992,-20.69484],[-40.55027,-20.6937],[-40.54913,-20.69288],[-40.54922,-20.6926],[-40.55039,-20.69204],[-40.55078,-20.69111],[-40.55245,-20.69111],[-40.55372,-20.69009],[-40.55467,-20.68972],[-40.54961,-20.67998],[-40.54553,-20.67677],[-40.54317,-20.67542],[-40.5415,-20.67492],[-40.54222,-20.67399],[-40.5447,-20.67386],[-40.54553,-20.6721],[-40.54714,-20.6718],[-40.54804,-20.67189],[-40.54872,-20.67242],[-40.54925,-20.67207],[-40.54983,-20.67217],[-40.55019,-20.67193],[-40.55243,-20.67336],[-40.55281,-20.67245],[-40.55328,-20.6721],[-40.55405,-20.67204],[-40.55455,-20.67143],[-40.55584,-20.67115],[-40.55928,-20.6692],[-40.5606,-20.6692],[-40.56055,-20.66769],[-40.56166,-20.66546],[-40.56077,-20.66457],[-40.56039,-20.66197],[-40.55937,-20.65997],[-40.5592,-20.65915],[-40.56047,-20.65909],[-40.56329,-20.65511],[-40.56361,-20.65366],[-40.56496,-20.65219],[-40.56564,-20.65203],[-40.56586,-20.65118],[-40.56782,-20.64882],[-40.5683,-20.64938],[-40.57038,-20.64994],[-40.57636,-20.65444],[-40.58332,-20.65785],[-40.58631,-20.65876],[-40.58883,-20.66097],[-40.59297,-20.66339],[-40.59403,-20.66371],[-40.59566,-20.66375],[-40.59541,-20.66439],[-40.59431,-20.66557],[-40.5932,-20.66619],[-40.5907,-20.66614],[-40.58968,-20.66672],[-40.58759,-20.66714],[-40.58668,-20.66901],[-40.58381,-20.67027],[-40.58309,-20.67227],[-40.58226,-20.67306],[-40.58169,-20.67422],[-40.58127,-20.67436],[-40.58569,-20.67989],[-40.59556,-20.68518],[-40.61218,-20.69134],[-40.59488,-20.72228]]]},"properties":{"nome":"Comunidade Urbana de Taquara do Reino","municipio":"Guarapari"}},
{"type":"Feature","geometry":{"type":"Polygon","coordinates":[[[-40.49643,-20.66235],[-40.496,-20.65854],[-40.49625,-20.65582],[-40.49453,-20.65136],[-40.49647,-20.65316],[-40.49768,-20.65313],[-40.5019,-20.65474],[-40.5034,-20.65482],[-40.50539,-20.65714],[-40.50464,-20.65784],[-40.50397,-20.66038],[-40.50344,-20.66027],[-40.50316,-20.66085],[-40.50279,-20.66076],[-40.50093,-20.66666],[-40.50171,-20.66785],[-40.5016,-20.66854],[-40.50002,-20.66895],[-40.49704,-20.66631],[-40.49752,-20.66439],[-40.49747,-20.66334],[-40.49706,-20.66249],[-40.49643,-20.66235]]]},"properties":{"nome":"Muquiçaba","municipio":"Guarapari"}},
{"type":"Feature","geometry":{"type":"Polygon","coordinates":[[[-40.47082,-20.58137],[-40.47281,-20.58059],[-40.47468,-20.58096],[-40.4754,-20.58035],[-40.47588,-20.57894],[-40.477,-20.57799],[-40.48173,-20.57671],[-40.48192,-20.57411],[-40.48244,-20.57468],[-40.48342,-20.57506],[-40.48427,-20.57505],[-40.48535,-20.5743],[-40.48568,-20.57473],[-40.48806,-20.57835],[-40.48981,-20.58166],[-40.48786,-20.58252],[-40.48728,-20.58417],[-40.48737,-20.58519],[-40.48541,-20.58864],[-40.48991,-20.5919],[-40.49027,-20.59352],[-40.48638,-20.59497],[-40.48622,-20.59561],[-40.48501,-20.59692],[-40.48552,-20.59872],[-40.48803,-20.60013],[-40.48808,-20.60111],[-40.48751,-20.60292],[-40.48845,-20.60565],[-40.48978,-20.60708],[-40.49101,-20.60783],[-40.49122,-20.60859],[-40.49234,-20.60983],[-40.49269,-20.61214],[-40.49313,-20.61304],[-40.49174,-20.61465],[-40.49086,-20.61294],[-40.48987,-20.61188],[-40.48815,-20.61129],[-40.48258,-20.61158],[-40.4781,-20.6113],[-40.4737,-20.61028],[-40.46906,-20.61057],[-40.46703,-20.61119],[-40.45973,-20.61132],[-40.45953,-20.61067],[-40.46036,-20.61013],[-40.46084,-20.61012],[-40.46238,-20.60692],[-40.46275,-20.60689],[-40.46328,-20.60601],[-40.46409,-20.60562],[-40.46467,-20.60444],[-40.46519,-20.60437],[-40.46549,-20.60255],[-40.46698,-20.6018],[-40.4671,-20.59806],[-40.46558,-20.59704],[-40.46468,-20.5958],[-40.46358,-20.59576],[-40.46316,-20.59543],[-40.46171,-20.5951],[-40.46078,-20.5953],[-40.45887,-20.59333],[-40.45813,-20.59407],[-40.45437,-20.59366],[-40.45233,-20.59256],[-40.44991,-20.59189],[-40.44981,-20.59008],[-40.4491,-20.58926],[-40.45473,-20.58697],[-40.45526,-20.58816],[-40.46196,-20.5882],[-40.46313,-20.58841],[-40.46645,-20.58619],[-40.46668,-20.58581],[-40.46655,-20.58538],[-40.46801,-20.58359],[-40.47082,-20.58137]]]},"properties":{"nome":"Comunidade Urbana de Andana","municipio":"Guarapari"}},
{"type":"Feature","geometry":{"type":"Polygon","coordinates":[[[-40.52874,-20.67807],[-40.53038,-20.67795],[-40.53167,-20.67747],[-40.5333,-20.6773],[-40.53606,-20.67588],[-40.53693,-20.67737],[-40.53759,-20.67773],[-40.53863,-20.67785],[-40.5407,-20.67696],[-40.5411,-20.67605],[-40.54081,-20.67539],[-40.54099,-20.67499],[-40.5415,-20.67492],[-40.54317,-20.67542],[-40.54553,-20.67677],[-40.54961,-20.67998],[-40.55467,-20.68972],[-40.55372,-20.69009],[-40.55245,-20.69111],[-40.55078,-20.69111],[-40.55039,-20.69204],[-40.54922,-20.6926],[-40.54913,-20.69288],[-40.55027,-20.6937],[-40.54992,-20.69484],[-40.55005,-20.69812],[-40.54949,-20.69904],[-40.54992,-20.70054],[-40.55328,-20.70537],[-40.55397,-20.7055],[-40.55613,-20.70709],[-40.5549,-20.70805],[-40.55365,-20.70834],[-40.55157,-20.71002],[-40.55118,-20.71089],[-40.55114,-20.71236],[-40.54911,-20.71118],[-40.54787,-20.71199],[-40.54806,-20.71221],[-40.54731,-20.71302],[-40.54558,-20.71333],[-40.54451,-20.71324],[-40.54335,-20.71447],[-40.54331,-20.71506],[-40.54065,-20.71563],[-40.53964,-20.71544],[-40.5377,-20.71431],[-40.53694,-20.71351],[-40.53615,-20.71335],[-40.5356,-20.71246],[-40.53493,-20.71289],[-40.53373,-20.71456],[-40.53257,-20.71505],[-40.53112,-20.71468],[-40.53031,-20.71498],[-40.52627,-20.71442],[-40.52492,-20.72118],[-40.52419,-20.72152],[-40.52354,-20.72181],[-40.52216,-20.71909],[-40.52025,-20.71662],[-40.51952,-20.71422],[-40.51557,-20.70808],[-40.51454,-20.70434],[-40.51452,-20.70234],[-40.51384,-20.69849],[-40.51813,-20.69704],[-40.51854,-20.69671],[-40.51831,-20.69649],[-40.51999,-20.69599],[-40.52222,-20.69459],[-40.52455,-20.69117],[-40.52408,-20.68968],[-40.53213,-20.6863],[-40.53246,-20.68323],[-40.52938,-20.68118],[-40.52895,-20.68062],[-40.52874,-20.67807]]]},"properties":{"nome":"Lameirão","municipio":"Guarapari"}},
{"type":"Feature","geometry":{"type":"Polygon","coordinates":[[[-40.52243,-20.64716],[-40.52457,-20.64631],[-40.5242,-20.64544],[-40.52429,-20.64383],[-40.52501,-20.64176],[-40.52458,-20.64077],[-40.52473,-20.64012],[-40.52415,-20.64015],[-40.52383,-20.63902],[-40.52421,-20.63898],[-40.5263,-20.63746],[-40.52652,-20.63657],[-40.5272,-20.63593],[-40.52945,-20.63791],[-40.53133,-20.64086],[-40.53243,-20.64119],[-40.53479,-20.64072],[-40.53585,-20.64096],[-40.54054,-20.64574],[-40.54211,-20.64691],[-40.54547,-20.64764],[-40.54717,-20.6497],[-40.54968,-20.65101],[-40.55151,-20.65232],[-40.55541,-20.65336],[-40.55891,-20.6553],[-40.55961,-20.65643],[-40.5592,-20.65915],[-40.55937,-20.65997],[-40.56039,-20.66197],[-40.56077,-20.66457],[-40.56166,-20.66546],[-40.56055,-20.66769],[-40.5606,-20.6692],[-40.55928,-20.6692],[-40.55584,-20.67115],[-40.55455,-20.67143],[-40.55405,-20.67204],[-40.55328,-20.6721],[-40.55281,-20.67245],[-40.55243,-20.67336],[-40.55019,-20.67193],[-40.54983,-20.67217],[-40.54925,-20.67207],[-40.54872,-20.67242],[-40.54804,-20.67189],[-40.54714,-20.6718],[-40.54553,-20.6721],[-40.5447,-20.67386],[-40.54222,-20.67399],[-40.5415,-20.67492],[-40.54099,-20.67499],[-40.54081,-20.67539],[-40.5411,-20.67605],[-40.5407,-20.67696],[-40.53863,-20.67785],[-40.53759,-20.67773],[-40.53693,-20.67737],[-40.53606,-20.67588],[-40.5333,-20.6773],[-40.53167,-20.67747],[-40.53038,-20.67795],[-40.52874,-20.67807],[-40.52823,-20.67481],[-40.52868,-20.6704],[-40.52808,-20.66719],[-40.52693,-20.66594],[-40.52534,-20.66528],[-40.52594,-20.66285],[-40.52657,-20.65813],[-40.52638,-20.6545],[-40.52561,-20.65263],[-40.52243,-20.65086],[-40.52189,-20.65014],[-40.52113,-20.65011],[-40.52076,-20.64812],[-40.52135,-20.64758],[-40.52243,-20.64716]]]},"properties":{"nome":"Comunidade Urbana de Machinda","municipio":"Guarapari"}},
{"type":"Feature","geometry":{"type":"Polygon","coordinates":[[[-40.54054,-20.64574],[-40.54641,-20.64119],[-40.54712,-20.64111],[-40.54932,-20.64215],[-40.55036,-20.64132],[-40.55256,-20.6422],[-40.55445,-20.64353],[-40.55538,-20.64382],[-40.55942,-20.64347],[-40.56271,-20.64409],[-40.57038,-20.64994],[-40.5683,-20.64938],[-40.56782,-20.64882],[-40.56586,-20.65118],[-40.56564,-20.65203],[-40.56496,-20.65219],[-40.56361,-20.65366],[-40.56329,-20.65511],[-40.56047,-20.65909],[-40.5592,-20.65915],[-40.55961,-20.65643],[-40.55891,-20.6553],[-40.55541,-20.65336],[-40.55151,-20.65232],[-40.54968,-20.65101],[-40.54717,-20.6497],[-40.54547,-20.64764],[-40.54211,-20.64691],[-40.54054,-20.64574]]]},"properties":{"nome":"Comunidade Urbana de Jaboti","municipio":"Guarapari"}},
{"type":"Feature","geometry":{"type":"Polygon","coordinates":[[[-40.38776,-20.51718],[-40.40635,-20.51495],[-40.4075,-20.51677],[-40.41067,-20.51907],[-40.411,-20.52027],[-40.41106,-20.5317],[-40.4117,-20.53518],[-40.41138,-20.53792],[-40.41007,-20.53941],[-40.41031,-20.5491],[-40.42213,-20.54923],[-40.42272,-20.54793],[-40.4253,-20.5457],[-40.42786,-20.5504],[-40.42828,-20.55043],[-40.42765,-20.55148],[-40.42634,-20.55148],[-40.42533,-20.55284],[-40.42265,-20.55414],[-40.42209,-20.55534],[-40.42166,-20.55805],[-40.42277,-20.5578],[-40.42348,-20.55792],[-40.42496,-20.55711],[-40.42622,-20.5571],[-40.42661,-20.55768],[-40.42785,-20.5581],[-40.4283,-20.55896],[-40.4291,-20.55903],[-40.43219,-20.56035],[-40.43218,-20.56168],[-40.43158,-20.56332],[-40.43159,-20.56424],[-40.4306,-20.56569],[-40.42997,-20.56758],[-40.4301,-20.57048],[-40.43096,-20.5726],[-40.43295,-20.57339],[-40.43407,-20.57354],[-40.43518,-20.57495],[-40.43543,-20.57616],[-40.43623,-20.57764],[-40.43653,-20.58019],[-40.43769,-20.58092],[-40.43812,-20.58188],[-40.43858,-20.58222],[-40.43935,-20.58414],[-40.43894,-20.58579],[-40.43855,-20.58604],[-40.43838,-20.58664],[-40.43865,-20.58713],[-40.43613,-20.5918],[-40.43576,-20.59182],[-40.4356,-20.59213],[-40.43506,-20.59185],[-40.43377,-20.59216],[-40.43341,-20.5927],[-40.43373,-20.59423],[-40.43257,-20.59504],[-40.43221,-20.59589],[-40.43121,-20.59601],[-40.43034,-20.5958],[-40.42994,-20.59629],[-40.43033,-20.59677],[-40.4302,-20.59718],[-40.42966,-20.59764],[-40.42878,-20.59784],[-40.42804,-20.59907],[-40.42797,-20.59965],[-40.42616,-20.60009],[-40.4249,-20.59],[-40.42436,-20.5875],[-40.42314,-20.58576],[-40.41873,-20.58228],[-40.41704,-20.58035],[-40.40677,-20.56042],[-40.387,-20.5349],[-40.38834,-20.52434],[-40.38776,-20.51718]]]},"properties":{"nome":"Village do Sol","municipio":"Guarapari"}},
{"type":"Feature","geometry":{"type":"Polygon","coordinates":[[[-40.46746,-20.50763],[-40.4748,-20.50675],[-40.47478,-20.50831],[-40.47513,-20.50989],[-40.47849,-20.51662],[-40.47871,-20.5182],[-40.47825,-20.52124],[-40.47857,-20.52274],[-40.48186,-20.52725],[-40.48366,-20.53153],[-40.48383,-20.53352],[-40.46826,-20.53339],[-40.46855,-20.53099],[-40.46844,-20.52973],[-40.46804,-20.52943],[-40.46796,-20.52563],[-40.46768,-20.52458],[-40.46713,-20.52386],[-40.46672,-20.52218],[-40.46705,-20.52094],[-40.46796,-20.51956],[-40.46788,-20.51494],[-40.4669,-20.51387],[-40.4666,-20.51281],[-40.46746,-20.50763]]]},"properties":{"nome":"Comunidade Urbana de Amarelos","municipio":"Guarapari"}},
{"type":"Feature","geometry":{"type":"Polygon","coordinates":[[[-40.52354,-20.72181],[-40.52419,-20.72152],[-40.52496,-20.72284],[-40.52937,-20.72746],[-40.53357,-20.73317],[-40.5355,-20.73439],[-40.53502,-20.73676],[-40.53426,-20.73674],[-40.53371,-20.73639],[-40.53378,-20.73601],[-40.53338,-20.73558],[-40.53211,-20.73626],[-40.53124,-20.73603],[-40.53084,-20.73502],[-40.53159,-20.73405],[-40.53116,-20.73355],[-40.53037,-20.73323],[-40.52926,-20.73325],[-40.52872,-20.73352],[-40.52885,-20.73416],[-40.52857,-20.73465],[-40.5286,-20.73532],[-40.52845,-20.73585],[-40.52807,-20.73571],[-40.52807,-20.73628],[-40.52646,-20.73488],[-40.52597,-20.73507],[-40.52553,-20.73465],[-40.52526,-20.73408],[-40.52613,-20.73375],[-40.52607,-20.73323],[-40.52635,-20.73296],[-40.52822,-20.73299],[-40.52842,-20.73274],[-40.52812,-20.73038],[-40.52751,-20.72944],[-40.52674,-20.72885],[-40.52527,-20.72855],[-40.52453,-20.72871],[-40.52376,-20.72918],[-40.52373,-20.7299],[-40.5229,-20.72979],[-40.52298,-20.73036],[-40.52267,-20.73047],[-40.52167,-20.72973],[-40.52136,-20.72991],[-40.52143,-20.73037],[-40.5209,-20.73033],[-40.52014,-20.72975],[-40.51996,-20.72808],[-40.52052,-20.72707],[-40.52083,-20.72704],[-40.52112,-20.72785],[-40.52189,-20.72799],[-40.52217,-20.72847],[-40.52334,-20.72801],[-40.5242,-20.72681],[-40.52456,-20.7245],[-40.52354,-20.72181]]]},"properties":{"nome":"Enseada Azul","municipio":"Guarapari"}},
{"type":"Feature","geometry":{"type":"Polygon","coordinates":[[[-40.37715,-20.53531],[-40.37379,-20.53069],[-40.37151,-20.52883],[-40.36989,-20.52585],[-40.36905,-20.52324],[-40.36797,-20.52155],[-40.3689,-20.52134],[-40.36981,-20.52047],[-40.37085,-20.52147],[-40.37471,-20.51776],[-40.37842,-20.51928],[-40.37952,-20.52016],[-40.37958,-20.52509],[-40.37903,-20.52663],[-40.37851,-20.52742],[-40.37728,-20.52796],[-40.37632,-20.52794],[-40.37517,-20.52911],[-40.37586,-20.52991],[-40.37495,-20.53075],[-40.37752,-20.53526],[-40.37715,-20.53531]]]},"properties":{"nome":"Nova Ponta da Fruta","municipio":"Vila Velha"}},
{"type":"Feature","geometry":{"type":"Polygon","coordinates":[[[-40.38857,-20.37027],[-40.39005,-20.37073],[-40.39075,-20.36976],[-40.39229,-20.3697],[-40.39258,-20.37012],[-40.39409,-20.37095],[-40.39608,-20.37104],[-40.39665,-20.3713],[-40.39724,-20.37112],[-40.39803,-20.37012],[-40.39908,-20.37006],[-40.39951,-20.37046],[-40.40058,-20.37275],[-40.40095,-20.37422],[-40.40025,-20.37558],[-40.39878,-20.37715],[-40.39813,-20.37825],[-40.38904,-20.37425],[-40.38844,-20.37296],[-40.38857,-20.37027]]]},"properties":{"nome":"Padre Gabriel","municipio":"Cariacica"}},
{"type":"Feature","geometry":{"type":"Polygon","coordinates":[[[-40.35443,-20.28045],[-40.35395,-20.27958],[-40.35385,-20.27979],[-40.35271,-20.27943],[-40.35262,-20.27963],[-40.3525,-20.27935],[-40.35192,-20.27934],[-40.35096,-20.27887],[-40.35085,-20.27804],[-40.34956,-20.27507],[-40.34926,-20.27508],[-40.34943,-20.27473],[-40.34912,-20.27426],[-40.34878,-20.27432],[-40.34861,-20.27404],[-40.34847,-20.27427],[-40.34838,-20.27394],[-40.34796,-20.27414],[-40.34768,-20.27387],[-40.34761,-20.27414],[-40.34742,-20.27387],[-40.34741,-20.27424],[-40.34711,-20.27439],[-40.34699,-20.27421],[-40.34699,-20.27446],[-40.3464,-20.27466],[-40.34578,-20.27426],[-40.34558,-20.27318],[-40.34593,-20.27247],[-40.34591,-20.27033],[-40.34499,-20.26938],[-40.34504,-20.26909],[-40.34398,-20.26729],[-40.34394,-20.26665],[-40.34278,-20.26442],[-40.34247,-20.26423],[-40.34248,-20.26266],[-40.34198,-20.26284],[-40.34103,-20.26225],[-40.34111,-20.26261],[-40.34036,-20.26339],[-40.34086,-20.26354],[-40.34112,-20.26393],[-40.34084,-20.26448],[-40.33915,-20.26393],[-40.33875,-20.26456],[-40.33836,-20.26461],[-40.33846,-20.26326],[-40.33918,-20.26201],[-40.33915,-20.25937],[-40.34026,-20.25693],[-40.34053,-20.2555],[-40.34033,-20.25425],[-40.33917,-20.25198],[-40.33907,-20.2503],[-40.33996,-20.24833],[-40.34332,-20.24665],[-40.346,-20.24382],[-40.35004,-20.24178],[-40.35079,-20.24163],[-40.35181,-20.23987],[-40.35349,-20.23851],[-40.35626,-20.23895],[-40.35712,-20.23815],[-40.35967,-20.23707],[-40.36079,-20.23576],[-40.3616,-20.23425],[-40.3623,-20.2345],[-40.36247,-20.23483],[-40.36149,-20.23753],[-40.36108,-20.23824],[-40.35944,-20.2398],[-40.35937,-20.24045],[-40.35869,-20.24068],[-40.35909,-20.24125],[-40.35952,-20.24135],[-40.35957,-20.24212],[-40.36026,-20.24255],[-40.36113,-20.2438],[-40.36307,-20.24465],[-40.36271,-20.24594],[-40.36297,-20.24703],[-40.36343,-20.24723],[-40.36422,-20.24696],[-40.36495,-20.24713],[-40.36405,-20.24883],[-40.3644,-20.25005],[-40.36905,-20.25432],[-40.36925,-20.25422],[-40.36972,-20.2555],[-40.36963,-20.25684],[-40.36907,-20.25804],[-40.36792,-20.25898],[-40.36564,-20.26008],[-40.36493,-20.26138],[-40.36718,-20.26996],[-40.36779,-20.27113],[-40.37446,-20.27759],[-40.37587,-20.27983],[-40.37551,-20.2799],[-40.3718,-20.28054],[-40.37077,-20.28033],[-40.36704,-20.27459],[-40.36486,-20.27397],[-40.36298,-20.27382],[-40.36179,-20.27384],[-40.35677,-20.27604],[-40.35615,-20.27689],[-40.35537,-20.27972],[-40.35443,-20.28045]]]},"properties":{"nome":"Vila Cajueiro","municipio":"Cariacica"}},
{"type":"Feature","geometry":{"type":"Polygon","coordinates":[[[-40.39156,-20.3446],[-40.39134,-20.3445],[-40.39132,-20.34387],[-40.39319,-20.3431],[-40.39448,-20.34013],[-40.39677,-20.34146],[-40.39933,-20.3422],[-40.39874,-20.34299],[-40.39798,-20.34522],[-40.3942,-20.34579],[-40.39156,-20.3446]]]},"properties":{"nome":"Vila Palestina","municipio":"Cariacica"}},
{"type":"Feature","geometry":{"type":"Polygon","coordinates":[[[-40.41426,-20.27343],[-40.41571,-20.27459],[-40.41623,-20.27392],[-40.41629,-20.27299],[-40.41665,-20.27282],[-40.4173,-20.27443],[-40.41685,-20.27551],[-40.41717,-20.27593],[-40.41493,-20.27705],[-40.41435,-20.27769],[-40.41342,-20.27757],[-40.41277,-20.27796],[-40.41124,-20.27935],[-40.4111,-20.28022],[-40.41013,-20.27968],[-40.40751,-20.28015],[-40.40657,-20.28148],[-40.40597,-20.2839],[-40.40154,-20.28464],[-40.40035,-20.28314],[-40.40011,-20.28182],[-40.404,-20.27764],[-40.40951,-20.27618],[-40.4125,-20.27572],[-40.41314,-20.27521],[-40.41426,-20.27343]]]},"properties":{"nome":"Santa Luzia","municipio":"Cariacica"}},
{"type":"Feature","geometry":{"type":"Polygon","coordinates":[[[-40.40112,-20.26091],[-40.40203,-20.26092],[-40.40404,-20.26226],[-40.40599,-20.26244],[-40.40668,-20.26209],[-40.40806,-20.26275],[-40.41112,-20.26142],[-40.41283,-20.26165],[-40.41468,-20.26321],[-40.41696,-20.26382],[-40.41752,-20.26278],[-40.41874,-20.26281],[-40.419,-20.26237],[-40.41676,-20.25867],[-40.41667,-20.25774],[-40.41716,-20.25702],[-40.4197,-20.25663],[-40.42033,-20.25602],[-40.42199,-20.25649],[-40.42216,-20.25758],[-40.42166,-20.25903],[-40.42183,-20.25997],[-40.42247,-20.26031],[-40.42246,-20.261],[-40.42286,-20.26138],[-40.42265,-20.26209],[-40.42342,-20.26244],[-40.42304,-20.26298],[-40.42364,-20.26362],[-40.42307,-20.26455],[-40.42319,-20.26655],[-40.42209,-20.26767],[-40.42131,-20.26803],[-40.42155,-20.26936],[-40.42072,-20.27067],[-40.42073,-20.27154],[-40.42044,-20.27165],[-40.41997,-20.27357],[-40.41717,-20.27593],[-40.41685,-20.27551],[-40.4173,-20.27443],[-40.41665,-20.27282],[-40.41629,-20.27299],[-40.41623,-20.27392],[-40.41571,-20.27459],[-40.41426,-20.27343],[-40.41565,-20.27179],[-40.41577,-20.27102],[-40.41553,-20.27033],[-40.41472,-20.27217],[-40.41375,-20.27285],[-40.413,-20.273],[-40.41168,-20.27257],[-40.41193,-20.27189],[-40.41181,-20.27085],[-40.41085,-20.27054],[-40.41119,-20.27025],[-40.41135,-20.26929],[-40.40688,-20.26825],[-40.4056,-20.26869],[-40.40514,-20.26913],[-40.40512,-20.26973],[-40.40306,-20.26988],[-40.40186,-20.26935],[-40.40158,-20.26817],[-40.4011,-20.26761],[-40.40129,-20.26664],[-40.40101,-20.26598],[-40.40112,-20.26091]]]},"properties":{"nome":"Cariacica Sede","municipio":"Cariacica"}},
{"type":"Feature","geometry":{"type":"Polygon","coordinates":[[[-40.36669,-20.3224],[-40.36882,-20.32229],[-40.36892,-20.32261],[-40.36842,-20.32289],[-40.36667,-20.32546],[-40.36718,-20.32676],[-40.36704,-20.32719],[-40.36645,-20.32735],[-40.36517,-20.3267],[-40.36404,-20.32624],[-40.36246,-20.32479],[-40.36149,-20.32447],[-40.36307,-20.32458],[-40.36422,-20.32571],[-40.36476,-20.32578],[-40.36654,-20.32402],[-40.36669,-20.3224]]]},"properties":{"nome":"Sotema","municipio":"Cariacica"}},
{"type":"Feature","geometry":{"type":"Polygon","coordinates":[[[-40.40154,-20.28464],[-40.40597,-20.2839],[-40.40657,-20.28148],[-40.40751,-20.28015],[-40.41013,-20.27968],[-40.4111,-20.28022],[-40.41153,-20.28181],[-40.41141,-20.28223],[-40.41074,-20.28263],[-40.41182,-20.28284],[-40.41252,-20.28331],[-40.4133,-20.28511],[-40.41377,-20.2852],[-40.41421,-20.2858],[-40.41464,-20.28566],[-40.4151,-20.2859],[-40.41555,-20.28637],[-40.41606,-20.28752],[-40.41652,-20.28971],[-40.41641,-20.29003],[-40.41539,-20.29024],[-40.41487,-20.29007],[-40.41425,-20.29128],[-40.41411,-20.29229],[-40.41382,-20.29194],[-40.41371,-20.29209],[-40.41374,-20.29293],[-40.41399,-20.29321],[-40.41224,-20.29312],[-40.40977,-20.29465],[-40.4083,-20.29394],[-40.40725,-20.29422],[-40.40684,-20.29391],[-40.40689,-20.29044],[-40.40553,-20.28871],[-40.40425,-20.28755],[-40.40431,-20.28487],[-40.4042,-20.28469],[-40.40219,-20.28517],[-40.40154,-20.28464]]]},"properties":{"nome":"Bubú","municipio":"Cariacica"}},
{"type":"Feature","geometry":{"type":"Polygon","coordinates":[[[-40.38173,-20.34665],[-40.38295,-20.34565],[-40.38264,-20.34605],[-40.38324,-20.3465],[-40.38415,-20.34791],[-40.384,-20.34882],[-40.38676,-20.34924],[-40.38574,-20.35167],[-40.38477,-20.35317],[-40.38302,-20.35263],[-40.38242,-20.3538],[-40.38142,-20.3535],[-40.38151,-20.3508],[-40.38106,-20.34988],[-40.38003,-20.34889],[-40.38129,-20.34754],[-40.38173,-20.34665]]]},"properties":{"nome":"Rosa da Penha","municipio":"Cariacica"}},
{"type":"Feature","geometry":{"type":"Polygon","coordinates":[[[-40.39009,-20.26714],[-40.39598,-20.26508],[-40.39889,-20.26513],[-40.40101,-20.26598],[-40.40129,-20.26664],[-40.4011,-20.26761],[-40.40158,-20.26817],[-40.40186,-20.26935],[-40.40306,-20.26988],[-40.40316,-20.27034],[-40.40458,-20.27187],[-40.40593,-20.27409],[-40.40479,-20.27513],[-40.40462,-20.27569],[-40.40487,-20.277],[-40.404,-20.27764],[-40.40011,-20.28182],[-40.3966,-20.28337],[-40.39523,-20.28256],[-40.39323,-20.2822],[-40.39198,-20.27382],[-40.38966,-20.26927],[-40.38624,-20.26621],[-40.38669,-20.26619],[-40.38824,-20.26715],[-40.38914,-20.26731],[-40.39009,-20.26714]]]},"properties":{"nome":"Porto de Cariacica","municipio":"Cariacica"}},
{"type":"Feature","geometry":{"type":"Polygon","coordinates":[[[-40.40306,-20.26988],[-40.40512,-20.26973],[-40.40514,-20.26913],[-40.4056,-20.26869],[-40.40688,-20.26825],[-40.41135,-20.26929],[-40.41119,-20.27025],[-40.41085,-20.27054],[-40.41181,-20.27085],[-40.41193,-20.27189],[-40.41168,-20.27257],[-40.413,-20.273],[-40.41375,-20.27285],[-40.41472,-20.27217],[-40.41553,-20.27033],[-40.41577,-20.27102],[-40.41565,-20.27179],[-40.41426,-20.27343],[-40.41314,-20.27521],[-40.4125,-20.27572],[-40.40951,-20.27618],[-40.404,-20.27764],[-40.40487,-20.277],[-40.40462,-20.27569],[-40.40479,-20.27513],[-40.40593,-20.27409],[-40.40458,-20.27187],[-40.40316,-20.27034],[-40.40306,-20.26988]]]},"properties":{"nome":"São João Batista","municipio":"Cariacica"}},
{"type":"Feature","geometry":{"type":"Polygon","coordinates":[[[-40.42033,-20.25602],[-40.42128,-20.25295],[-40.42232,-20.25273],[-40.42431,-20.25351],[-40.4249,-20.25136],[-40.42517,-20.25154],[-40.42602,-20.25032],[-40.42687,-20.24988],[-40.42705,-20.24935],[-40.42747,-20.24917],[-40.42749,-20.24954],[-40.42803,-20.24972],[-40.4287,-20.25068],[-40.4307,-20.25176],[-40.43096,-20.25237],[-40.43192,-20.25302],[-40.43251,-20.25378],[-40.43325,-20.25366],[-40.43376,-20.25398],[-40.43361,-20.25505],[-40.4333,-20.25506],[-40.43327,-20.25561],[-40.43291,-20.25567],[-40.43278,-20.25612],[-40.43358,-20.25758],[-40.43415,-20.2594],[-40.43488,-20.25976],[-40.43528,-20.2604],[-40.43503,-20.26089],[-40.43412,-20.26131],[-40.43377,-20.26194],[-40.43233,-20.26167],[-40.43106,-20.26203],[-40.43053,-20.2627],[-40.42901,-20.26279],[-40.42805,-20.26226],[-40.42596,-20.26251],[-40.4243,-20.26193],[-40.42387,-20.26193],[-40.42342,-20.26244],[-40.42265,-20.26209],[-40.42286,-20.26138],[-40.42246,-20.261],[-40.42247,-20.26031],[-40.42183,-20.25997],[-40.42166,-20.25903],[-40.42216,-20.25758],[-40.42199,-20.25649],[-40.42033,-20.25602]]]},"properties":{"nome":"Prolar","municipio":"Cariacica"}},
{"type":"Feature","geometry":{"type":"Polygon","coordinates":[[[-40.39009,-20.26714],[-40.39044,-20.26271],[-40.39076,-20.26272],[-40.39076,-20.26171],[-40.38966,-20.26143],[-40.38897,-20.26085],[-40.38811,-20.25955],[-40.38731,-20.25931],[-40.38841,-20.25878],[-40.38942,-20.2572],[-40.39023,-20.25688],[-40.39036,-20.25691],[-40.39081,-20.25693],[-40.39245,-20.257],[-40.39578,-20.25827],[-40.39581,-20.25827],[-40.39692,-20.25888],[-40.39694,-20.25889],[-40.39849,-20.25944],[-40.40009,-20.26073],[-40.40112,-20.26091],[-40.40101,-20.26598],[-40.39889,-20.26513],[-40.39598,-20.26508],[-40.39009,-20.26714]]]},"properties":{"nome":"Nova Esperança","municipio":"Cariacica"}},
{"type":"Feature","geometry":{"type":"Polygon","coordinates":[[[-40.40157,-20.30759],[-40.4027,-20.3066],[-40.4045,-20.30606],[-40.40479,-20.30431],[-40.40554,-20.3032],[-40.40518,-20.30169],[-40.4053,-20.30089],[-40.40441,-20.30005],[-40.40468,-20.29738],[-40.40696,-20.29856],[-40.40819,-20.29804],[-40.40805,-20.29733],[-40.40686,-20.29557],[-40.40684,-20.29391],[-40.40725,-20.29422],[-40.4083,-20.29394],[-40.40977,-20.29465],[-40.41013,-20.29588],[-40.41108,-20.29659],[-40.41214,-20.297],[-40.41254,-20.29755],[-40.41418,-20.29691],[-40.41484,-20.29717],[-40.41501,-20.29699],[-40.41538,-20.29751],[-40.41644,-20.29818],[-40.41677,-20.29808],[-40.4169,-20.29834],[-40.41645,-20.3008],[-40.41482,-20.30444],[-40.41499,-20.30555],[-40.41385,-20.30595],[-40.41367,-20.3068],[-40.41248,-20.3066],[-40.41282,-20.30705],[-40.41295,-20.30842],[-40.41274,-20.30873],[-40.41103,-20.30894],[-40.41095,-20.30752],[-40.40944,-20.30689],[-40.40914,-20.30624],[-40.40869,-20.30614],[-40.40849,-20.3059],[-40.40705,-20.3059],[-40.40617,-20.30749],[-40.40493,-20.30846],[-40.40409,-20.30826],[-40.40329,-20.30843],[-40.40263,-20.30787],[-40.4019,-20.30822],[-40.40157,-20.30759]]]},"properties":{"nome":"Cangaíba","municipio":"Cariacica"}},
{"type":"Feature","geometry":{"type":"Polygon","coordinates":[[[-40.3663,-20.33151],[-40.36516,-20.33112],[-40.364,-20.33117],[-40.3603,-20.33299],[-40.36048,-20.33217],[-40.36023,-20.33079],[-40.35957,-20.33019],[-40.35888,-20.32887],[-40.35939,-20.32825],[-40.36038,-20.32796],[-40.36019,-20.32765],[-40.36067,-20.32745],[-40.36024,-20.32646],[-40.36028,-20.32414],[-40.36149,-20.32447],[-40.36246,-20.32479],[-40.36404,-20.32624],[-40.36517,-20.3267],[-40.36548,-20.32773],[-40.36464,-20.32784],[-40.36441,-20.32849],[-40.36496,-20.32935],[-40.36607,-20.3302],[-40.36662,-20.33116],[-40.3663,-20.33151]]]},"properties":{"nome":"Itaquari","municipio":"Cariacica"}},
{"type":"Feature","geometry":{"type":"Polygon","coordinates":[[[-40.38953,-20.34462],[-40.39156,-20.3446],[-40.3942,-20.34579],[-40.39798,-20.34522],[-40.39805,-20.34606],[-40.39742,-20.34704],[-40.39549,-20.3484],[-40.39446,-20.34863],[-40.39368,-20.34935],[-40.39019,-20.34879],[-40.39019,-20.34832],[-40.38914,-20.34644],[-40.38953,-20.34462]]]},"properties":{"nome":"Cruzeiro do Sul","municipio":"Cariacica"}},
{"type":"Feature","geometry":{"type":"Polygon","coordinates":[[[-40.36813,-20.39485],[-40.36877,-20.3932],[-40.37171,-20.39154],[-40.3738,-20.39091],[-40.37522,-20.39102],[-40.37555,-20.39131],[-40.37526,-20.39157],[-40.37616,-20.39254],[-40.37616,-20.39303],[-40.37576,-20.39358],[-40.37536,-20.39388],[-40.37383,-20.3936],[-40.3728,-20.39466],[-40.37127,-20.39507],[-40.37034,-20.3961],[-40.36953,-20.39627],[-40.36884,-20.39594],[-40.36861,-20.39523],[-40.36813,-20.39485]]]},"properties":{"nome":"Vista Linda","municipio":"Cariacica"}},
{"type":"Feature","geometry":{"type":"Polygon","coordinates":[[[-40.39798,-20.34522],[-40.39874,-20.34299],[-40.39933,-20.3422],[-40.4062,-20.34329],[-40.40805,-20.34386],[-40.40924,-20.34427],[-40.41016,-20.34501],[-40.41062,-20.34573],[-40.41093,-20.34639],[-40.41185,-20.34836],[-40.41197,-20.34861],[-40.41198,-20.34862],[-40.41198,-20.34864],[-40.41171,-20.34868],[-40.41164,-20.34874],[-40.41161,-20.34874],[-40.41156,-20.34872],[-40.41155,-20.34872],[-40.41154,-20.34872],[-40.41146,-20.34874],[-40.41143,-20.34876],[-40.41116,-20.34891],[-40.41107,-20.34895],[-40.41058,-20.34916],[-40.41047,-20.34922],[-40.41022,-20.34943],[-40.41016,-20.34953],[-40.41002,-20.34997],[-40.41001,-20.35016],[-40.41001,-20.35023],[-40.41006,-20.35079],[-40.41005,-20.35081],[-40.41,-20.35094],[-40.41,-20.351],[-40.41002,-20.35138],[-40.41008,-20.35151],[-40.41008,-20.35159],[-40.41002,-20.35173],[-40.40978,-20.35216],[-40.40974,-20.35226],[-40.40918,-20.35291],[-40.40905,-20.35299],[-40.40832,-20.35324],[-40.4082,-20.35332],[-40.40817,-20.35336],[-40.40813,-20.3534],[-40.40812,-20.35346],[-40.40825,-20.35475],[-40.40824,-20.3549],[-40.40822,-20.35496],[-40.4082,-20.35503],[-40.40798,-20.35525],[-40.40754,-20.35475],[-40.40629,-20.35416],[-40.40492,-20.35218],[-40.40267,-20.35082],[-40.40174,-20.34885],[-40.40041,-20.34742],[-40.39903,-20.34676],[-40.3986,-20.34568],[-40.39798,-20.34522]]]},"properties":{"nome":"São Francisco","municipio":"Cariacica"}},
{"type":"Feature","geometry":{"type":"Polygon","coordinates":[[[-40.39023,-20.35293],[-40.39161,-20.3534],[-40.39226,-20.35096],[-40.39368,-20.34935],[-40.39446,-20.34863],[-40.39549,-20.3484],[-40.39839,-20.35026],[-40.39777,-20.35053],[-40.39836,-20.35165],[-40.39731,-20.35204],[-40.39756,-20.35357],[-40.39747,-20.35431],[-40.3953,-20.35408],[-40.39514,-20.35565],[-40.39478,-20.35567],[-40.39453,-20.35621],[-40.39421,-20.35853],[-40.39354,-20.35849],[-40.39334,-20.36],[-40.39071,-20.36022],[-40.38979,-20.35984],[-40.3902,-20.35705],[-40.38972,-20.35611],[-40.38882,-20.3552],[-40.38867,-20.35449],[-40.38908,-20.35374],[-40.39023,-20.35293]]]},"properties":{"nome":"Santa Barbara","municipio":"Cariacica"}},
{"type":"Feature","geometry":{"type":"Polygon","coordinates":[[[-40.36449,-20.34602],[-40.36406,-20.34535],[-40.3661,-20.34353],[-40.3669,-20.34374],[-40.36749,-20.3432],[-40.36759,-20.34267],[-40.36802,-20.34269],[-40.36839,-20.34234],[-40.36856,-20.34137],[-40.36939,-20.34139],[-40.3694,-20.3433],[-40.37053,-20.34356],[-40.37026,-20.34426],[-40.37083,-20.34476],[-40.37021,-20.34578],[-40.36783,-20.34649],[-40.36643,-20.34645],[-40.36551,-20.34717],[-40.36449,-20.34602]]]},"properties":{"nome":"Vale Esperança","municipio":"Cariacica"}},
{"type":"Feature","geometry":{"type":"Polygon","coordinates":[[[-40.38055,-20.36713],[-40.38146,-20.36687],[-40.38337,-20.3655],[-40.38476,-20.36563],[-40.38545,-20.366],[-40.38611,-20.36697],[-40.38483,-20.36736],[-40.3855,-20.36791],[-40.38578,-20.36888],[-40.38492,-20.37022],[-40.38285,-20.37163],[-40.38144,-20.3733],[-40.38051,-20.37101],[-40.38083,-20.36994],[-40.3801,-20.36949],[-40.38051,-20.36912],[-40.38141,-20.36902],[-40.381,-20.36729],[-40.38055,-20.36713]]]},"properties":{"nome":"Santa Paula","municipio":"Cariacica"}},
{"type":"Feature","geometry":{"type":"Polygon","coordinates":[[[-40.37116,-20.36582],[-40.37123,-20.36629],[-40.37154,-20.36647],[-40.37374,-20.36564],[-40.37787,-20.36659],[-40.37877,-20.36644],[-40.38048,-20.36674],[-40.38055,-20.36713],[-40.381,-20.36729],[-40.38141,-20.36902],[-40.38051,-20.36912],[-40.3801,-20.36949],[-40.37846,-20.36997],[-40.378,-20.36906],[-40.37623,-20.37015],[-40.37566,-20.37018],[-40.37493,-20.36982],[-40.37087,-20.37055],[-40.37075,-20.37089],[-40.36924,-20.37104],[-40.368,-20.37087],[-40.36694,-20.36994],[-40.36455,-20.37052],[-40.36395,-20.36866],[-40.36322,-20.36884],[-40.36306,-20.3667],[-40.36314,-20.36615],[-40.36327,-20.36625],[-40.36595,-20.36782],[-40.36687,-20.36807],[-40.36879,-20.36718],[-40.37116,-20.36582]]]},"properties":{"nome":"Bela Vista","municipio":"Cariacica"}},
{"type":"Feature","geometry":{"type":"Polygon","coordinates":[[[-40.36347,-20.36031],[-40.36501,-20.3603],[-40.36607,-20.35962],[-40.37113,-20.3608],[-40.37093,-20.36125],[-40.37115,-20.36276],[-40.37097,-20.36306],[-40.37015,-20.36337],[-40.37021,-20.36407],[-40.36965,-20.36469],[-40.36465,-20.36375],[-40.36295,-20.36493],[-40.36279,-20.36444],[-40.36273,-20.36383],[-40.36249,-20.36272],[-40.36238,-20.36245],[-40.36264,-20.36238],[-40.36242,-20.36167],[-40.36347,-20.36031]]]},"properties":{"nome":"Bandeirantes","municipio":"Cariacica"}},
{"type":"Feature","geometry":{"type":"Polygon","coordinates":[[[-40.37254,-20.38412],[-40.36951,-20.38381],[-40.3686,-20.38126],[-40.36861,-20.37833],[-40.37007,-20.37836],[-40.37103,-20.3781],[-40.37219,-20.37597],[-40.37337,-20.37552],[-40.37375,-20.37476],[-40.37433,-20.37481],[-40.37706,-20.37293],[-40.37796,-20.37294],[-40.37852,-20.37434],[-40.37924,-20.3748],[-40.37712,-20.37613],[-40.37641,-20.37737],[-40.37446,-20.37807],[-40.37377,-20.37916],[-40.37275,-20.37966],[-40.37185,-20.38057],[-40.37178,-20.38173],[-40.37254,-20.38412]]]},"properties":{"nome":"Jardim de Alah","municipio":"Cariacica"}},
{"type":"Feature","geometry":{"type":"Polygon","coordinates":[[[-40.37895,-20.35929],[-40.38297,-20.35878],[-40.38365,-20.35832],[-40.38471,-20.35699],[-40.38543,-20.35761],[-40.38601,-20.35935],[-40.38628,-20.35897],[-40.3871,-20.36014],[-40.38756,-20.36026],[-40.38682,-20.36045],[-40.38585,-20.36112],[-40.38451,-20.36111],[-40.38505,-20.36209],[-40.38512,-20.36283],[-40.3869,-20.36277],[-40.38701,-20.36447],[-40.3864,-20.36553],[-40.38545,-20.366],[-40.38476,-20.36563],[-40.38337,-20.3655],[-40.38146,-20.36687],[-40.38055,-20.36713],[-40.38048,-20.36674],[-40.37877,-20.36644],[-40.37787,-20.36659],[-40.37374,-20.36564],[-40.37154,-20.36647],[-40.37123,-20.36629],[-40.37116,-20.36582],[-40.37433,-20.36413],[-40.37635,-20.36374],[-40.37722,-20.36193],[-40.37738,-20.36095],[-40.37812,-20.35962],[-40.37895,-20.35929]]]},"properties":{"nome":"Campo Belo","municipio":"Cariacica"}},
{"type":"Feature","geometry":{"type":"Polygon","coordinates":[[[-40.38242,-20.3538],[-40.38302,-20.35263],[-40.38477,-20.35317],[-40.3841,-20.35434],[-40.38392,-20.35574],[-40.38404,-20.35647],[-40.38471,-20.35699],[-40.38365,-20.35832],[-40.38297,-20.35878],[-40.37895,-20.35929],[-40.37893,-20.35848],[-40.37951,-20.35841],[-40.37944,-20.35772],[-40.38084,-20.35741],[-40.38083,-20.35586],[-40.38117,-20.35515],[-40.38229,-20.35538],[-40.38242,-20.3538]]]},"properties":{"nome":"São Benedito","municipio":"Cariacica"}},
{"type":"Feature","geometry":{"type":"Polygon","coordinates":[[[-40.36694,-20.36994],[-40.368,-20.37087],[-40.36924,-20.37104],[-40.37075,-20.37089],[-40.37087,-20.37055],[-40.37493,-20.36982],[-40.37566,-20.37018],[-40.37623,-20.37015],[-40.378,-20.36906],[-40.37846,-20.36997],[-40.3801,-20.36949],[-40.38083,-20.36994],[-40.38051,-20.37101],[-40.38144,-20.3733],[-40.37924,-20.3748],[-40.37852,-20.37434],[-40.37796,-20.37294],[-40.37706,-20.37293],[-40.37433,-20.37481],[-40.37375,-20.37476],[-40.37337,-20.37552],[-40.37219,-20.37597],[-40.37103,-20.3781],[-40.37007,-20.37836],[-40.36861,-20.37833],[-40.36849,-20.374],[-40.36739,-20.37303],[-40.36708,-20.37229],[-40.36678,-20.37133],[-40.36694,-20.36994]]]},"properties":{"nome":"Castelo Branco","municipio":"Cariacica"}},
{"type":"Feature","geometry":{"type":"Polygon","coordinates":[[[-40.37069,-20.34037],[-40.37166,-20.34013],[-40.37147,-20.33941],[-40.37355,-20.33979],[-40.37475,-20.34127],[-40.37516,-20.34079],[-40.37616,-20.34275],[-40.3767,-20.34254],[-40.37718,-20.34272],[-40.37693,-20.34909],[-40.3766,-20.34996],[-40.37565,-20.35014],[-40.3744,-20.3509],[-40.37107,-20.34687],[-40.37121,-20.34524],[-40.37229,-20.34439],[-40.37072,-20.34255],[-40.37099,-20.34255],[-40.37102,-20.34169],[-40.37069,-20.34037]]]},"properties":{"nome":"São Conrado","municipio":"Cariacica"}},
{"type":"Feature","geometry":{"type":"Polygon","coordinates":[[[-40.36312,-20.35547],[-40.36523,-20.35488],[-40.36554,-20.35527],[-40.36991,-20.35402],[-40.37224,-20.35203],[-40.37276,-20.35321],[-40.37363,-20.35297],[-40.37364,-20.35333],[-40.37301,-20.35382],[-40.37146,-20.3571],[-40.37119,-20.35803],[-40.3712,-20.36011],[-40.37113,-20.3608],[-40.36607,-20.35962],[-40.36501,-20.3603],[-40.36347,-20.36031],[-40.36346,-20.35738],[-40.36492,-20.35745],[-40.36549,-20.35586],[-40.36342,-20.35627],[-40.36312,-20.35547]]]},"properties":{"nome":"Vista Mar","municipio":"Cariacica"}},
{"type":"Feature","geometry":{"type":"Polygon","coordinates":[[[-40.3744,-20.3509],[-40.37565,-20.35014],[-40.3766,-20.34996],[-40.37585,-20.35137],[-40.37582,-20.35154],[-40.37671,-20.35135],[-40.37728,-20.35196],[-40.37747,-20.35169],[-40.37827,-20.35275],[-40.37786,-20.35312],[-40.37584,-20.35502],[-40.37755,-20.35652],[-40.37775,-20.35708],[-40.37784,-20.35757],[-40.3758,-20.35907],[-40.37659,-20.35914],[-40.37692,-20.35954],[-40.37669,-20.36084],[-40.37698,-20.36089],[-40.37706,-20.36174],[-40.37508,-20.36102],[-40.37359,-20.36152],[-40.37303,-20.36145],[-40.37246,-20.36074],[-40.3712,-20.36011],[-40.37119,-20.35803],[-40.37146,-20.3571],[-40.37301,-20.35382],[-40.37364,-20.35333],[-40.37363,-20.35297],[-40.3737,-20.35204],[-40.3744,-20.3509]]]},"properties":{"nome":"Maracanã","municipio":"Cariacica"}},
{"type":"Feature","geometry":{"type":"Polygon","coordinates":[[[-40.39756,-20.35357],[-40.39731,-20.35204],[-40.39836,-20.35165],[-40.39777,-20.35053],[-40.39839,-20.35026],[-40.39989,-20.35224],[-40.40136,-20.35338],[-40.40036,-20.35482],[-40.39877,-20.35382],[-40.39756,-20.35357]]]},"properties":{"nome":"Tiradentes","municipio":"Cariacica"}},
{"type":"Feature","geometry":{"type":"Polygon","coordinates":[[[-40.36551,-20.34717],[-40.36643,-20.34645],[-40.36783,-20.34649],[-40.37021,-20.34578],[-40.37083,-20.34476],[-40.37121,-20.34524],[-40.37107,-20.34687],[-40.3744,-20.3509],[-40.3737,-20.35204],[-40.37242,-20.35108],[-40.3712,-20.35083],[-40.37,-20.35019],[-40.36918,-20.35039],[-40.36814,-20.35138],[-40.36673,-20.35146],[-40.36518,-20.34911],[-40.36551,-20.34717]]]},"properties":{"nome":"Boa Sorte","municipio":"Cariacica"}},
{"type":"Feature","geometry":{"type":"Polygon","coordinates":[[[-40.37069,-20.34037],[-40.3702,-20.3398],[-40.37017,-20.33932],[-40.37075,-20.33907],[-40.37057,-20.33852],[-40.36917,-20.33877],[-40.36716,-20.33979],[-40.36732,-20.33924],[-40.36876,-20.33818],[-40.37038,-20.33796],[-40.36999,-20.33685],[-40.37088,-20.33616],[-40.37152,-20.33496],[-40.37341,-20.33552],[-40.37723,-20.3358],[-40.38006,-20.33735],[-40.37804,-20.33904],[-40.37721,-20.34225],[-40.37718,-20.34272],[-40.3767,-20.34254],[-40.37616,-20.34275],[-40.37516,-20.34079],[-40.37475,-20.34127],[-40.37355,-20.33979],[-40.37147,-20.33941],[-40.37166,-20.34013],[-40.37069,-20.34037]]]},"properties":{"nome":"Vera Cruz","municipio":"Cariacica"}},
{"type":"Feature","geometry":{"type":"Polygon","coordinates":[[[-40.36459,-20.38474],[-40.36447,-20.38076],[-40.36379,-20.37961],[-40.3634,-20.37695],[-40.36347,-20.37646],[-40.36434,-20.37599],[-40.36523,-20.37507],[-40.36434,-20.37274],[-40.36477,-20.37135],[-40.36455,-20.37052],[-40.36694,-20.36994],[-40.36678,-20.37133],[-40.36708,-20.37229],[-40.36739,-20.37303],[-40.36849,-20.374],[-40.36861,-20.37833],[-40.3686,-20.38126],[-40.36951,-20.38381],[-40.36867,-20.38388],[-40.36746,-20.38462],[-40.36459,-20.38474]]]},"properties":{"nome":"Rio Marinho","municipio":"Cariacica"}},
{"type":"Feature","geometry":{"type":"Polygon","coordinates":[[[-40.38779,-20.33656],[-40.38968,-20.33663],[-40.3914,-20.33774],[-40.39448,-20.34013],[-40.39319,-20.3431],[-40.39132,-20.34387],[-40.39134,-20.3445],[-40.39156,-20.3446],[-40.38953,-20.34462],[-40.38609,-20.34469],[-40.38445,-20.34426],[-40.38393,-20.34449],[-40.38295,-20.34565],[-40.38173,-20.34665],[-40.38013,-20.34525],[-40.38167,-20.34431],[-40.38241,-20.34069],[-40.3801,-20.3418],[-40.37951,-20.34184],[-40.37947,-20.34152],[-40.37789,-20.34227],[-40.37721,-20.34225],[-40.37804,-20.33904],[-40.38006,-20.33735],[-40.38023,-20.33745],[-40.38198,-20.33842],[-40.38344,-20.33858],[-40.38779,-20.33656]]]},"properties":{"nome":"Campo Grande","municipio":"Cariacica"}},
{"type":"Feature","geometry":{"type":"Polygon","coordinates":[[[-40.37706,-20.36174],[-40.37698,-20.36089],[-40.37669,-20.36084],[-40.37692,-20.35954],[-40.37659,-20.35914],[-40.3758,-20.35907],[-40.37784,-20.35757],[-40.37775,-20.35708],[-40.37755,-20.35652],[-40.37584,-20.35502],[-40.37786,-20.35312],[-40.37889,-20.3548],[-40.38117,-20.35515],[-40.38083,-20.35586],[-40.38084,-20.35741],[-40.37944,-20.35772],[-40.37951,-20.35841],[-40.37893,-20.35848],[-40.37895,-20.35929],[-40.37812,-20.35962],[-40.37738,-20.36095],[-40.37722,-20.36193],[-40.37706,-20.36174]]]},"properties":{"nome":"Itapemirim","municipio":"Cariacica"}},
{"type":"Feature","geometry":{"type":"Polygon","coordinates":[[[-40.37585,-20.35137],[-40.37682,-20.35077],[-40.37884,-20.35027],[-40.38003,-20.34889],[-40.38106,-20.34988],[-40.38151,-20.3508],[-40.38142,-20.3535],[-40.38242,-20.3538],[-40.38229,-20.35538],[-40.38117,-20.35515],[-40.37889,-20.3548],[-40.37786,-20.35312],[-40.37827,-20.35275],[-40.37747,-20.35169],[-40.37728,-20.35196],[-40.37671,-20.35135],[-40.37582,-20.35154],[-40.37585,-20.35137]]]},"properties":{"nome":"São Geraldo II","municipio":"Cariacica"}},
{"type":"Feature","geometry":{"type":"Polygon","coordinates":[[[-40.39549,-20.3484],[-40.39742,-20.34704],[-40.39805,-20.34606],[-40.39798,-20.34522],[-40.3986,-20.34568],[-40.39903,-20.34676],[-40.40041,-20.34742],[-40.40174,-20.34885],[-40.40267,-20.35082],[-40.40492,-20.35218],[-40.40629,-20.35416],[-40.40754,-20.35475],[-40.40798,-20.35525],[-40.40795,-20.35527],[-40.40657,-20.35621],[-40.40655,-20.35625],[-40.40652,-20.3564],[-40.40652,-20.35644],[-40.40657,-20.35669],[-40.40657,-20.35674],[-40.40653,-20.35693],[-40.40643,-20.35709],[-40.40622,-20.35758],[-40.40622,-20.35761],[-40.40621,-20.35765],[-40.40622,-20.3577],[-40.40625,-20.35781],[-40.40625,-20.35788],[-40.40625,-20.35793],[-40.40604,-20.3585],[-40.40598,-20.3586],[-40.40585,-20.35867],[-40.40578,-20.3587],[-40.40572,-20.3587],[-40.40571,-20.3587],[-40.40534,-20.35859],[-40.40521,-20.35858],[-40.4051,-20.3586],[-40.40481,-20.35857],[-40.40479,-20.35858],[-40.4046,-20.35877],[-40.40447,-20.3588],[-40.40332,-20.35787],[-40.40304,-20.35659],[-40.40236,-20.35525],[-40.40147,-20.3546],[-40.40136,-20.35338],[-40.39989,-20.35224],[-40.39839,-20.35026],[-40.39549,-20.3484]]]},"properties":{"nome":"Santo André","municipio":"Cariacica"}},
{"type":"Feature","geometry":{"type":"Polygon","coordinates":[[[-40.3999,-20.29804],[-40.40126,-20.29611],[-40.40257,-20.29718],[-40.403,-20.29659],[-40.40478,-20.29705],[-40.40468,-20.29738],[-40.40441,-20.30005],[-40.4053,-20.30089],[-40.40518,-20.30169],[-40.40554,-20.3032],[-40.40479,-20.30431],[-40.4045,-20.30606],[-40.4027,-20.3066],[-40.40157,-20.30759],[-40.40073,-20.30756],[-40.40043,-20.30682],[-40.40089,-20.30492],[-40.40143,-20.3048],[-40.40192,-20.30429],[-40.40047,-20.30217],[-40.4001,-20.30205],[-40.40037,-20.30131],[-40.39914,-20.30095],[-40.3979,-20.30156],[-40.39791,-20.3007],[-40.3999,-20.29804]]]},"properties":{"nome":"Santo Antônio","municipio":"Cariacica"}},
{"type":"Feature","geometry":{"type":"Polygon","coordinates":[[[-40.36813,-20.39485],[-40.36861,-20.39523],[-40.36884,-20.39594],[-40.36953,-20.39627],[-40.37034,-20.3961],[-40.37127,-20.39507],[-40.3728,-20.39466],[-40.37383,-20.3936],[-40.37536,-20.39388],[-40.37576,-20.39358],[-40.37707,-20.39521],[-40.37703,-20.39555],[-40.37707,-20.39569],[-40.37709,-20.39574],[-40.37713,-20.39583],[-40.37714,-20.39587],[-40.37695,-20.39592],[-40.37681,-20.39597],[-40.37677,-20.39603],[-40.37677,-20.39604],[-40.37676,-20.39609],[-40.37676,-20.39617],[-40.37674,-20.39633],[-40.37671,-20.39657],[-40.37658,-20.39716],[-40.37651,-20.39727],[-40.37647,-20.39731],[-40.37644,-20.39733],[-40.37626,-20.39745],[-40.37623,-20.39749],[-40.3761,-20.39778],[-40.37556,-20.39763],[-40.37526,-20.39732],[-40.37465,-20.39695],[-40.3744,-20.39676],[-40.37439,-20.39675],[-40.37438,-20.39675],[-40.37436,-20.39674],[-40.37407,-20.3968],[-40.37397,-20.39687],[-40.37378,-20.39713],[-40.3732,-20.39777],[-40.37301,-20.398],[-40.37298,-20.39804],[-40.37282,-20.39824],[-40.37262,-20.39848],[-40.3719,-20.3991],[-40.37151,-20.3988],[-40.37139,-20.39879],[-40.37126,-20.3988],[-40.37123,-20.3988],[-40.37123,-20.39881],[-40.3712,-20.39881],[-40.37118,-20.39882],[-40.37116,-20.39884],[-40.37094,-20.3991],[-40.37073,-20.39929],[-40.37059,-20.39947],[-40.37047,-20.39967],[-40.3704,-20.39977],[-40.36931,-20.39872],[-40.36786,-20.39785],[-40.3669,-20.39611],[-40.36612,-20.39614],[-40.3652,-20.39534],[-40.36629,-20.39435],[-40.36654,-20.39523],[-40.36792,-20.39537],[-40.36813,-20.39485]]]},"properties":{"nome":"Caçaroca","municipio":"Cariacica"}},
{"type":"Feature","geometry":{"type":"Polygon","coordinates":[[[-40.36459,-20.38474],[-40.36746,-20.38462],[-40.36867,-20.38388],[-40.36951,-20.38381],[-40.37254,-20.38412],[-40.37462,-20.38444],[-40.37543,-20.38563],[-40.37558,-20.38668],[-40.37669,-20.38752],[-40.37894,-20.38644],[-40.37943,-20.38661],[-40.37934,-20.3884],[-40.37708,-20.38975],[-40.37642,-20.39046],[-40.3761,-20.39127],[-40.37555,-20.39131],[-40.37522,-20.39102],[-40.3738,-20.39091],[-40.37171,-20.39154],[-40.36877,-20.3932],[-40.36813,-20.39485],[-40.36792,-20.39537],[-40.36654,-20.39523],[-40.36629,-20.39435],[-40.3652,-20.39534],[-40.36493,-20.39482],[-40.3643,-20.39013],[-40.36456,-20.38788],[-40.365,-20.38685],[-40.36459,-20.38474]]]},"properties":{"nome":"Jardim Botânico","municipio":"Cariacica"}},
{"type":"Feature","geometry":{"type":"Polygon","coordinates":[[[-40.37254,-20.38412],[-40.37178,-20.38173],[-40.37185,-20.38057],[-40.37275,-20.37966],[-40.37377,-20.37916],[-40.37446,-20.37807],[-40.37641,-20.37737],[-40.37712,-20.37613],[-40.37924,-20.3748],[-40.38144,-20.3733],[-40.38285,-20.37163],[-40.38492,-20.37022],[-40.38578,-20.36888],[-40.3855,-20.36791],[-40.38483,-20.36736],[-40.38611,-20.36697],[-40.38829,-20.369],[-40.38857,-20.37027],[-40.38844,-20.37296],[-40.38904,-20.37425],[-40.38908,-20.3757],[-40.38837,-20.37761],[-40.38815,-20.37997],[-40.3891,-20.38072],[-40.38818,-20.38104],[-40.3881,-20.3815],[-40.38837,-20.38305],[-40.38928,-20.38413],[-40.38998,-20.3861],[-40.38913,-20.38583],[-40.38822,-20.386],[-40.38718,-20.38729],[-40.38436,-20.38885],[-40.38317,-20.38847],[-40.38155,-20.38839],[-40.38081,-20.38798],[-40.38005,-20.38832],[-40.37934,-20.3884],[-40.37943,-20.38661],[-40.37894,-20.38644],[-40.37669,-20.38752],[-40.37558,-20.38668],[-40.37543,-20.38563],[-40.37462,-20.38444],[-40.37254,-20.38412]]]},"properties":{"nome":"Alzira Ramos","municipio":"Cariacica"}},
{"type":"Feature","geometry":{"type":"Polygon","coordinates":[[[-40.38756,-20.36026],[-40.38927,-20.36027],[-40.38979,-20.35984],[-40.39071,-20.36022],[-40.39334,-20.36],[-40.39365,-20.36075],[-40.39335,-20.36103],[-40.39351,-20.36141],[-40.39419,-20.36191],[-40.39462,-20.36239],[-40.3952,-20.36497],[-40.3959,-20.36602],[-40.39589,-20.36675],[-40.3957,-20.36749],[-40.39477,-20.36772],[-40.39416,-20.3686],[-40.39229,-20.3697],[-40.39075,-20.36976],[-40.39005,-20.37073],[-40.38857,-20.37027],[-40.38829,-20.369],[-40.38611,-20.36697],[-40.38545,-20.366],[-40.3864,-20.36553],[-40.38701,-20.36447],[-40.3869,-20.36277],[-40.38512,-20.36283],[-40.38505,-20.36209],[-40.38451,-20.36111],[-40.38585,-20.36112],[-40.38682,-20.36045],[-40.38756,-20.36026]]]},"properties":{"nome":"Jardim Campo Grande","municipio":"Cariacica"}},
{"type":"Feature","geometry":{"type":"Polygon","coordinates":[[[-40.38471,-20.35699],[-40.38611,-20.3547],[-40.38802,-20.3542],[-40.38933,-20.35285],[-40.39023,-20.35293],[-40.38908,-20.35374],[-40.38867,-20.35449],[-40.38882,-20.3552],[-40.38972,-20.35611],[-40.3902,-20.35705],[-40.38979,-20.35984],[-40.38927,-20.36027],[-40.38756,-20.36026],[-40.3871,-20.36014],[-40.38628,-20.35897],[-40.38601,-20.35935],[-40.38543,-20.35761],[-40.38471,-20.35699]]]},"properties":{"nome":"Parque Gramado","municipio":"Cariacica"}},
{"type":"Feature","geometry":{"type":"Polygon","coordinates":[[[-40.38295,-20.34565],[-40.38393,-20.34449],[-40.38445,-20.34426],[-40.38609,-20.34469],[-40.38953,-20.34462],[-40.38914,-20.34644],[-40.39019,-20.34832],[-40.39019,-20.34879],[-40.39368,-20.34935],[-40.39226,-20.35096],[-40.39161,-20.3534],[-40.39023,-20.35293],[-40.38933,-20.35285],[-40.38802,-20.3542],[-40.38611,-20.3547],[-40.38471,-20.35699],[-40.38404,-20.35647],[-40.38392,-20.35574],[-40.3841,-20.35434],[-40.38477,-20.35317],[-40.38574,-20.35167],[-40.38676,-20.34924],[-40.384,-20.34882],[-40.38415,-20.34791],[-40.38324,-20.3465],[-40.38264,-20.34605],[-40.38295,-20.34565]]]},"properties":{"nome":"Morada de Santa Fé","municipio":"Cariacica"}},
{"type":"Feature","geometry":{"type":"Polygon","coordinates":[[[-40.40957,-20.33067],[-40.41114,-20.32968],[-40.41351,-20.33069],[-40.41298,-20.33107],[-40.4125,-20.33088],[-40.4122,-20.33111],[-40.41116,-20.33309],[-40.40978,-20.33453],[-40.4106,-20.33508],[-40.4103,-20.33717],[-40.41145,-20.33927],[-40.4108,-20.34062],[-40.4096,-20.34201],[-40.40867,-20.34243],[-40.40805,-20.34386],[-40.4062,-20.34329],[-40.40552,-20.34275],[-40.40482,-20.34158],[-40.40016,-20.33225],[-40.39908,-20.33007],[-40.39896,-20.32982],[-40.40391,-20.33138],[-40.40523,-20.33103],[-40.40631,-20.33123],[-40.40957,-20.33067]]]},"properties":{"nome":"Vila Independência","municipio":"Cariacica"}},
{"type":"Feature","geometry":{"type":"Polygon","coordinates":[[[-40.41825,-20.33542],[-40.41896,-20.33358],[-40.41856,-20.33331],[-40.41875,-20.33251],[-40.41843,-20.33204],[-40.4191,-20.33242],[-40.41896,-20.33266],[-40.4194,-20.33313],[-40.41976,-20.33286],[-40.41976,-20.33185],[-40.42018,-20.33171],[-40.42039,-20.32972],[-40.42132,-20.32748],[-40.42281,-20.32581],[-40.42485,-20.32727],[-40.42383,-20.32994],[-40.42357,-20.33081],[-40.42396,-20.33488],[-40.42519,-20.33466],[-40.42639,-20.33537],[-40.42983,-20.3361],[-40.42971,-20.33682],[-40.42881,-20.33817],[-40.42929,-20.33835],[-40.42962,-20.33846],[-40.42976,-20.33851],[-40.4295,-20.33913],[-40.42868,-20.3401],[-40.42681,-20.34096],[-40.42648,-20.34101],[-40.42437,-20.34052],[-40.42434,-20.3405],[-40.42411,-20.34034],[-40.42408,-20.34033],[-40.42263,-20.34003],[-40.42261,-20.34003],[-40.42243,-20.34005],[-40.42242,-20.34005],[-40.42189,-20.33999],[-40.42187,-20.33999],[-40.42185,-20.33999],[-40.42183,-20.33999],[-40.42126,-20.34017],[-40.42108,-20.34022],[-40.42114,-20.33994],[-40.42068,-20.33972],[-40.4205,-20.33874],[-40.41997,-20.33868],[-40.41981,-20.33809],[-40.42054,-20.33603],[-40.41928,-20.33612],[-40.41825,-20.33542]]]},"properties":{"nome":"Novo Horizonte","municipio":"Cariacica"}},
{"type":"Feature","geometry":{"type":"Polygon","coordinates":[[[-40.37098,-20.32565],[-40.37166,-20.32551],[-40.37258,-20.32948],[-40.37332,-20.32925],[-40.3746,-20.32952],[-40.37585,-20.33016],[-40.377,-20.33178],[-40.37803,-20.3316],[-40.37865,-20.3324],[-40.38117,-20.3307],[-40.38143,-20.33188],[-40.3817,-20.33527],[-40.38023,-20.33745],[-40.38006,-20.33735],[-40.37723,-20.3358],[-40.37341,-20.33552],[-40.37152,-20.33496],[-40.36875,-20.33361],[-40.3663,-20.33151],[-40.36662,-20.33116],[-40.36607,-20.3302],[-40.36496,-20.32935],[-40.36441,-20.32849],[-40.36464,-20.32784],[-40.36548,-20.32773],[-40.36704,-20.32761],[-40.36761,-20.32697],[-40.36855,-20.32663],[-40.36913,-20.32593],[-40.3703,-20.3265],[-40.37098,-20.32565]]]},"properties":{"nome":"Alto Lage","municipio":"Cariacica"}},
{"type":"Feature","geometry":{"type":"Polygon","coordinates":[[[-40.39262,-20.33679],[-40.39148,-20.33629],[-40.39175,-20.33454],[-40.39355,-20.33367],[-40.39454,-20.33164],[-40.39412,-20.3314],[-40.39405,-20.33068],[-40.39456,-20.3295],[-40.39444,-20.32851],[-40.39631,-20.32856],[-40.39908,-20.33007],[-40.40016,-20.33225],[-40.39903,-20.33352],[-40.39666,-20.33433],[-40.39587,-20.33504],[-40.39262,-20.33679]]]},"properties":{"nome":"Santa Cecília","municipio":"Cariacica"}},
{"type":"Feature","geometry":{"type":"Polygon","coordinates":[[[-40.39262,-20.33679],[-40.39587,-20.33504],[-40.39666,-20.33433],[-40.39903,-20.33352],[-40.40016,-20.33225],[-40.40482,-20.34158],[-40.40552,-20.34275],[-40.4062,-20.34329],[-40.39933,-20.3422],[-40.39677,-20.34146],[-40.39448,-20.34013],[-40.3914,-20.33774],[-40.39262,-20.33679]]]},"properties":{"nome":"Vila Capixaba","municipio":"Cariacica"}},
{"type":"Feature","geometry":{"type":"Polygon","coordinates":[[[-40.36112,-20.32121],[-40.36287,-20.3211],[-40.36389,-20.32165],[-40.36521,-20.32192],[-40.36654,-20.3217],[-40.36669,-20.3224],[-40.36654,-20.32402],[-40.36476,-20.32578],[-40.36422,-20.32571],[-40.36307,-20.32458],[-40.36149,-20.32447],[-40.36028,-20.32414],[-40.35998,-20.32257],[-40.36035,-20.32174],[-40.36112,-20.32121]]]},"properties":{"nome":"Alto da Boa Vista","municipio":"Cariacica"}},
{"type":"Feature","geometry":{"type":"Polygon","coordinates":[[[-40.38745,-20.33433],[-40.38768,-20.33408],[-40.38931,-20.33481],[-40.38939,-20.334],[-40.3909,-20.33405],[-40.39129,-20.33365],[-40.39105,-20.3323],[-40.3914,-20.3312],[-40.39207,-20.33146],[-40.39275,-20.33118],[-40.39374,-20.33183],[-40.39412,-20.3314],[-40.39454,-20.33164],[-40.39355,-20.33367],[-40.39175,-20.33454],[-40.39148,-20.33629],[-40.39262,-20.33679],[-40.3914,-20.33774],[-40.38968,-20.33663],[-40.38779,-20.33656],[-40.38695,-20.33434],[-40.38735,-20.33453],[-40.38745,-20.33433]]]},"properties":{"nome":"Dom Bosco","municipio":"Cariacica"}},
{"type":"Feature","geometry":{"type":"Polygon","coordinates":[[[-40.43528,-20.2604],[-40.43608,-20.2604],[-40.43769,-20.26096],[-40.43815,-20.26143],[-40.43887,-20.26145],[-40.43932,-20.26243],[-40.44084,-20.26304],[-40.44072,-20.26458],[-40.44015,-20.26533],[-40.44069,-20.26679],[-40.44035,-20.26773],[-40.44153,-20.26758],[-40.44107,-20.26898],[-40.43917,-20.26929],[-40.43879,-20.26894],[-40.43714,-20.27041],[-40.43599,-20.26952],[-40.43328,-20.27116],[-40.43256,-20.26941],[-40.43237,-20.26816],[-40.43185,-20.26731],[-40.43107,-20.26804],[-40.43121,-20.26834],[-40.43095,-20.2683],[-40.4291,-20.26985],[-40.42762,-20.27033],[-40.42678,-20.27016],[-40.42573,-20.27163],[-40.42472,-20.27204],[-40.42401,-20.27191],[-40.42409,-20.27006],[-40.42471,-20.26859],[-40.42634,-20.26678],[-40.42662,-20.26734],[-40.42858,-20.26646],[-40.42869,-20.26577],[-40.42743,-20.26461],[-40.42591,-20.26373],[-40.42403,-20.26325],[-40.42364,-20.26362],[-40.42304,-20.26298],[-40.42342,-20.26244],[-40.42387,-20.26193],[-40.4243,-20.26193],[-40.42596,-20.26251],[-40.42805,-20.26226],[-40.42901,-20.26279],[-40.43053,-20.2627],[-40.43106,-20.26203],[-40.43233,-20.26167],[-40.43377,-20.26194],[-40.43412,-20.26131],[-40.43503,-20.26089],[-40.43528,-20.2604]]]},"properties":{"nome":"Antonio Ferreira Borges","municipio":"Cariacica"}},
{"type":"Feature","geometry":{"type":"Polygon","coordinates":[[[-40.42364,-20.26362],[-40.42403,-20.26325],[-40.42591,-20.26373],[-40.42743,-20.26461],[-40.42869,-20.26577],[-40.42858,-20.26646],[-40.42662,-20.26734],[-40.42634,-20.26678],[-40.42471,-20.26859],[-40.42409,-20.27006],[-40.42401,-20.27191],[-40.42327,-20.27218],[-40.42205,-20.27346],[-40.41997,-20.27357],[-40.42044,-20.27165],[-40.42073,-20.27154],[-40.42072,-20.27067],[-40.42155,-20.26936],[-40.42131,-20.26803],[-40.42209,-20.26767],[-40.42319,-20.26655],[-40.42307,-20.26455],[-40.42364,-20.26362]]]},"properties":{"nome":"Alice Coutinho","municipio":"Cariacica"}},
{"type":"Feature","geometry":{"type":"Polygon","coordinates":[[[-40.36517,-20.3267],[-40.36645,-20.32735],[-40.36704,-20.32719],[-40.36718,-20.32676],[-40.36667,-20.32546],[-40.36842,-20.32289],[-40.36892,-20.32261],[-40.36956,-20.32253],[-40.37088,-20.32303],[-40.37044,-20.32459],[-40.37098,-20.32565],[-40.3703,-20.3265],[-40.36913,-20.32593],[-40.36855,-20.32663],[-40.36761,-20.32697],[-40.36704,-20.32761],[-40.36548,-20.32773],[-40.36517,-20.3267]]]},"properties":{"nome":"Expedito","municipio":"Cariacica"}},
{"type":"Feature","geometry":{"type":"Polygon","coordinates":[[[-40.36566,-20.3164],[-40.36687,-20.31601],[-40.36804,-20.3165],[-40.36834,-20.31576],[-40.3698,-20.31636],[-40.37054,-20.31701],[-40.37074,-20.3177],[-40.37092,-20.31753],[-40.37164,-20.31782],[-40.37204,-20.31825],[-40.37228,-20.31752],[-40.37539,-20.31889],[-40.37737,-20.31905],[-40.37992,-20.32086],[-40.38054,-20.32079],[-40.38226,-20.32205],[-40.38176,-20.32316],[-40.38194,-20.32332],[-40.38077,-20.32507],[-40.37994,-20.3258],[-40.37896,-20.32599],[-40.37706,-20.32734],[-40.37638,-20.3272],[-40.37619,-20.32794],[-40.37461,-20.32867],[-40.3746,-20.32952],[-40.37332,-20.32925],[-40.37258,-20.32948],[-40.37166,-20.32551],[-40.37098,-20.32565],[-40.37044,-20.32459],[-40.37088,-20.32303],[-40.36956,-20.32253],[-40.36892,-20.32261],[-40.36882,-20.32229],[-40.36669,-20.3224],[-40.36654,-20.3217],[-40.36521,-20.32192],[-40.36389,-20.32165],[-40.36287,-20.3211],[-40.36112,-20.32121],[-40.36074,-20.32067],[-40.36092,-20.3202],[-40.3616,-20.32062],[-40.36343,-20.32053],[-40.36475,-20.32014],[-40.36544,-20.31966],[-40.36632,-20.31769],[-40.36566,-20.3164]]]},"properties":{"nome":"Itacibá","municipio":"Cariacica"}},
{"type":"Feature","geometry":{"type":"Polygon","coordinates":[[[-40.3746,-20.32952],[-40.37461,-20.32867],[-40.37619,-20.32794],[-40.37638,-20.3272],[-40.37706,-20.32734],[-40.37896,-20.32599],[-40.37994,-20.3258],[-40.38077,-20.32507],[-40.38194,-20.32332],[-40.3828,-20.32412],[-40.38285,-20.32502],[-40.38183,-20.32599],[-40.38173,-20.32663],[-40.3823,-20.32695],[-40.38213,-20.32716],[-40.38263,-20.32744],[-40.38212,-20.32868],[-40.38235,-20.33082],[-40.38309,-20.33127],[-40.38143,-20.33188],[-40.38117,-20.3307],[-40.37865,-20.3324],[-40.37803,-20.3316],[-40.377,-20.33178],[-40.37585,-20.33016],[-40.3746,-20.32952]]]},"properties":{"nome":"Oriente","municipio":"Cariacica"}},
{"type":"Feature","geometry":{"type":"Polygon","coordinates":[[[-40.3823,-20.32695],[-40.38173,-20.32663],[-40.38183,-20.32599],[-40.38285,-20.32502],[-40.3828,-20.32412],[-40.38492,-20.32516],[-40.38679,-20.32568],[-40.38835,-20.32743],[-40.39192,-20.32836],[-40.3928,-20.32835],[-40.39441,-20.32783],[-40.39404,-20.32866],[-40.39444,-20.32851],[-40.39456,-20.3295],[-40.39405,-20.33068],[-40.39412,-20.3314],[-40.39374,-20.33183],[-40.39275,-20.33118],[-40.39207,-20.33146],[-40.3914,-20.3312],[-40.39105,-20.3323],[-40.39129,-20.33365],[-40.3909,-20.33405],[-40.38939,-20.334],[-40.38931,-20.33481],[-40.38768,-20.33408],[-40.38745,-20.33433],[-40.38767,-20.33239],[-40.38836,-20.33259],[-40.3885,-20.33219],[-40.3888,-20.33229],[-40.38932,-20.33121],[-40.38965,-20.33123],[-40.38986,-20.32989],[-40.3897,-20.32856],[-40.3855,-20.32747],[-40.38379,-20.32734],[-40.38274,-20.32685],[-40.3823,-20.32695]]]},"properties":{"nome":"Itanguá","municipio":"Cariacica"}},
{"type":"Feature","geometry":{"type":"Polygon","coordinates":[[[-40.38331,-20.30515],[-40.38265,-20.30518],[-40.38157,-20.30461],[-40.38084,-20.3026],[-40.37816,-20.30073],[-40.38035,-20.29864],[-40.38218,-20.29941],[-40.38191,-20.29982],[-40.38233,-20.30057],[-40.38339,-20.29999],[-40.38393,-20.30221],[-40.3836,-20.30243],[-40.38458,-20.30234],[-40.38637,-20.30123],[-40.38829,-20.30149],[-40.3892,-20.30131],[-40.38981,-20.30065],[-40.39136,-20.3015],[-40.39055,-20.3034],[-40.39094,-20.30371],[-40.39111,-20.30437],[-40.38888,-20.30534],[-40.38856,-20.30608],[-40.38842,-20.30942],[-40.38801,-20.30922],[-40.3865,-20.30947],[-40.38653,-20.3087],[-40.3858,-20.30777],[-40.38497,-20.3049],[-40.38331,-20.30515]]]},"properties":{"nome":"Graúna","municipio":"Cariacica"}},
{"type":"Feature","geometry":{"type":"Polygon","coordinates":[[[-40.38331,-20.30515],[-40.38497,-20.3049],[-40.3858,-20.30777],[-40.38653,-20.3087],[-40.3865,-20.30947],[-40.38618,-20.30981],[-40.38486,-20.31022],[-40.38492,-20.31069],[-40.38592,-20.31152],[-40.38658,-20.31382],[-40.38505,-20.31465],[-40.3844,-20.31542],[-40.3848,-20.31602],[-40.38621,-20.31628],[-40.386,-20.31702],[-40.38461,-20.31797],[-40.38395,-20.31923],[-40.38374,-20.3192],[-40.38337,-20.32067],[-40.38266,-20.32074],[-40.38226,-20.32205],[-40.38054,-20.32079],[-40.37992,-20.32086],[-40.37737,-20.31905],[-40.37539,-20.31889],[-40.37228,-20.31752],[-40.37204,-20.31825],[-40.37164,-20.31782],[-40.37092,-20.31753],[-40.37074,-20.3177],[-40.37054,-20.31701],[-40.3698,-20.31636],[-40.36834,-20.31576],[-40.37097,-20.30924],[-40.37298,-20.30942],[-40.37498,-20.31072],[-40.37513,-20.31056],[-40.3771,-20.31079],[-40.37745,-20.31189],[-40.37867,-20.31171],[-40.37872,-20.30926],[-40.37797,-20.30818],[-40.37856,-20.30778],[-40.37941,-20.30606],[-40.38167,-20.30703],[-40.38276,-20.30608],[-40.38331,-20.30515]]]},"properties":{"nome":"Tucum","municipio":"Cariacica"}},
{"type":"Feature","geometry":{"type":"Polygon","coordinates":[[[-40.37348,-20.29951],[-40.37494,-20.30014],[-40.37589,-20.30234],[-40.37664,-20.3031],[-40.37677,-20.30366],[-40.37652,-20.30453],[-40.37705,-20.30641],[-40.37758,-20.30698],[-40.37797,-20.30818],[-40.37872,-20.30926],[-40.37867,-20.31171],[-40.37745,-20.31189],[-40.3771,-20.31079],[-40.37513,-20.31056],[-40.37498,-20.31072],[-40.37298,-20.30942],[-40.37097,-20.30924],[-40.37164,-20.30755],[-40.37301,-20.30402],[-40.3727,-20.30112],[-40.37348,-20.29951]]]},"properties":{"nome":"Aparecida","municipio":"Cariacica"}},
{"type":"Feature","geometry":{"type":"Polygon","coordinates":[[[-40.38671,-20.2485],[-40.38735,-20.24836],[-40.38869,-20.24865],[-40.38977,-20.24809],[-40.3895,-20.24778],[-40.3896,-20.24737],[-40.38832,-20.24664],[-40.38873,-20.24565],[-40.38848,-20.24532],[-40.388,-20.24537],[-40.38796,-20.2447],[-40.38824,-20.2439],[-40.38923,-20.2431],[-40.38979,-20.24226],[-40.38975,-20.2418],[-40.39045,-20.24156],[-40.39059,-20.24081],[-40.39256,-20.24108],[-40.39281,-20.2394],[-40.39263,-20.23882],[-40.39416,-20.23904],[-40.39489,-20.23877],[-40.39589,-20.24024],[-40.39665,-20.24071],[-40.39778,-20.24082],[-40.39852,-20.24061],[-40.39936,-20.24002],[-40.40324,-20.24324],[-40.40236,-20.24528],[-40.40212,-20.2459],[-40.40406,-20.24902],[-40.40337,-20.24932],[-40.40241,-20.24916],[-40.39828,-20.25028],[-40.39664,-20.25023],[-40.39496,-20.2524],[-40.39415,-20.25254],[-40.39136,-20.25413],[-40.39081,-20.25487],[-40.38946,-20.25394],[-40.38857,-20.2529],[-40.38839,-20.25303],[-40.38761,-20.2524],[-40.38853,-20.25138],[-40.38775,-20.2512],[-40.3868,-20.25019],[-40.38641,-20.24858],[-40.38641,-20.24857],[-40.38671,-20.2485]]]},"properties":{"nome":"Vila Progresso","municipio":"Cariacica"}},
{"type":"Feature","geometry":{"type":"Polygon","coordinates":[[[-40.42033,-20.25602],[-40.4197,-20.25663],[-40.41716,-20.25702],[-40.41667,-20.25774],[-40.41676,-20.25867],[-40.41466,-20.25873],[-40.41406,-20.25787],[-40.41212,-20.25641],[-40.41117,-20.25377],[-40.4117,-20.25081],[-40.41131,-20.24899],[-40.41042,-20.24882],[-40.40748,-20.2495],[-40.40603,-20.2505],[-40.40483,-20.2501],[-40.40406,-20.24902],[-40.40212,-20.2459],[-40.40236,-20.24528],[-40.40324,-20.24324],[-40.40439,-20.24282],[-40.40542,-20.24116],[-40.40598,-20.24071],[-40.40649,-20.23929],[-40.40627,-20.23763],[-40.40714,-20.23573],[-40.40698,-20.23466],[-40.40792,-20.23394],[-40.40811,-20.23128],[-40.40966,-20.2311],[-40.4106,-20.22949],[-40.41122,-20.22895],[-40.4129,-20.22883],[-40.41311,-20.2303],[-40.41395,-20.23106],[-40.41383,-20.23184],[-40.41423,-20.23169],[-40.41518,-20.23291],[-40.41538,-20.23359],[-40.41589,-20.23376],[-40.4169,-20.23349],[-40.41696,-20.23389],[-40.41784,-20.23447],[-40.41784,-20.2349],[-40.41816,-20.2346],[-40.4191,-20.23698],[-40.42054,-20.23848],[-40.42074,-20.23855],[-40.42077,-20.23825],[-40.42101,-20.23856],[-40.42082,-20.239],[-40.42108,-20.23959],[-40.42127,-20.23949],[-40.42153,-20.23992],[-40.42183,-20.23974],[-40.42194,-20.24009],[-40.42218,-20.23988],[-40.42252,-20.24011],[-40.42333,-20.24124],[-40.42372,-20.24252],[-40.42558,-20.24353],[-40.4257,-20.24402],[-40.42525,-20.24401],[-40.42462,-20.24597],[-40.42542,-20.24662],[-40.4252,-20.24692],[-40.42576,-20.24684],[-40.42583,-20.24728],[-40.42608,-20.24713],[-40.42701,-20.24771],[-40.42663,-20.24862],[-40.42736,-20.24873],[-40.4269,-20.24927],[-40.42705,-20.24935],[-40.42687,-20.24988],[-40.42602,-20.25032],[-40.42517,-20.25154],[-40.4249,-20.25136],[-40.42431,-20.25351],[-40.42232,-20.25273],[-40.42128,-20.25295],[-40.42033,-20.25602]]]},"properties":{"nome":"Ibiapaba","municipio":"Cariacica"}},
{"type":"Feature","geometry":{"type":"Polygon","coordinates":[[[-40.36771,-20.30482],[-40.36765,-20.30399],[-40.36795,-20.30324],[-40.36731,-20.30237],[-40.36787,-20.30165],[-40.36884,-20.30181],[-40.36962,-20.29988],[-40.36918,-20.29954],[-40.3699,-20.29848],[-40.37097,-20.2996],[-40.37243,-20.29924],[-40.37348,-20.29951],[-40.3727,-20.30112],[-40.37301,-20.30402],[-40.37164,-20.30755],[-40.37104,-20.30772],[-40.371,-20.30738],[-40.36958,-20.30714],[-40.36892,-20.30638],[-40.36827,-20.30636],[-40.36808,-20.30522],[-40.36771,-20.30482]]]},"properties":{"nome":"Presidente Médice","municipio":"Cariacica"}},
{"type":"Feature","geometry":{"type":"Polygon","coordinates":[[[-40.38226,-20.32205],[-40.38266,-20.32074],[-40.38337,-20.32067],[-40.38374,-20.3192],[-40.38395,-20.31923],[-40.38461,-20.31797],[-40.386,-20.31702],[-40.3872,-20.31739],[-40.3873,-20.31821],[-40.38569,-20.3194],[-40.38552,-20.32051],[-40.38658,-20.32042],[-40.38689,-20.32222],[-40.3876,-20.32339],[-40.38816,-20.3233],[-40.3921,-20.32434],[-40.39358,-20.32409],[-40.39365,-20.32386],[-40.39495,-20.32469],[-40.39536,-20.32431],[-40.3972,-20.32692],[-40.39831,-20.32833],[-40.39896,-20.32982],[-40.39908,-20.33007],[-40.39631,-20.32856],[-40.39444,-20.32851],[-40.39404,-20.32866],[-40.39441,-20.32783],[-40.3928,-20.32835],[-40.39192,-20.32836],[-40.38835,-20.32743],[-40.38679,-20.32568],[-40.38492,-20.32516],[-40.3828,-20.32412],[-40.38194,-20.32332],[-40.38176,-20.32316],[-40.38226,-20.32205]]]},"properties":{"nome":"Nova Brasilia","municipio":"Cariacica"}},
{"type":"Feature","geometry":{"type":"Polygon","coordinates":[[[-40.37454,-20.29822],[-40.37518,-20.29563],[-40.3755,-20.29562],[-40.37538,-20.29664],[-40.37687,-20.29582],[-40.37713,-20.29591],[-40.37757,-20.29685],[-40.379,-20.2975],[-40.38039,-20.29764],[-40.37984,-20.29858],[-40.38035,-20.29864],[-40.37816,-20.30073],[-40.38084,-20.3026],[-40.38157,-20.30461],[-40.38265,-20.30518],[-40.38331,-20.30515],[-40.38276,-20.30608],[-40.38167,-20.30703],[-40.37941,-20.30606],[-40.37856,-20.30778],[-40.37797,-20.30818],[-40.37758,-20.30698],[-40.37705,-20.30641],[-40.37652,-20.30453],[-40.37677,-20.30366],[-40.37664,-20.3031],[-40.37589,-20.30234],[-40.37494,-20.30014],[-40.37348,-20.29951],[-40.37454,-20.29822]]]},"properties":{"nome":"Retiro Saudoso","municipio":"Cariacica"}},
{"type":"Feature","geometry":{"type":"Polygon","coordinates":[[[-40.36478,-20.30449],[-40.36736,-20.30446],[-40.36771,-20.30482],[-40.36808,-20.30522],[-40.36827,-20.30636],[-40.36892,-20.30638],[-40.36958,-20.30714],[-40.371,-20.30738],[-40.37104,-20.30772],[-40.37164,-20.30755],[-40.37097,-20.30924],[-40.36834,-20.31576],[-40.36804,-20.3165],[-40.36687,-20.31601],[-40.36566,-20.3164],[-40.36545,-20.31527],[-40.36494,-20.31451],[-40.36512,-20.31419],[-40.36496,-20.31305],[-40.36459,-20.31247],[-40.36488,-20.31238],[-40.36525,-20.31151],[-40.36579,-20.31155],[-40.3658,-20.31131],[-40.36516,-20.31076],[-40.36451,-20.31076],[-40.36402,-20.30941],[-40.36595,-20.30757],[-40.3654,-20.30676],[-40.36534,-20.30575],[-40.36456,-20.30538],[-40.36478,-20.30449]]]},"properties":{"nome":"Porto de Santana","municipio":"Cariacica"}},
{"type":"Feature","geometry":{"type":"Polygon","coordinates":[[[-40.38167,-20.2882],[-40.38362,-20.28747],[-40.38336,-20.28717],[-40.38408,-20.28617],[-40.38503,-20.28647],[-40.38491,-20.28753],[-40.38525,-20.28896],[-40.38499,-20.28916],[-40.38557,-20.29029],[-40.38709,-20.28895],[-40.38704,-20.28868],[-40.38757,-20.28854],[-40.38778,-20.28876],[-40.3897,-20.28704],[-40.3902,-20.28709],[-40.39145,-20.2866],[-40.39174,-20.28703],[-40.39191,-20.28723],[-40.39218,-20.28758],[-40.3918,-20.29119],[-40.39504,-20.29881],[-40.39531,-20.302],[-40.39332,-20.30188],[-40.39277,-20.30212],[-40.39242,-20.30162],[-40.39222,-20.29994],[-40.39097,-20.29901],[-40.39009,-20.2993],[-40.38981,-20.30065],[-40.3892,-20.30131],[-40.38829,-20.30149],[-40.38637,-20.30123],[-40.38458,-20.30234],[-40.3836,-20.30243],[-40.38393,-20.30221],[-40.38339,-20.29999],[-40.38244,-20.29671],[-40.37929,-20.29513],[-40.37952,-20.29473],[-40.38371,-20.29374],[-40.38402,-20.29292],[-40.38418,-20.29167],[-40.38262,-20.29065],[-40.38187,-20.28942],[-40.38167,-20.2882]]]},"properties":{"nome":"Vila Prudêncio","municipio":"Cariacica"}},
{"type":"Feature","geometry":{"type":"Polygon","coordinates":[[[-40.40157,-20.30759],[-40.4019,-20.30822],[-40.40263,-20.30787],[-40.40329,-20.30843],[-40.40409,-20.30826],[-40.40493,-20.30846],[-40.40617,-20.30749],[-40.40705,-20.3059],[-40.40849,-20.3059],[-40.40869,-20.30614],[-40.40841,-20.30735],[-40.40864,-20.30881],[-40.40818,-20.30977],[-40.40703,-20.31043],[-40.40712,-20.31107],[-40.40675,-20.31258],[-40.40599,-20.31321],[-40.40634,-20.31494],[-40.40691,-20.31583],[-40.40661,-20.31723],[-40.40688,-20.31783],[-40.40649,-20.31878],[-40.40671,-20.31944],[-40.40602,-20.31993],[-40.40638,-20.32018],[-40.40622,-20.32105],[-40.40543,-20.32111],[-40.40389,-20.32227],[-40.40369,-20.3219],[-40.40301,-20.32205],[-40.40279,-20.32188],[-40.40128,-20.32403],[-40.40011,-20.32716],[-40.39951,-20.32686],[-40.3972,-20.32692],[-40.39536,-20.32431],[-40.39503,-20.32277],[-40.39632,-20.31997],[-40.39583,-20.31606],[-40.39485,-20.30787],[-40.39503,-20.30622],[-40.39599,-20.306],[-40.39876,-20.30646],[-40.40073,-20.30756],[-40.40157,-20.30759]]]},"properties":{"nome":"Serra do Anil","municipio":"Cariacica"}},
{"type":"Feature","geometry":{"type":"Polygon","coordinates":[[[-40.37002,-20.28574],[-40.3697,-20.28412],[-40.37107,-20.28243],[-40.3718,-20.28054],[-40.37551,-20.2799],[-40.37583,-20.28133],[-40.37672,-20.28257],[-40.37684,-20.28398],[-40.37518,-20.29563],[-40.37454,-20.29822],[-40.37384,-20.29839],[-40.37416,-20.29774],[-40.37405,-20.2972],[-40.3733,-20.29709],[-40.37292,-20.29668],[-40.37288,-20.29229],[-40.37234,-20.2924],[-40.37204,-20.29068],[-40.37175,-20.29029],[-40.37124,-20.29033],[-40.37096,-20.28992],[-40.37026,-20.28962],[-40.36983,-20.28949],[-40.36962,-20.28941],[-40.3698,-20.289],[-40.371,-20.28739],[-40.37101,-20.28737],[-40.37063,-20.28669],[-40.37051,-20.28644],[-40.37046,-20.28635],[-40.37043,-20.28631],[-40.37002,-20.28574]]]},"properties":{"nome":"Nova Canaã","municipio":"Cariacica"}},
{"type":"Feature","geometry":{"type":"Polygon","coordinates":[[[-40.35953,-20.29799],[-40.36123,-20.29731],[-40.36481,-20.29698],[-40.36675,-20.29632],[-40.36747,-20.29527],[-40.36808,-20.29514],[-40.36929,-20.29414],[-40.36812,-20.29275],[-40.36849,-20.29194],[-40.36853,-20.29185],[-40.36863,-20.29162],[-40.36875,-20.29134],[-40.36929,-20.29016],[-40.36951,-20.28966],[-40.36962,-20.28941],[-40.36983,-20.28949],[-40.37026,-20.28962],[-40.37096,-20.28992],[-40.37124,-20.29033],[-40.37175,-20.29029],[-40.37204,-20.29068],[-40.37234,-20.2924],[-40.37288,-20.29229],[-40.37292,-20.29668],[-40.3733,-20.29709],[-40.37405,-20.2972],[-40.37416,-20.29774],[-40.37384,-20.29839],[-40.37454,-20.29822],[-40.37348,-20.29951],[-40.37243,-20.29924],[-40.37097,-20.2996],[-40.3699,-20.29848],[-40.36918,-20.29954],[-40.36962,-20.29988],[-40.36884,-20.30181],[-40.36787,-20.30165],[-40.36731,-20.30237],[-40.36795,-20.30324],[-40.36765,-20.30399],[-40.36771,-20.30482],[-40.36736,-20.30446],[-40.36478,-20.30449],[-40.36492,-20.3041],[-40.36323,-20.30197],[-40.36265,-20.30165],[-40.36169,-20.30163],[-40.36035,-20.3007],[-40.36038,-20.30011],[-40.35953,-20.29799]]]},"properties":{"nome":"Porto Novo","municipio":"Cariacica"}},
{"type":"Feature","geometry":{"type":"Polygon","coordinates":[[[-40.40805,-20.34386],[-40.40867,-20.34243],[-40.4096,-20.34201],[-40.4108,-20.34062],[-40.41145,-20.33927],[-40.4103,-20.33717],[-40.4106,-20.33508],[-40.40978,-20.33453],[-40.41116,-20.33309],[-40.4122,-20.33111],[-40.4125,-20.33088],[-40.41298,-20.33107],[-40.41377,-20.33211],[-40.414,-20.33373],[-40.41683,-20.3339],[-40.41825,-20.33542],[-40.41928,-20.33612],[-40.42054,-20.33603],[-40.41981,-20.33809],[-40.41997,-20.33868],[-40.4205,-20.33874],[-40.42068,-20.33972],[-40.42114,-20.33994],[-40.42108,-20.34022],[-40.42043,-20.34052],[-40.42026,-20.34057],[-40.42009,-20.3406],[-40.42006,-20.34061],[-40.41952,-20.34088],[-40.41944,-20.34092],[-40.41943,-20.34092],[-40.41941,-20.34093],[-40.4194,-20.34094],[-40.4193,-20.34106],[-40.41928,-20.3411],[-40.41927,-20.34122],[-40.41927,-20.3413],[-40.41926,-20.34135],[-40.41926,-20.34138],[-40.41773,-20.34468],[-40.41773,-20.34469],[-40.41764,-20.34481],[-40.41761,-20.34485],[-40.41755,-20.34495],[-40.41753,-20.34498],[-40.41752,-20.345],[-40.4175,-20.34508],[-40.41747,-20.34518],[-40.41744,-20.34529],[-40.4172,-20.3458],[-40.41684,-20.34632],[-40.41288,-20.34837],[-40.41266,-20.34844],[-40.41225,-20.34855],[-40.41208,-20.34861],[-40.41198,-20.34864],[-40.41198,-20.34862],[-40.41197,-20.34861],[-40.41185,-20.34836],[-40.41093,-20.34639],[-40.41062,-20.34573],[-40.41016,-20.34501],[-40.40924,-20.34427],[-40.40805,-20.34386]]]},"properties":{"nome":"Operário","municipio":"Cariacica"}},
{"type":"Feature","geometry":{"type":"Polygon","coordinates":[[[-40.41679,-20.32305],[-40.4168,-20.32342],[-40.41778,-20.32348],[-40.41854,-20.3231],[-40.41883,-20.3223],[-40.41905,-20.32239],[-40.42092,-20.32136],[-40.42168,-20.32046],[-40.42381,-20.32062],[-40.42328,-20.3201],[-40.42437,-20.31956],[-40.42468,-20.31966],[-40.42483,-20.32038],[-40.42504,-20.32037],[-40.42595,-20.32003],[-40.42605,-20.31965],[-40.42642,-20.31951],[-40.42633,-20.31912],[-40.42667,-20.31931],[-40.42675,-20.31984],[-40.42736,-20.31986],[-40.42768,-20.32032],[-40.42659,-20.32358],[-40.42605,-20.32424],[-40.42626,-20.32452],[-40.42547,-20.32543],[-40.42485,-20.32727],[-40.42281,-20.32581],[-40.42132,-20.32748],[-40.42039,-20.32972],[-40.42018,-20.33171],[-40.41976,-20.33185],[-40.41976,-20.33286],[-40.4194,-20.33313],[-40.41896,-20.33266],[-40.4191,-20.33242],[-40.41843,-20.33204],[-40.41875,-20.33251],[-40.41856,-20.33331],[-40.41896,-20.33358],[-40.41825,-20.33542],[-40.41683,-20.3339],[-40.414,-20.33373],[-40.41377,-20.33211],[-40.41298,-20.33107],[-40.41351,-20.33069],[-40.4141,-20.32972],[-40.41496,-20.32892],[-40.41621,-20.32842],[-40.41628,-20.32662],[-40.41447,-20.325],[-40.41527,-20.32361],[-40.41679,-20.32305]]]},"properties":{"nome":"Piranema","municipio":"Cariacica"}},
{"type":"Feature","geometry":{"type":"Polygon","coordinates":[[[-40.3823,-20.32695],[-40.38274,-20.32685],[-40.38379,-20.32734],[-40.3855,-20.32747],[-40.3897,-20.32856],[-40.38986,-20.32989],[-40.38965,-20.33123],[-40.38932,-20.33121],[-40.3888,-20.33229],[-40.3885,-20.33219],[-40.38836,-20.33259],[-40.38767,-20.33239],[-40.38745,-20.33433],[-40.38735,-20.33453],[-40.38695,-20.33434],[-40.38779,-20.33656],[-40.38344,-20.33858],[-40.38198,-20.33842],[-40.38023,-20.33745],[-40.3817,-20.33527],[-40.38143,-20.33188],[-40.38309,-20.33127],[-40.38235,-20.33082],[-40.38212,-20.32868],[-40.38263,-20.32744],[-40.38213,-20.32716],[-40.3823,-20.32695]]]},"properties":{"nome":"Rio Branco","municipio":"Cariacica"}},
{"type":"Feature","geometry":{"type":"Polygon","coordinates":[[[-40.35437,-20.33919],[-40.35449,-20.33923],[-40.35455,-20.33925],[-40.35512,-20.33947],[-40.35546,-20.33961],[-40.35614,-20.34001],[-40.35865,-20.34202],[-40.35741,-20.34361],[-40.35716,-20.34409],[-40.35701,-20.34428],[-40.35679,-20.3446],[-40.35678,-20.34462],[-40.35645,-20.34449],[-40.35642,-20.34445],[-40.3564,-20.3444],[-40.35639,-20.34436],[-40.35639,-20.34431],[-40.35639,-20.34419],[-40.35639,-20.34414],[-40.35638,-20.34404],[-40.35635,-20.34399],[-40.35627,-20.34383],[-40.35618,-20.3437],[-40.35613,-20.34363],[-40.35611,-20.34358],[-40.35611,-20.34355],[-40.35611,-20.34334],[-40.35612,-20.34329],[-40.35612,-20.34322],[-40.35611,-20.34299],[-40.35605,-20.3425],[-40.35618,-20.34216],[-40.35614,-20.34208],[-40.35605,-20.34199],[-40.35597,-20.34192],[-40.35594,-20.34188],[-40.35592,-20.34185],[-40.35591,-20.34182],[-40.35591,-20.34179],[-40.35592,-20.34175],[-40.35593,-20.34172],[-40.35594,-20.34168],[-40.35596,-20.34166],[-40.35598,-20.34163],[-40.356,-20.34162],[-40.35602,-20.34159],[-40.35621,-20.34147],[-40.35629,-20.34138],[-40.35633,-20.34129],[-40.35634,-20.34127],[-40.35634,-20.34125],[-40.35633,-20.34113],[-40.3563,-20.34107],[-40.35628,-20.34104],[-40.35618,-20.34097],[-40.35597,-20.34086],[-40.35568,-20.3407],[-40.35562,-20.34067],[-40.35561,-20.34067],[-40.35555,-20.34064],[-40.35463,-20.34042],[-40.35454,-20.34037],[-40.35433,-20.34026],[-40.35434,-20.34019],[-40.35435,-20.33981],[-40.35435,-20.33977],[-40.35442,-20.33957],[-40.35442,-20.3395],[-40.35441,-20.33947],[-40.35437,-20.33921],[-40.35437,-20.33919]]]},"properties":{"nome":"Vasco da Gama","municipio":"Cariacica"}},
{"type":"Feature","geometry":{"type":"Polygon","coordinates":[[[-40.36028,-20.32414],[-40.36024,-20.32646],[-40.36067,-20.32745],[-40.36019,-20.32765],[-40.36038,-20.32796],[-40.35939,-20.32825],[-40.35888,-20.32887],[-40.35957,-20.33019],[-40.36023,-20.33079],[-40.36048,-20.33217],[-40.3603,-20.33299],[-40.364,-20.33117],[-40.36516,-20.33112],[-40.3663,-20.33151],[-40.36875,-20.33361],[-40.37152,-20.33496],[-40.37088,-20.33616],[-40.36999,-20.33685],[-40.37038,-20.33796],[-40.36876,-20.33818],[-40.36732,-20.33924],[-40.36716,-20.33979],[-40.36917,-20.33877],[-40.37057,-20.33852],[-40.37075,-20.33907],[-40.37017,-20.33932],[-40.3702,-20.3398],[-40.37069,-20.34037],[-40.37102,-20.34169],[-40.37099,-20.34255],[-40.37072,-20.34255],[-40.37229,-20.34439],[-40.37121,-20.34524],[-40.37083,-20.34476],[-40.37026,-20.34426],[-40.37053,-20.34356],[-40.3694,-20.3433],[-40.36939,-20.34139],[-40.36856,-20.34137],[-40.36839,-20.34234],[-40.36802,-20.34269],[-40.36759,-20.34267],[-40.36749,-20.3432],[-40.3669,-20.34374],[-40.3661,-20.34353],[-40.36406,-20.34535],[-40.36449,-20.34602],[-40.36437,-20.34678],[-40.36467,-20.34698],[-40.3638,-20.34772],[-40.36323,-20.34889],[-40.36321,-20.34919],[-40.36395,-20.34924],[-40.36392,-20.34975],[-40.36326,-20.35061],[-40.36238,-20.35104],[-40.36253,-20.35166],[-40.36195,-20.35232],[-40.35901,-20.35122],[-40.35899,-20.35124],[-40.35895,-20.35129],[-40.35886,-20.35139],[-40.35881,-20.35134],[-40.35844,-20.3511],[-40.35837,-20.35105],[-40.35809,-20.35085],[-40.35791,-20.35069],[-40.35787,-20.35067],[-40.35779,-20.35068],[-40.35765,-20.35076],[-40.35757,-20.35078],[-40.35745,-20.35074],[-40.35743,-20.35071],[-40.35735,-20.35055],[-40.35685,-20.34917],[-40.35673,-20.34875],[-40.35672,-20.34871],[-40.3567,-20.34866],[-40.3567,-20.34859],[-40.3567,-20.34854],[-40.3567,-20.34851],[-40.3568,-20.34798],[-40.35705,-20.34709],[-40.35714,-20.34696],[-40.35718,-20.34692],[-40.35748,-20.34674],[-40.35757,-20.34663],[-40.35784,-20.34621],[-40.35786,-20.34617],[-40.3579,-20.34607],[-40.35792,-20.346],[-40.35793,-20.34597],[-40.35795,-20.34572],[-40.35792,-20.3456],[-40.35711,-20.34476],[-40.357,-20.3447],[-40.35678,-20.34462],[-40.35679,-20.3446],[-40.35701,-20.34428],[-40.35716,-20.34409],[-40.35741,-20.34361],[-40.35865,-20.34202],[-40.35614,-20.34001],[-40.35546,-20.33961],[-40.35512,-20.33947],[-40.35455,-20.33925],[-40.35449,-20.33923],[-40.35437,-20.33919],[-40.35437,-20.33914],[-40.3544,-20.33901],[-40.35441,-20.33893],[-40.35437,-20.33837],[-40.35442,-20.33446],[-40.35445,-20.33351],[-40.35445,-20.33335],[-40.35445,-20.33326],[-40.35444,-20.33314],[-40.35444,-20.33264],[-40.35443,-20.33247],[-40.35443,-20.33136],[-40.35442,-20.33038],[-40.35444,-20.32938],[-40.35446,-20.32863],[-40.35448,-20.32807],[-40.35448,-20.32677],[-40.35765,-20.32525],[-40.35846,-20.32424],[-40.3601,-20.32112],[-40.36074,-20.32067],[-40.36112,-20.32121],[-40.36035,-20.32174],[-40.35998,-20.32257],[-40.36028,-20.32414]]]},"properties":{"nome":"Jardim América","municipio":"Cariacica"}},
{"type":"Feature","geometry":{"type":"Polygon","coordinates":[[[-40.43321,-20.33113],[-40.4326,-20.32981],[-40.43224,-20.32814],[-40.43438,-20.32826],[-40.43589,-20.3234],[-40.43713,-20.32125],[-40.44504,-20.32667],[-40.44642,-20.326],[-40.44741,-20.32603],[-40.44772,-20.32747],[-40.45158,-20.33012],[-40.45222,-20.33117],[-40.45228,-20.33187],[-40.452,-20.33242],[-40.45217,-20.33347],[-40.45167,-20.33449],[-40.45127,-20.33489],[-40.45011,-20.33524],[-40.4499,-20.33658],[-40.44895,-20.33677],[-40.44246,-20.33392],[-40.43946,-20.33264],[-40.4392,-20.33255],[-40.43886,-20.3325],[-40.43877,-20.3325],[-40.43824,-20.33259],[-40.43776,-20.33278],[-40.43629,-20.33354],[-40.43584,-20.33403],[-40.43576,-20.33412],[-40.43511,-20.33106],[-40.43412,-20.3314],[-40.43321,-20.33113]]]},"properties":{"nome":"Nova Campo Grande","municipio":"Cariacica"}},
{"type":"Feature","geometry":{"type":"Polygon","coordinates":[[[-40.42768,-20.32032],[-40.42928,-20.32023],[-40.42957,-20.32052],[-40.43016,-20.32036],[-40.43085,-20.32126],[-40.43099,-20.321],[-40.43176,-20.32096],[-40.43182,-20.32064],[-40.43145,-20.32033],[-40.43182,-20.32016],[-40.4317,-20.3204],[-40.43209,-20.32066],[-40.43215,-20.32108],[-40.4323,-20.32081],[-40.43365,-20.32049],[-40.43329,-20.31942],[-40.43241,-20.31955],[-40.43331,-20.31851],[-40.43375,-20.31883],[-40.43485,-20.32088],[-40.43534,-20.32059],[-40.43556,-20.32109],[-40.43605,-20.32094],[-40.43692,-20.32101],[-40.43713,-20.32125],[-40.43589,-20.3234],[-40.43438,-20.32826],[-40.43224,-20.32814],[-40.4326,-20.32981],[-40.43321,-20.33113],[-40.43257,-20.33127],[-40.4323,-20.33086],[-40.4288,-20.33019],[-40.42831,-20.3292],[-40.42633,-20.32864],[-40.42545,-20.3301],[-40.42383,-20.32994],[-40.42485,-20.32727],[-40.42547,-20.32543],[-40.42626,-20.32452],[-40.42605,-20.32424],[-40.42659,-20.32358],[-40.42768,-20.32032]]]},"properties":{"nome":"Vale dos Reis","municipio":"Cariacica"}},
{"type":"Feature","geometry":{"type":"Polygon","coordinates":[[[-40.43331,-20.31851],[-40.43356,-20.31816],[-40.43312,-20.31794],[-40.4331,-20.31735],[-40.43365,-20.31602],[-40.43358,-20.31514],[-40.43593,-20.31324],[-40.43601,-20.31225],[-40.43549,-20.31201],[-40.43593,-20.31159],[-40.43604,-20.30946],[-40.43638,-20.30905],[-40.43686,-20.30893],[-40.437,-20.3091],[-40.43711,-20.30943],[-40.4366,-20.31041],[-40.43688,-20.31052],[-40.43737,-20.31033],[-40.43722,-20.31012],[-40.43742,-20.30986],[-40.43773,-20.31057],[-40.44228,-20.31009],[-40.44249,-20.31051],[-40.44279,-20.31019],[-40.44241,-20.31103],[-40.4431,-20.31295],[-40.44246,-20.31349],[-40.44289,-20.31465],[-40.44316,-20.31394],[-40.44452,-20.31342],[-40.44445,-20.31315],[-40.44497,-20.31264],[-40.44597,-20.3125],[-40.44664,-20.31269],[-40.44714,-20.31106],[-40.44762,-20.31115],[-40.4479,-20.31171],[-40.44933,-20.31221],[-40.4493,-20.31475],[-40.44886,-20.31571],[-40.44977,-20.3165],[-40.45017,-20.31752],[-40.45092,-20.31765],[-40.45118,-20.3203],[-40.4501,-20.32227],[-40.45005,-20.32313],[-40.44961,-20.32335],[-40.44986,-20.32368],[-40.44931,-20.32396],[-40.44953,-20.3241],[-40.44907,-20.32466],[-40.44788,-20.32526],[-40.44741,-20.32603],[-40.44642,-20.326],[-40.44504,-20.32667],[-40.43713,-20.32125],[-40.43692,-20.32101],[-40.43605,-20.32094],[-40.43556,-20.32109],[-40.43534,-20.32059],[-40.43485,-20.32088],[-40.43375,-20.31883],[-40.43331,-20.31851]]]},"properties":{"nome":"Novo Brasil","municipio":"Cariacica"}},
{"type":"Feature","geometry":{"type":"Polygon","coordinates":[[[-40.38624,-20.26621],[-40.38378,-20.26415],[-40.38025,-20.26246],[-40.37859,-20.26103],[-40.3779,-20.26004],[-40.37713,-20.25738],[-40.37533,-20.2553],[-40.37344,-20.25243],[-40.37492,-20.24794],[-40.37631,-20.24797],[-40.37686,-20.24946],[-40.37922,-20.24841],[-40.37957,-20.24806],[-40.37993,-20.24683],[-40.37979,-20.24471],[-40.38073,-20.24435],[-40.38077,-20.24439],[-40.38439,-20.24777],[-40.38587,-20.24806],[-40.38638,-20.24852],[-40.38641,-20.24857],[-40.38641,-20.24858],[-40.3868,-20.25019],[-40.38775,-20.2512],[-40.38853,-20.25138],[-40.38761,-20.2524],[-40.38839,-20.25303],[-40.38857,-20.2529],[-40.38946,-20.25394],[-40.39081,-20.25487],[-40.39016,-20.25652],[-40.39014,-20.25661],[-40.39023,-20.25688],[-40.38942,-20.2572],[-40.38841,-20.25878],[-40.38731,-20.25931],[-40.38811,-20.25955],[-40.38897,-20.26085],[-40.38966,-20.26143],[-40.39076,-20.26171],[-40.39076,-20.26272],[-40.39044,-20.26271],[-40.39009,-20.26714],[-40.38914,-20.26731],[-40.38824,-20.26715],[-40.38669,-20.26619],[-40.38624,-20.26621]]]},"properties":{"nome":"Nova Rosa da Penha","municipio":"Cariacica"}},
{"type":"Feature","geometry":{"type":"Polygon","coordinates":[[[-40.35953,-20.29799],[-40.35907,-20.29776],[-40.35906,-20.29751],[-40.35936,-20.29706],[-40.35917,-20.29629],[-40.35964,-20.29379],[-40.35936,-20.29348],[-40.35861,-20.29336],[-40.35759,-20.29239],[-40.35771,-20.29169],[-40.35716,-20.29021],[-40.35773,-20.28949],[-40.3577,-20.28841],[-40.35492,-20.28376],[-40.35425,-20.28347],[-40.35396,-20.28281],[-40.35418,-20.28214],[-40.35495,-20.28136],[-40.35443,-20.28045],[-40.35537,-20.27972],[-40.35615,-20.27689],[-40.35677,-20.27604],[-40.36179,-20.27384],[-40.36298,-20.27382],[-40.36486,-20.27397],[-40.36704,-20.27459],[-40.37077,-20.28033],[-40.3718,-20.28054],[-40.37107,-20.28243],[-40.3697,-20.28412],[-40.37002,-20.28574],[-40.37043,-20.28631],[-40.37046,-20.28635],[-40.37051,-20.28644],[-40.37063,-20.28669],[-40.37101,-20.28737],[-40.371,-20.28739],[-40.36978,-20.28903],[-40.36951,-20.28966],[-40.36929,-20.29016],[-40.36875,-20.29134],[-40.36857,-20.29177],[-40.36812,-20.29275],[-40.36929,-20.29414],[-40.36808,-20.29514],[-40.36747,-20.29527],[-40.36675,-20.29632],[-40.36481,-20.29698],[-40.36123,-20.29731],[-40.35953,-20.29799]]]},"properties":{"nome":"Fóz do Rio Bubú","municipio":"Cariacica"}},
{"type":"Feature","geometry":{"type":"Polygon","coordinates":[[[-40.39081,-20.25487],[-40.39136,-20.25413],[-40.39415,-20.25254],[-40.39496,-20.2524],[-40.39664,-20.25023],[-40.39828,-20.25028],[-40.40241,-20.24916],[-40.40337,-20.24932],[-40.40406,-20.24902],[-40.40483,-20.2501],[-40.40603,-20.2505],[-40.40748,-20.2495],[-40.41042,-20.24882],[-40.41131,-20.24899],[-40.4117,-20.25081],[-40.41117,-20.25377],[-40.41212,-20.25641],[-40.41406,-20.25787],[-40.41466,-20.25873],[-40.41676,-20.25867],[-40.419,-20.26237],[-40.41874,-20.26281],[-40.41752,-20.26278],[-40.41696,-20.26382],[-40.41468,-20.26321],[-40.41283,-20.26165],[-40.41112,-20.26142],[-40.40806,-20.26275],[-40.40668,-20.26209],[-40.40599,-20.26244],[-40.40404,-20.26226],[-40.40203,-20.26092],[-40.40112,-20.26091],[-40.40009,-20.26073],[-40.39849,-20.25944],[-40.39694,-20.25889],[-40.39692,-20.25888],[-40.39581,-20.25827],[-40.39578,-20.25827],[-40.39245,-20.257],[-40.39081,-20.25693],[-40.39036,-20.25691],[-40.39023,-20.25688],[-40.39014,-20.25661],[-40.39016,-20.25652],[-40.39081,-20.25487]]]},"properties":{"nome":"Vila Merlo","municipio":"Cariacica"}},
{"type":"Feature","geometry":{"type":"Polygon","coordinates":[[[-40.3999,-20.29804],[-40.39944,-20.29771],[-40.39948,-20.29739],[-40.3979,-20.29696],[-40.39973,-20.29475],[-40.39977,-20.29338],[-40.40025,-20.29212],[-40.40013,-20.2914],[-40.40146,-20.28948],[-40.40036,-20.28932],[-40.39954,-20.28804],[-40.4009,-20.28724],[-40.40219,-20.28517],[-40.4042,-20.28469],[-40.40431,-20.28487],[-40.40425,-20.28755],[-40.40553,-20.28871],[-40.40689,-20.29044],[-40.40684,-20.29391],[-40.40686,-20.29557],[-40.40805,-20.29733],[-40.40819,-20.29804],[-40.40696,-20.29856],[-40.40468,-20.29738],[-40.40478,-20.29705],[-40.403,-20.29659],[-40.40257,-20.29718],[-40.40126,-20.29611],[-40.3999,-20.29804]]]},"properties":{"nome":"Campo Verde","municipio":"Cariacica"}},
{"type":"Feature","geometry":{"type":"Polygon","coordinates":[[[-40.3865,-20.30947],[-40.38801,-20.30922],[-40.38842,-20.30942],[-40.38856,-20.30608],[-40.38888,-20.30534],[-40.39335,-20.30762],[-40.39361,-20.30736],[-40.39485,-20.30787],[-40.39583,-20.31606],[-40.39551,-20.31605],[-40.39449,-20.31497],[-40.3924,-20.31498],[-40.39114,-20.31537],[-40.38977,-20.31437],[-40.38919,-20.3146],[-40.38895,-20.31431],[-40.38872,-20.31439],[-40.38849,-20.31419],[-40.3887,-20.31398],[-40.38736,-20.31327],[-40.38658,-20.31382],[-40.38592,-20.31152],[-40.38492,-20.31069],[-40.38486,-20.31022],[-40.38618,-20.30981],[-40.3865,-20.30947]]]},"properties":{"nome":"Santana","municipio":"Cariacica"}},
{"type":"Feature","geometry":{"type":"Polygon","coordinates":[[[-40.38888,-20.30534],[-40.39111,-20.30437],[-40.39094,-20.30371],[-40.39055,-20.3034],[-40.39136,-20.3015],[-40.38981,-20.30065],[-40.39009,-20.2993],[-40.39097,-20.29901],[-40.39222,-20.29994],[-40.39242,-20.30162],[-40.39277,-20.30212],[-40.39332,-20.30188],[-40.39531,-20.302],[-40.39503,-20.30622],[-40.39485,-20.30787],[-40.39361,-20.30736],[-40.39335,-20.30762],[-40.38888,-20.30534]]]},"properties":{"nome":"Tabjara","municipio":"Cariacica"}},
{"type":"Feature","geometry":{"type":"Polygon","coordinates":[[[-40.41034,-20.32485],[-40.41106,-20.32402],[-40.41054,-20.32357],[-40.41088,-20.32333],[-40.41069,-20.32293],[-40.41114,-20.32246],[-40.41152,-20.32262],[-40.41173,-20.32192],[-40.41251,-20.32126],[-40.41272,-20.32153],[-40.41326,-20.3207],[-40.41386,-20.32104],[-40.41464,-20.32101],[-40.41492,-20.32022],[-40.41529,-20.32027],[-40.41553,-20.3214],[-40.41652,-20.32113],[-40.41681,-20.3213],[-40.41679,-20.32305],[-40.41527,-20.32361],[-40.41447,-20.325],[-40.41628,-20.32662],[-40.41621,-20.32842],[-40.41496,-20.32892],[-40.4141,-20.32972],[-40.41351,-20.33069],[-40.41114,-20.32968],[-40.40957,-20.33067],[-40.4099,-20.32992],[-40.40947,-20.32873],[-40.41066,-20.32588],[-40.41034,-20.32485]]]},"properties":{"nome":"São Gonçalo","municipio":"Cariacica"}},
{"type":"Feature","geometry":{"type":"Polygon","coordinates":[[[-40.39896,-20.32982],[-40.39831,-20.32833],[-40.3972,-20.32692],[-40.39951,-20.32686],[-40.40011,-20.32716],[-40.40154,-20.32707],[-40.4031,-20.32796],[-40.40727,-20.32735],[-40.40787,-20.32623],[-40.40835,-20.32593],[-40.40882,-20.32621],[-40.41034,-20.32485],[-40.41066,-20.32588],[-40.40947,-20.32873],[-40.4099,-20.32992],[-40.40957,-20.33067],[-40.40631,-20.33123],[-40.40523,-20.33103],[-40.40391,-20.33138],[-40.39896,-20.32982]]]},"properties":{"nome":"Mucuri","municipio":"Cariacica"}},
{"type":"Feature","geometry":{"type":"Polygon","coordinates":[[[-40.37587,-20.27983],[-40.37657,-20.2798],[-40.37824,-20.28115],[-40.37899,-20.28113],[-40.38224,-20.27856],[-40.38249,-20.27891],[-40.38242,-20.28065],[-40.38596,-20.2806],[-40.38611,-20.2803],[-40.38531,-20.27972],[-40.38537,-20.27921],[-40.3874,-20.27929],[-40.38892,-20.2787],[-40.3897,-20.2787],[-40.38969,-20.27957],[-40.39075,-20.28042],[-40.39144,-20.27973],[-40.39199,-20.28109],[-40.39323,-20.2822],[-40.39218,-20.28758],[-40.39191,-20.28723],[-40.39174,-20.28703],[-40.39145,-20.2866],[-40.3902,-20.28709],[-40.3897,-20.28704],[-40.38778,-20.28876],[-40.38757,-20.28854],[-40.38704,-20.28868],[-40.38709,-20.28895],[-40.38557,-20.29029],[-40.38499,-20.28916],[-40.38525,-20.28896],[-40.38491,-20.28753],[-40.38503,-20.28647],[-40.38408,-20.28617],[-40.38336,-20.28717],[-40.38362,-20.28747],[-40.38167,-20.2882],[-40.38133,-20.28794],[-40.38028,-20.28792],[-40.37987,-20.28751],[-40.37939,-20.28776],[-40.37787,-20.28593],[-40.37774,-20.28396],[-40.37684,-20.28398],[-40.37672,-20.28257],[-40.37583,-20.28133],[-40.37551,-20.2799],[-40.37587,-20.27983]]]},"properties":{"nome":"Flexal II","municipio":"Cariacica"}},
{"type":"Feature","geometry":{"type":"Polygon","coordinates":[[[-40.37684,-20.28398],[-40.37774,-20.28396],[-40.37787,-20.28593],[-40.37939,-20.28776],[-40.37987,-20.28751],[-40.38028,-20.28792],[-40.38133,-20.28794],[-40.38167,-20.2882],[-40.38187,-20.28942],[-40.38262,-20.29065],[-40.38418,-20.29167],[-40.38402,-20.29292],[-40.38371,-20.29374],[-40.37952,-20.29473],[-40.37929,-20.29513],[-40.38244,-20.29671],[-40.38339,-20.29999],[-40.38233,-20.30057],[-40.38191,-20.29982],[-40.38218,-20.29941],[-40.38035,-20.29864],[-40.37984,-20.29858],[-40.38039,-20.29764],[-40.379,-20.2975],[-40.37757,-20.29685],[-40.37713,-20.29591],[-40.37687,-20.29582],[-40.37538,-20.29664],[-40.3755,-20.29562],[-40.37518,-20.29563],[-40.37684,-20.28398]]]},"properties":{"nome":"Flexal I","municipio":"Cariacica"}},
{"type":"Feature","geometry":{"type":"Polygon","coordinates":[[[-40.38658,-20.31382],[-40.38736,-20.31327],[-40.3887,-20.31398],[-40.38849,-20.31419],[-40.38872,-20.31439],[-40.38895,-20.31431],[-40.38919,-20.3146],[-40.38977,-20.31437],[-40.39114,-20.31537],[-40.3924,-20.31498],[-40.39449,-20.31497],[-40.39551,-20.31605],[-40.39583,-20.31606],[-40.39632,-20.31997],[-40.39503,-20.32277],[-40.39536,-20.32431],[-40.39495,-20.32469],[-40.39365,-20.32386],[-40.39358,-20.32409],[-40.3921,-20.32434],[-40.38816,-20.3233],[-40.3876,-20.32339],[-40.38689,-20.32222],[-40.38658,-20.32042],[-40.38552,-20.32051],[-40.38569,-20.3194],[-40.3873,-20.31821],[-40.3872,-20.31739],[-40.386,-20.31702],[-40.38621,-20.31628],[-40.3848,-20.31602],[-40.3844,-20.31542],[-40.38505,-20.31465],[-40.38658,-20.31382]]]},"properties":{"nome":"Nova Valverde","municipio":"Cariacica"}},
{"type":"Feature","geometry":{"type":"Polygon","coordinates":[[[-40.36165,-20.35917],[-40.36126,-20.35859],[-40.36126,-20.3583],[-40.36126,-20.35819],[-40.36121,-20.35801],[-40.36104,-20.35777],[-40.36085,-20.35749],[-40.36079,-20.3574],[-40.36076,-20.35734],[-40.36047,-20.35664],[-40.36027,-20.35629],[-40.35995,-20.35571],[-40.35952,-20.35485],[-40.35935,-20.35437],[-40.3593,-20.35414],[-40.3593,-20.35413],[-40.35926,-20.35391],[-40.35925,-20.35378],[-40.35927,-20.35372],[-40.35957,-20.35317],[-40.35985,-20.35245],[-40.35985,-20.3523],[-40.35979,-20.3522],[-40.35953,-20.35196],[-40.35886,-20.35139],[-40.35895,-20.35129],[-40.35899,-20.35124],[-40.35901,-20.35122],[-40.36195,-20.35232],[-40.36218,-20.35241],[-40.36179,-20.35313],[-40.36312,-20.35547],[-40.36342,-20.35627],[-40.36549,-20.35586],[-40.36492,-20.35745],[-40.36346,-20.35738],[-40.36347,-20.36031],[-40.36242,-20.36167],[-40.36264,-20.36238],[-40.36238,-20.36245],[-40.36139,-20.36027],[-40.36165,-20.35917]]]},"properties":{"nome":"Sotelândia","municipio":"Cariacica"}},
{"type":"Feature","geometry":{"type":"Polygon","coordinates":[[[-40.36295,-20.36493],[-40.36465,-20.36375],[-40.36965,-20.36469],[-40.36879,-20.36718],[-40.36687,-20.36807],[-40.36595,-20.36782],[-40.36327,-20.36625],[-40.36295,-20.36493]]]},"properties":{"nome":"Valparaíso","municipio":"Cariacica"}},
{"type":"Feature","geometry":{"type":"Polygon","coordinates":[[[-40.36195,-20.35232],[-40.36253,-20.35166],[-40.36238,-20.35104],[-40.36326,-20.35061],[-40.36392,-20.34975],[-40.36395,-20.34924],[-40.36321,-20.34919],[-40.36323,-20.34889],[-40.3638,-20.34772],[-40.36467,-20.34698],[-40.36437,-20.34678],[-40.36449,-20.34602],[-40.36551,-20.34717],[-40.36518,-20.34911],[-40.36673,-20.35146],[-40.36814,-20.35138],[-40.36918,-20.35039],[-40.37,-20.35019],[-40.3712,-20.35083],[-40.37242,-20.35108],[-40.3737,-20.35204],[-40.37363,-20.35297],[-40.37276,-20.35321],[-40.37224,-20.35203],[-40.36991,-20.35402],[-40.36554,-20.35527],[-40.36523,-20.35488],[-40.36312,-20.35547],[-40.36179,-20.35313],[-40.36218,-20.35241],[-40.36195,-20.35232]]]},"properties":{"nome":"Bela Aurora","municipio":"Cariacica"}},
{"type":"Feature","geometry":{"type":"Polygon","coordinates":[[[-40.37721,-20.34225],[-40.37789,-20.34227],[-40.37947,-20.34152],[-40.37951,-20.34184],[-40.3801,-20.3418],[-40.38241,-20.34069],[-40.38167,-20.34431],[-40.38013,-20.34525],[-40.38173,-20.34665],[-40.38129,-20.34754],[-40.38003,-20.34889],[-40.37884,-20.35027],[-40.37682,-20.35077],[-40.37585,-20.35137],[-40.3766,-20.34996],[-40.37693,-20.34909],[-40.37718,-20.34272],[-40.37721,-20.34225]]]},"properties":{"nome":"São Geraldo","municipio":"Cariacica"}},
{"type":"Feature","geometry":{"type":"Polygon","coordinates":[[[-40.37113,-20.3608],[-40.3712,-20.36011],[-40.37246,-20.36074],[-40.37303,-20.36145],[-40.37359,-20.36152],[-40.37508,-20.36102],[-40.37706,-20.36174],[-40.37722,-20.36193],[-40.37635,-20.36374],[-40.37433,-20.36413],[-40.37116,-20.36582],[-40.36879,-20.36718],[-40.36965,-20.36469],[-40.37021,-20.36407],[-40.37015,-20.36337],[-40.37097,-20.36306],[-40.37115,-20.36276],[-40.37093,-20.36125],[-40.37113,-20.3608]]]},"properties":{"nome":"Vila Isabel","municipio":"Cariacica"}},
{"type":"Feature","geometry":{"type":"Polygon","coordinates":[[[-40.39756,-20.35357],[-40.39877,-20.35382],[-40.40036,-20.35482],[-40.40136,-20.35338],[-40.40147,-20.3546],[-40.40236,-20.35525],[-40.40304,-20.35659],[-40.40197,-20.35746],[-40.4015,-20.35725],[-40.40038,-20.35792],[-40.39898,-20.35818],[-40.39694,-20.35926],[-40.39419,-20.36191],[-40.39351,-20.36141],[-40.39335,-20.36103],[-40.39365,-20.36075],[-40.39334,-20.36],[-40.39354,-20.35849],[-40.39421,-20.35853],[-40.39453,-20.35621],[-40.39478,-20.35567],[-40.39514,-20.35565],[-40.3953,-20.35408],[-40.39747,-20.35431],[-40.39756,-20.35357]]]},"properties":{"nome":"Campina Grande","municipio":"Cariacica"}},
{"type":"Feature","geometry":{"type":"Polygon","coordinates":[[[-40.42383,-20.32994],[-40.42545,-20.3301],[-40.42633,-20.32864],[-40.42831,-20.3292],[-40.4288,-20.33019],[-40.4323,-20.33086],[-40.43257,-20.33127],[-40.43321,-20.33113],[-40.43412,-20.3314],[-40.43511,-20.33106],[-40.43576,-20.33412],[-40.43278,-20.33785],[-40.43075,-20.33779],[-40.43073,-20.3378],[-40.43047,-20.33789],[-40.43045,-20.3379],[-40.43014,-20.33807],[-40.43012,-20.33808],[-40.42994,-20.33822],[-40.42992,-20.33824],[-40.42984,-20.33839],[-40.42976,-20.33851],[-40.42962,-20.33846],[-40.42929,-20.33835],[-40.42881,-20.33817],[-40.42971,-20.33682],[-40.42983,-20.3361],[-40.42639,-20.33537],[-40.42519,-20.33466],[-40.42396,-20.33488],[-40.42357,-20.33081],[-40.42383,-20.32994]]]},"properties":{"nome":"Vista Dourada","municipio":"Cariacica"}},
{"type":"Feature","geometry":{"type":"Polygon","coordinates":[[[-40.39419,-20.36191],[-40.39694,-20.35926],[-40.39898,-20.35818],[-40.40038,-20.35792],[-40.4015,-20.35725],[-40.40197,-20.35746],[-40.40304,-20.35659],[-40.40332,-20.35787],[-40.40447,-20.3588],[-40.40436,-20.35886],[-40.40432,-20.35893],[-40.40421,-20.35911],[-40.40425,-20.35937],[-40.40423,-20.35942],[-40.40417,-20.35949],[-40.40414,-20.35953],[-40.40413,-20.35956],[-40.40411,-20.35962],[-40.40403,-20.35991],[-40.40401,-20.36001],[-40.40384,-20.36044],[-40.40378,-20.36067],[-40.40378,-20.36072],[-40.40376,-20.36093],[-40.4037,-20.36128],[-40.40364,-20.36145],[-40.40363,-20.36149],[-40.40357,-20.36158],[-40.40355,-20.36188],[-40.40344,-20.36228],[-40.40323,-20.36311],[-40.40321,-20.36322],[-40.40321,-20.36331],[-40.40365,-20.36388],[-40.40375,-20.36395],[-40.40398,-20.36407],[-40.40403,-20.36412],[-40.40431,-20.36457],[-40.40462,-20.36657],[-40.40462,-20.36664],[-40.40451,-20.36676],[-40.40449,-20.3668],[-40.40449,-20.36689],[-40.40455,-20.36701],[-40.40456,-20.36703],[-40.40458,-20.36708],[-40.40459,-20.3672],[-40.40463,-20.3675],[-40.40465,-20.36756],[-40.40476,-20.3679],[-40.40477,-20.36793],[-40.40481,-20.36799],[-40.40486,-20.36806],[-40.40492,-20.36814],[-40.40493,-20.36817],[-40.40494,-20.36821],[-40.40492,-20.36829],[-40.40491,-20.36838],[-40.40491,-20.36839],[-40.40492,-20.36844],[-40.4051,-20.36873],[-40.4051,-20.36875],[-40.4051,-20.36878],[-40.405,-20.36911],[-40.405,-20.36912],[-40.405,-20.36914],[-40.40501,-20.36917],[-40.40501,-20.36918],[-40.40503,-20.36921],[-40.40507,-20.36928],[-40.40509,-20.36929],[-40.4051,-20.3693],[-40.40534,-20.36938],[-40.40535,-20.36939],[-40.40544,-20.37002],[-40.40537,-20.37057],[-40.40534,-20.37064],[-40.40494,-20.3711],[-40.40474,-20.3713],[-40.40462,-20.37133],[-40.40394,-20.37201],[-40.40392,-20.3721],[-40.4039,-20.37224],[-40.40384,-20.37259],[-40.4038,-20.37281],[-40.40372,-20.37309],[-40.40369,-20.3733],[-40.40499,-20.37617],[-40.40496,-20.37688],[-40.40497,-20.37695],[-40.40501,-20.37724],[-40.40502,-20.37726],[-40.40503,-20.37775],[-40.40513,-20.37844],[-40.40517,-20.37849],[-40.40544,-20.37876],[-40.40557,-20.37891],[-40.4056,-20.37898],[-40.40567,-20.37918],[-40.40568,-20.37943],[-40.4055,-20.37976],[-40.40541,-20.37995],[-40.40525,-20.38028],[-40.40501,-20.38067],[-40.40481,-20.38089],[-40.40461,-20.38105],[-40.4043,-20.38121],[-40.4039,-20.3815],[-40.40349,-20.38183],[-40.40329,-20.38207],[-40.40327,-20.38227],[-40.40326,-20.38231],[-40.40322,-20.38279],[-40.40322,-20.38286],[-40.40326,-20.38319],[-40.4032,-20.38332],[-40.40309,-20.38334],[-40.403,-20.38331],[-40.40267,-20.38319],[-40.40258,-20.38319],[-40.40055,-20.38353],[-40.40012,-20.38379],[-40.39601,-20.38928],[-40.39573,-20.38968],[-40.39569,-20.38976],[-40.39567,-20.38984],[-40.39566,-20.38991],[-40.39564,-20.38997],[-40.3956,-20.39002],[-40.39473,-20.39102],[-40.39457,-20.39166],[-40.39476,-20.3928],[-40.39499,-20.39318],[-40.39519,-20.39343],[-40.39523,-20.39348],[-40.39526,-20.39354],[-40.39529,-20.39359],[-40.39538,-20.39406],[-40.39537,-20.39412],[-40.39534,-20.39418],[-40.39532,-20.39419],[-40.39531,-20.39421],[-40.3953,-20.39423],[-40.39528,-20.39429],[-40.39526,-20.39437],[-40.39523,-20.39448],[-40.3952,-20.39454],[-40.39516,-20.39459],[-40.39515,-20.3946],[-40.39511,-20.39463],[-40.39496,-20.39475],[-40.39481,-20.39504],[-40.39477,-20.39507],[-40.39475,-20.39509],[-40.39466,-20.39512],[-40.39433,-20.39524],[-40.3943,-20.39527],[-40.39425,-20.39534],[-40.39419,-20.39545],[-40.39412,-20.39553],[-40.39402,-20.39561],[-40.39409,-20.39613],[-40.39373,-20.3962],[-40.39364,-20.39618],[-40.39353,-20.39613],[-40.3935,-20.39612],[-40.39308,-20.39596],[-40.39303,-20.39595],[-40.39291,-20.39595],[-40.39289,-20.39595],[-40.39285,-20.39596],[-40.39261,-20.39649],[-40.39254,-20.39644],[-40.39244,-20.39628],[-40.39233,-20.39615],[-40.39213,-20.39601],[-40.39179,-20.39587],[-40.39164,-20.39584],[-40.39162,-20.39583],[-40.3916,-20.39583],[-40.39158,-20.39583],[-40.39157,-20.39584],[-40.39152,-20.3959],[-40.39146,-20.39607],[-40.3914,-20.39612],[-40.39132,-20.39613],[-40.39125,-20.3961],[-40.3912,-20.39608],[-40.39119,-20.39608],[-40.39118,-20.39608],[-40.39115,-20.39606],[-40.39111,-20.39608],[-40.3909,-20.39652],[-40.39086,-20.3965],[-40.39077,-20.39635],[-40.39072,-20.39627],[-40.39071,-20.39624],[-40.39071,-20.39622],[-40.39072,-20.39619],[-40.39074,-20.39616],[-40.39094,-20.39616],[-40.39091,-20.396],[-40.39085,-20.39593],[-40.39082,-20.39592],[-40.3908,-20.39591],[-40.39078,-20.3959],[-40.39073,-20.3959],[-40.39066,-20.39593],[-40.39058,-20.39597],[-40.39052,-20.39599],[-40.39046,-20.39598],[-40.39045,-20.39597],[-40.39043,-20.39596],[-40.39042,-20.39593],[-40.39042,-20.39591],[-40.39043,-20.39588],[-40.39059,-20.39563],[-40.39062,-20.39553],[-40.39029,-20.39566],[-40.39006,-20.39564],[-40.39004,-20.39563],[-40.39003,-20.39562],[-40.39002,-20.39561],[-40.39001,-20.39535],[-40.39001,-20.39534],[-40.39,-20.39531],[-40.38998,-20.39529],[-40.38993,-20.39526],[-40.38986,-20.39527],[-40.38966,-20.39538],[-40.3886,-20.39461],[-40.38837,-20.39497],[-40.38761,-20.39516],[-40.38733,-20.39537],[-40.38706,-20.39539],[-40.38685,-20.39553],[-40.38667,-20.39556],[-40.38661,-20.39552],[-40.38659,-20.39549],[-40.38658,-20.39546],[-40.38655,-20.39525],[-40.38655,-20.39524],[-40.38653,-20.39519],[-40.38651,-20.39518],[-40.38637,-20.39516],[-40.38628,-20.39533],[-40.38611,-20.39531],[-40.38529,-20.39466],[-40.38526,-20.39461],[-40.38525,-20.39455],[-40.38528,-20.39446],[-40.38529,-20.39442],[-40.38535,-20.39433],[-40.38536,-20.3943],[-40.38536,-20.39426],[-40.38535,-20.39425],[-40.3853,-20.3942],[-40.385,-20.39433],[-40.38423,-20.39382],[-40.38414,-20.39388],[-40.38414,-20.39393],[-40.38416,-20.39396],[-40.38417,-20.39397],[-40.38418,-20.39398],[-40.38422,-20.39401],[-40.38423,-20.39403],[-40.3842,-20.39407],[-40.38364,-20.3942],[-40.3836,-20.39421],[-40.38358,-20.39423],[-40.38355,-20.39427],[-40.38353,-20.39469],[-40.38353,-20.39471],[-40.38356,-20.39479],[-40.38362,-20.39497],[-40.38363,-20.3951],[-40.38363,-20.39518],[-40.38362,-20.39519],[-40.3836,-20.39522],[-40.38358,-20.39525],[-40.38357,-20.39526],[-40.38354,-20.39528],[-40.38353,-20.39529],[-40.38348,-20.3953],[-40.38327,-20.39538],[-40.38318,-20.3954],[-40.38306,-20.39515],[-40.38304,-20.39514],[-40.38302,-20.39513],[-40.38301,-20.39513],[-40.383,-20.39513],[-40.38299,-20.39512],[-40.38298,-20.39512],[-40.38293,-20.39514],[-40.38269,-20.39545],[-40.38242,-20.39617],[-40.38242,-20.39619],[-40.38241,-20.39628],[-40.38241,-20.39638],[-40.38239,-20.39644],[-40.38236,-20.39648],[-40.38227,-20.39656],[-40.38214,-20.39661],[-40.38209,-20.39665],[-40.38199,-20.39675],[-40.38175,-20.39689],[-40.3812,-20.39709],[-40.38069,-20.39657],[-40.38059,-20.3965],[-40.3805,-20.39645],[-40.38045,-20.39642],[-40.38026,-20.39634],[-40.38024,-20.39631],[-40.38021,-20.39621],[-40.38021,-20.3962],[-40.38017,-20.39617],[-40.38009,-20.3961],[-40.38008,-20.39609],[-40.38005,-20.39606],[-40.37999,-20.39589],[-40.37979,-20.39579],[-40.37972,-20.39576],[-40.37966,-20.3957],[-40.37963,-20.39569],[-40.37957,-20.39567],[-40.37954,-20.39564],[-40.37953,-20.39554],[-40.37954,-20.39551],[-40.37961,-20.39537],[-40.37963,-20.39535],[-40.37964,-20.39531],[-40.37965,-20.39501],[-40.37955,-20.39383],[-40.38,-20.39227],[-40.37965,-20.39119],[-40.38005,-20.38832],[-40.38081,-20.38798],[-40.38155,-20.38839],[-40.38317,-20.38847],[-40.38436,-20.38885],[-40.38718,-20.38729],[-40.38822,-20.386],[-40.38913,-20.38583],[-40.38998,-20.3861],[-40.38928,-20.38413],[-40.38837,-20.38305],[-40.3881,-20.3815],[-40.38818,-20.38104],[-40.3891,-20.38072],[-40.38815,-20.37997],[-40.38837,-20.37761],[-40.38908,-20.3757],[-40.38904,-20.37425],[-40.39813,-20.37825],[-40.39878,-20.37715],[-40.40025,-20.37558],[-40.40095,-20.37422],[-40.40058,-20.37275],[-40.39951,-20.37046],[-40.39908,-20.37006],[-40.39803,-20.37012],[-40.39724,-20.37112],[-40.39665,-20.3713],[-40.39608,-20.37104],[-40.39409,-20.37095],[-40.39258,-20.37012],[-40.39229,-20.3697],[-40.39416,-20.3686],[-40.39477,-20.36772],[-40.3957,-20.36749],[-40.39589,-20.36675],[-40.3959,-20.36602],[-40.3952,-20.36497],[-40.39462,-20.36239],[-40.39419,-20.36191]]]},"properties":{"nome":"Formate","municipio":"Cariacica"}},
{"type":"Feature","geometry":{"type":"Polygon","coordinates":[[[-40.37934,-20.3884],[-40.38005,-20.38832],[-40.37965,-20.39119],[-40.38,-20.39227],[-40.37955,-20.39383],[-40.37965,-20.39501],[-40.379,-20.39524],[-40.37897,-20.39525],[-40.37891,-20.39524],[-40.37888,-20.39524],[-40.37882,-20.39525],[-40.37847,-20.39531],[-40.37809,-20.39531],[-40.37796,-20.39533],[-40.37771,-20.3954],[-40.37754,-20.39556],[-40.37753,-20.39556],[-40.37753,-20.39558],[-40.37754,-20.39571],[-40.37751,-20.39574],[-40.37714,-20.39587],[-40.37713,-20.39583],[-40.37709,-20.39574],[-40.37707,-20.39569],[-40.37703,-20.39555],[-40.37707,-20.39521],[-40.37576,-20.39358],[-40.37616,-20.39303],[-40.37616,-20.39254],[-40.37526,-20.39157],[-40.37555,-20.39131],[-40.3761,-20.39127],[-40.37642,-20.39046],[-40.37708,-20.38975],[-40.37934,-20.3884]]]},"properties":{"nome":"Chácaras União","municipio":"Cariacica"}},
{"type":"Feature","geometry":{"type":"Polygon","coordinates":[[[-40.3616,-20.23425],[-40.36549,-20.22015],[-40.36547,-20.21921],[-40.36736,-20.21694],[-40.37345,-20.21486],[-40.37539,-20.215],[-40.3768,-20.21561],[-40.37885,-20.21782],[-40.38495,-20.2229],[-40.39858,-20.22706],[-40.40811,-20.23128],[-40.40792,-20.23394],[-40.40698,-20.23466],[-40.40714,-20.23573],[-40.40627,-20.23763],[-40.40649,-20.23929],[-40.40598,-20.24071],[-40.40542,-20.24116],[-40.40439,-20.24282],[-40.40324,-20.24324],[-40.39936,-20.24002],[-40.39852,-20.24061],[-40.39778,-20.24082],[-40.39665,-20.24071],[-40.39589,-20.24024],[-40.39489,-20.23877],[-40.39416,-20.23904],[-40.39263,-20.23882],[-40.39281,-20.2394],[-40.39256,-20.24108],[-40.39059,-20.24081],[-40.39045,-20.24156],[-40.38975,-20.2418],[-40.38979,-20.24226],[-40.38923,-20.2431],[-40.38824,-20.2439],[-40.38796,-20.2447],[-40.388,-20.24537],[-40.38848,-20.24532],[-40.38873,-20.24565],[-40.38832,-20.24664],[-40.3896,-20.24737],[-40.3895,-20.24778],[-40.38977,-20.24809],[-40.38869,-20.24865],[-40.38735,-20.24836],[-40.38671,-20.2485],[-40.38641,-20.24858],[-40.38638,-20.24852],[-40.38587,-20.24806],[-40.38439,-20.24777],[-40.38077,-20.24439],[-40.38073,-20.24435],[-40.37979,-20.24471],[-40.37993,-20.24683],[-40.37957,-20.24806],[-40.37922,-20.24841],[-40.37686,-20.24946],[-40.37631,-20.24797],[-40.37492,-20.24794],[-40.37344,-20.25243],[-40.37533,-20.2553],[-40.37713,-20.25738],[-40.3779,-20.26004],[-40.37859,-20.26103],[-40.38025,-20.26246],[-40.38378,-20.26415],[-40.38624,-20.26621],[-40.38966,-20.26927],[-40.39198,-20.27382],[-40.39323,-20.2822],[-40.39199,-20.28109],[-40.39144,-20.27973],[-40.39075,-20.28042],[-40.38969,-20.27957],[-40.3897,-20.2787],[-40.38892,-20.2787],[-40.3874,-20.27929],[-40.38537,-20.27921],[-40.38531,-20.27972],[-40.38611,-20.2803],[-40.38596,-20.2806],[-40.38242,-20.28065],[-40.38249,-20.27891],[-40.38224,-20.27856],[-40.37899,-20.28113],[-40.37824,-20.28115],[-40.37657,-20.2798],[-40.37587,-20.27983],[-40.37446,-20.27759],[-40.36779,-20.27113],[-40.36718,-20.26996],[-40.36493,-20.26138],[-40.36564,-20.26008],[-40.36792,-20.25898],[-40.36907,-20.25804],[-40.36963,-20.25684],[-40.36972,-20.2555],[-40.36925,-20.25422],[-40.36905,-20.25432],[-40.3644,-20.25005],[-40.36405,-20.24883],[-40.36495,-20.24713],[-40.36422,-20.24696],[-40.36343,-20.24723],[-40.36297,-20.24703],[-40.36271,-20.24594],[-40.36307,-20.24465],[-40.36113,-20.2438],[-40.36026,-20.24255],[-40.35957,-20.24212],[-40.35952,-20.24135],[-40.35909,-20.24125],[-40.35869,-20.24068],[-40.35937,-20.24045],[-40.35944,-20.2398],[-40.36108,-20.23824],[-40.36149,-20.23753],[-40.36247,-20.23483],[-40.3623,-20.2345],[-40.3616,-20.23425]]]},"properties":{"nome":"Padre Mathias","municipio":"Cariacica"}},
{"type":"Feature","geometry":{"type":"Polygon","coordinates":[[[-40.39323,-20.2822],[-40.39523,-20.28256],[-40.3966,-20.28337],[-40.40011,-20.28182],[-40.40035,-20.28314],[-40.40154,-20.28464],[-40.40219,-20.28517],[-40.4009,-20.28724],[-40.39954,-20.28804],[-40.40036,-20.28932],[-40.40146,-20.28948],[-40.40013,-20.2914],[-40.40025,-20.29212],[-40.39977,-20.29338],[-40.39973,-20.29475],[-40.3979,-20.29696],[-40.39948,-20.29739],[-40.39944,-20.29771],[-40.3999,-20.29804],[-40.39791,-20.3007],[-40.3979,-20.30156],[-40.39914,-20.30095],[-40.40037,-20.30131],[-40.4001,-20.30205],[-40.40047,-20.30217],[-40.40192,-20.30429],[-40.40143,-20.3048],[-40.40089,-20.30492],[-40.40043,-20.30682],[-40.40073,-20.30756],[-40.39876,-20.30646],[-40.39599,-20.306],[-40.39503,-20.30622],[-40.39531,-20.302],[-40.39504,-20.29881],[-40.3918,-20.29119],[-40.39218,-20.28758],[-40.39323,-20.2822]]]},"properties":{"nome":"Planeta","municipio":"Cariacica"}}
]}