{"type":"FeatureCollection","features":[{"type":"Feature","properties":{"fonte":"IDAF","classificacao":"Ambiental","tipo_infracao":"Prestar informação","item":"Falsa","gravidade":"MÉDIA","data":"2018-01-12T00:00:00Z","municipio":"Viana","processo":"940/2018"},"geometry":{"type":"Point","coordinates":[-40.44712004,-20.37075559]}},{"type":"Feature","properties":{"fonte":"IDAF","classificacao":"Florestal","tipo_infracao":"Sem infração","item":"Sem autuação","gravidade":"","data":"2018-01-12T00:00:00Z","municipio":"Viana","processo":"975/2018"},"geometry":{"type":"Point","coordinates":[-40.44712004,-20.37075559]}},{"type":"Feature","properties":{"fonte":"IDAF","classificacao":"Florestal","tipo_infracao":"Desmatar","item":"Sub-bosque","gravidade":"","data":"2018-01-26T00:00:00Z","municipio":"Vila Velha","processo":"1783/2018"},"geometry":{"type":"Point","coordinates":[-40.36751128,-20.51731013]}},{"type":"Feature","properties":{"fonte":"IDAF","classificacao":"Florestal","tipo_infracao":"Desrespeitar","item":"Embargo/Interdição","gravidade":"GRAVE","data":"2018-01-26T00:00:00Z","municipio":"Vila Velha","processo":"1924/2018"},"geometry":{"type":"Point","coordinates":[-40.36728155,-20.51735711]}},{"type":"Feature","properties":{"fonte":"IDAF","classificacao":"Florestal","tipo_infracao":"Sem infração","item":"Sem autuação","gravidade":"","data":"2018-01-26T00:00:00Z","municipio":"Vila Velha","processo":"1949/2018"},"geometry":{"type":"Point","coordinates":[-40.36751128,-20.51731013]}},{"type":"Feature","properties":{"fonte":"IDAF","classificacao":"Florestal","tipo_infracao":"Armazenar","item":"Material de origem nativa","gravidade":"","data":"2018-03-08T00:00:00Z","municipio":"Serra","processo":"10142/2018"},"geometry":{"type":"Point","coordinates":[-40.17409257,-20.11036681]}},{"type":"Feature","properties":{"fonte":"IDAF","classificacao":"Florestal","tipo_infracao":"Sem infração","item":"Sem autuação","gravidade":"","data":"2018-03-08T00:00:00Z","municipio":"Serra","processo":"11030/2018"},"geometry":{"type":"Point","coordinates":[-40.22615417,-20.15332621]}},{"type":"Feature","properties":{"fonte":"IDAF","classificacao":"Florestal","tipo_infracao":"Comercializar","item":"Material de origem nativa","gravidade":"MÉDIA","data":"2018-03-09T00:00:00Z","municipio":"Guarapari","processo":"5060/2018"},"geometry":{"type":"Point","coordinates":[-40.53944168,-20.61273734]}},{"type":"Feature","properties":{"fonte":"IDAF","classificacao":"Florestal","tipo_infracao":"Utilizar","item":"Material de origem nativa","gravidade":"MÉDIA","data":"2018-03-09T00:00:00Z","municipio":"Vitória","processo":"5092/2018"},"geometry":{"type":"Point","coordinates":[-40.30712448,-20.2945246]}},{"type":"Feature","properties":{"fonte":"IDAF","classificacao":"Florestal","tipo_infracao":"Desmatar","item":"Corte Raso","gravidade":"GRAVE","data":"2018-03-14T00:00:00Z","municipio":"Vila Velha","processo":"8740/2018"},"geometry":{"type":"Point","coordinates":[-40.32115141,-20.38900152]}},{"type":"Feature","properties":{"fonte":"IDAF","classificacao":"Ambiental","tipo_infracao":"Causar poluição de qualquer natureza","item":"Que resulte ou possa resultar em incômodo ao bem estar das pessoas","gravidade":"","data":"2018-05-03T00:00:00Z","municipio":"Vila Velha","processo":"9574/2018"},"geometry":{"type":"Point","coordinates":[-40.33222887,-20.44926702]}},{"type":"Feature","properties":{"fonte":"IDAF","classificacao":"Florestal","tipo_infracao":"Desmatar","item":"Corte Raso","gravidade":"GRAVE","data":"2018-05-04T00:00:00Z","municipio":"Viana","processo":"9694/2018"},"geometry":{"type":"Point","coordinates":[-40.57127989,-20.37314173]}},{"type":"Feature","properties":{"fonte":"IDAF","classificacao":"Florestal","tipo_infracao":"Utilizar","item":"Material de origem nativa","gravidade":"MÉDIA","data":"2018-05-11T00:00:00Z","municipio":"Vitória","processo":"9927/2018"},"geometry":{"type":"Point","coordinates":[-40.25788202,-20.25016339]}},{"type":"Feature","properties":{"fonte":"IDAF","classificacao":"Florestal","tipo_infracao":"Deixar de cumprir/atender","item":"Notificação do órgão ou entidade ambiental competente no prazo estipulado, sem justificativa prévia","gravidade":"BAIXA","data":"2018-05-15T00:00:00Z","municipio":"Serra","processo":"10148/2018"},"geometry":{"type":"Point","coordinates":[-40.17409257,-20.11036681]}},{"type":"Feature","properties":{"fonte":"IDAF","classificacao":"Florestal","tipo_infracao":"Comercializar","item":"Material de origem nativa","gravidade":"MÉDIA","data":"2018-05-22T00:00:00Z","municipio":"Serra","processo":"13413/2018"},"geometry":{"type":"Point","coordinates":[-40.17877441,-20.12119578]}},{"type":"Feature","properties":{"fonte":"IDAF","classificacao":"Ambiental","tipo_infracao":"Fazer funcionar estabelecimento considerado poluidor","item":"Sem licença ou autorização do órgão ambiental competente","gravidade":"MÉDIA","data":"2018-06-13T00:00:00Z","municipio":"Serra","processo":"13283/2018"},"geometry":{"type":"Point","coordinates":[-40.3274473,-20.1335285]}},{"type":"Feature","properties":{"fonte":"IDAF","classificacao":"Florestal","tipo_infracao":"Armazenar","item":"Material de origem nativa","gravidade":"","data":"2018-07-10T00:00:00Z","municipio":"Serra","processo":"14619/2018"},"geometry":{"type":"Point","coordinates":[-40.22611653,-20.15340778]}},{"type":"Feature","properties":{"fonte":"IDAF","classificacao":"Florestal","tipo_infracao":"Desmatar","item":"Corte Raso","gravidade":"","data":"2018-07-10T00:00:00Z","municipio":"Serra","processo":"15662/2018"},"geometry":{"type":"Point","coordinates":[-40.1789115,-20.12672434]}},{"type":"Feature","properties":{"fonte":"IDAF","classificacao":"Florestal","tipo_infracao":"Armazenar","item":"Material de origem nativa","gravidade":"","data":"2018-07-26T00:00:00Z","municipio":"Serra","processo":"15881/2018"},"geometry":{"type":"Point","coordinates":[-40.30419606,-20.13740637]}},{"type":"Feature","properties":{"fonte":"IDAF","classificacao":"Ambiental","tipo_infracao":"Executar obra ou atividade","item":"Que provoque ou possa provocar danos a qualquer corpo d'água","gravidade":"","data":"2018-08-20T00:00:00Z","municipio":"Serra","processo":"17420/2018"},"geometry":{"type":"Point","coordinates":[-40.36507511,-20.12093591]}},{"type":"Feature","properties":{"fonte":"IDAF","classificacao":"Florestal","tipo_infracao":"Comercializar","item":"Material de origem nativa","gravidade":"BAIXA","data":"2018-08-01T00:00:00Z","municipio":"Cariacica","processo":"17936/2018"},"geometry":{"type":"Point","coordinates":[-40.36389653,-20.34889417]}},{"type":"Feature","properties":{"fonte":"IDAF","classificacao":"Florestal","tipo_infracao":"Utilizar","item":"Material de origem nativa","gravidade":"MÉDIA","data":"2018-09-03T00:00:00Z","municipio":"Vitória","processo":"18290/2018"},"geometry":{"type":"Point","coordinates":[-40.35161156,-20.31418905]}},{"type":"Feature","properties":{"fonte":"IDAF","classificacao":"Ambiental","tipo_infracao":"Construir obra considerada poluidora","item":"Contrariando as normas legais ou regulamentos pertinentes","gravidade":"MÉDIA","data":"2018-09-26T00:00:00Z","municipio":"Serra","processo":"20096/2018"},"geometry":{"type":"Point","coordinates":[-40.37742885,-20.02191993]}},{"type":"Feature","properties":{"fonte":"IDAF","classificacao":"Florestal","tipo_infracao":"Utilizar","item":"Material de origem nativa","gravidade":"MÉDIA","data":"2018-09-21T00:00:00Z","municipio":"Cariacica","processo":"20943/2018"},"geometry":{"type":"Point","coordinates":[-40.36389653,-20.34889417]}},{"type":"Feature","properties":{"fonte":"IDAF","classificacao":"Florestal","tipo_infracao":"Utilizar","item":"Material de origem nativa","gravidade":"MÉDIA","data":"2018-10-05T00:00:00Z","municipio":"Vila Velha","processo":"20719/2018"},"geometry":{"type":"Point","coordinates":[-40.37551189,-20.42729313]}},{"type":"Feature","properties":{"fonte":"IDAF","classificacao":"Florestal","tipo_infracao":"Desmatar","item":"Corte Raso","gravidade":"","data":"2018-10-23T00:00:00Z","municipio":"Cariacica","processo":"21857/2018"},"geometry":{"type":"Point","coordinates":[-40.52712885,-20.24746542]}},{"type":"Feature","properties":{"fonte":"IDAF","classificacao":"Ambiental","tipo_infracao":"Prestar informação","item":"Falsa","gravidade":"MÉDIA","data":"2018-09-03T00:00:00Z","municipio":"Cariacica","processo":"22493/2018"},"geometry":{"type":"Point","coordinates":[-40.38536482,-20.31362684]}},{"type":"Feature","properties":{"fonte":"IDAF","classificacao":"Ambiental","tipo_infracao":"Construir estabelecimento considerado poluidor","item":"Sem licença ou autorização do órgão ambiental competente","gravidade":"MÉDIA","data":"2018-11-08T00:00:00Z","municipio":"Serra","processo":"23129/2018"},"geometry":{"type":"Point","coordinates":[-40.27014057,-20.11730869]}},{"type":"Feature","properties":{"fonte":"IDAF","classificacao":"Florestal","tipo_infracao":"Desrespeitar","item":"Embargo/Interdição","gravidade":"GRAVE","data":"2018-05-14T00:00:00Z","municipio":"Viana","processo":"26201/2018"},"geometry":{"type":"Point","coordinates":[-40.51746983,-20.34472759]}},{"type":"Feature","properties":{"fonte":"IDAF","classificacao":"Florestal","tipo_infracao":"Desrespeitar","item":"Embargo/Interdição","gravidade":"GRAVE","data":"2018-05-14T00:00:00Z","municipio":"Viana","processo":"26202/2018"},"geometry":{"type":"Point","coordinates":[-40.51746983,-20.34472759]}},{"type":"Feature","properties":{"fonte":"IDAF","classificacao":"Florestal","tipo_infracao":"Desmatar","item":"Corte Raso","gravidade":"GRAVE","data":"2018-06-06T00:00:00Z","municipio":"Vila Velha","processo":"26493/2018"},"geometry":{"type":"Point","coordinates":[-40.31879273,-20.38881158]}},{"type":"Feature","properties":{"fonte":"IDAF","classificacao":"Florestal","tipo_infracao":"Comercializar","item":"Material de origem nativa","gravidade":"MÉDIA","data":"2019-02-04T00:00:00Z","municipio":"Cariacica","processo":"2539/2019"},"geometry":{"type":"Point","coordinates":[-40.39536098,-20.32836365]}},{"type":"Feature","properties":{"fonte":"IDAF","classificacao":"Florestal","tipo_infracao":"Sem infração","item":"Sem autuação","gravidade":"","data":"2019-03-14T00:00:00Z","municipio":"Serra","processo":"6233/2019"},"geometry":{"type":"Point","coordinates":[-40.19397796,-20.19969813]}},{"type":"Feature","properties":{"fonte":"IDAF","classificacao":"Ambiental","tipo_infracao":"Lançar resíduos","item":"Em desacordo com as exigências de leis, regulamentos, resoluções, autorização ou licença ambiental","gravidade":"GRAVE","data":"2019-03-20T00:00:00Z","municipio":"Viana","processo":"6743/2019"},"geometry":{"type":"Point","coordinates":[-40.46092709,-20.40861065]}},{"type":"Feature","properties":{"fonte":"IDAF","classificacao":"Florestal","tipo_infracao":"Comercializar","item":"Material de origem nativa","gravidade":"MÉDIA","data":"2019-03-22T00:00:00Z","municipio":"Cariacica","processo":"7055/2019"},"geometry":{"type":"Point","coordinates":[-40.36927975,-20.29881963]}},{"type":"Feature","properties":{"fonte":"IDAF","classificacao":"Florestal","tipo_infracao":"Comercializar","item":"Produto ou subproduto florestal","gravidade":"MÉDIA","data":"2019-04-12T00:00:00Z","municipio":"Vila Velha","processo":"9798/2019"},"geometry":{"type":"Point","coordinates":[-40.29466475,-20.35532966]}},{"type":"Feature","properties":{"fonte":"IDAF","classificacao":"Florestal","tipo_infracao":"Implantar","item":"Projetos de colonização e/ou loteamento","gravidade":"","data":"2019-04-22T00:00:00Z","municipio":"Guarapari","processo":"9910/2019"},"geometry":{"type":"Point","coordinates":[-40.55500504,-20.55316618]}},{"type":"Feature","properties":{"fonte":"IDAF","classificacao":"Florestal","tipo_infracao":"Desmatar","item":"Corte Raso","gravidade":"GRAVE","data":"2019-05-15T00:00:00Z","municipio":"Guarapari","processo":"11672/2019"},"geometry":{"type":"Point","coordinates":[-40.4704393,-20.53908911]}},{"type":"Feature","properties":{"fonte":"IDAF","classificacao":"Florestal","tipo_infracao":"Desrespeitar","item":"Embargo/Interdição","gravidade":"GRAVE","data":"2023-11-30T00:00:00Z","municipio":"Viana","processo":"23820/2023"},"geometry":{"type":"Point","coordinates":[-40.59680585,-20.41738245]}},{"type":"Feature","properties":{"fonte":"IDAF","classificacao":"Florestal","tipo_infracao":"Desmatar","item":"Corte Raso","gravidade":"GRAVE","data":"2019-06-06T00:00:00Z","municipio":"Vila Velha","processo":"13508/2019"},"geometry":{"type":"Point","coordinates":[-40.40284921,-20.48584221]}},{"type":"Feature","properties":{"fonte":"IDAF","classificacao":"Florestal","tipo_infracao":"Desmatar","item":"Corte Raso","gravidade":"GRAVE","data":"2019-06-06T00:00:00Z","municipio":"Vila Velha","processo":"14762/2019"},"geometry":{"type":"Point","coordinates":[-40.40204313,-20.48681537]}},{"type":"Feature","properties":{"fonte":"IDAF","classificacao":"Florestal","tipo_infracao":"Sem infração","item":"Sem autuação","gravidade":"","data":"2019-07-04T00:00:00Z","municipio":"Cariacica","processo":"15824/2019"},"geometry":{"type":"Point","coordinates":[-40.51655472,-20.31374915]}},{"type":"Feature","properties":{"fonte":"IDAF","classificacao":"Florestal","tipo_infracao":"Descumprir","item":"determinação  do  IDAF,  ou  do  CONSEMA de  medidas  mitigadoras,  de monitoração  ou  equivalentes","gravidade":"","data":"2019-06-12T00:00:00Z","municipio":"Vila Velha","processo":"22890/2022"},"geometry":{"type":"Point","coordinates":[-40.35897015,-20.4828574]}},{"type":"Feature","properties":{"fonte":"IDAF","classificacao":"Ambiental","tipo_infracao":"Sem infração","item":"Sem autuação","gravidade":"","data":"2019-07-15T00:00:00Z","municipio":"Viana","processo":"23039/2020"},"geometry":{"type":"Point","coordinates":[-40.55753983,-20.3069298]}},{"type":"Feature","properties":{"fonte":"IDAF","classificacao":"Florestal","tipo_infracao":"Deixar","item":"Utilizar","gravidade":"MÉDIA","data":"2019-05-29T00:00:00Z","municipio":"Vitória","processo":"17741/2019"},"geometry":{"type":"Point","coordinates":[-40.25788202,-20.25016339]}},{"type":"Feature","properties":{"fonte":"IDAF","classificacao":"Florestal","tipo_infracao":"Deixar","item":"Utilizar","gravidade":"MÉDIA","data":"2019-08-08T00:00:00Z","municipio":"Cariacica","processo":"18436/2019"},"geometry":{"type":"Point","coordinates":[-40.46755083,-20.30647915]}},{"type":"Feature","properties":{"fonte":"IDAF","classificacao":"Florestal","tipo_infracao":"Suprimir","item":"por meio de ação antrópica","gravidade":"","data":"2019-08-08T00:00:00Z","municipio":"Serra","processo":"19308/2019"},"geometry":{"type":"Point","coordinates":[-40.20017619,-20.1567578]}},{"type":"Feature","properties":{"fonte":"IDAF","classificacao":"Ambiental","tipo_infracao":"Instalar obra considerada poluidora","item":"Contrariando as normas legais ou regulamentos pertinentes","gravidade":"","data":"2019-07-04T00:00:00Z","municipio":"Viana","processo":"18939/2019"},"geometry":{"type":"Point","coordinates":[-40.53976157,-20.31313987]}},{"type":"Feature","properties":{"fonte":"IDAF","classificacao":"Ambiental","tipo_infracao":"Construir obra considerada poluidora","item":"Sem licença ou autorização do órgão ambiental competente","gravidade":"","data":"2019-08-22T00:00:00Z","municipio":"Viana","processo":"20287/2019"},"geometry":{"type":"Point","coordinates":[-40.45134999,-20.43267609]}},{"type":"Feature","properties":{"fonte":"IDAF","classificacao":"Florestal","tipo_infracao":"Desmatar","item":"Corte Raso","gravidade":"GRAVE","data":"2019-09-02T00:00:00Z","municipio":"Cariacica","processo":"20800/2019"},"geometry":{"type":"Point","coordinates":[-40.5139083,-20.30158526]}},{"type":"Feature","properties":{"fonte":"IDAF","classificacao":"Florestal","tipo_infracao":"Transportar","item":"Material de origem nativa","gravidade":"MÉDIA","data":"2019-09-26T00:00:00Z","municipio":"Fundão","processo":"24636/2019"},"geometry":{"type":"Point","coordinates":[-40.36531659,-19.97191628]}},{"type":"Feature","properties":{"fonte":"IDAF","classificacao":"Florestal","tipo_infracao":"Desmatar","item":"Sub-bosque","gravidade":"GRAVE","data":"2019-09-19T00:00:00Z","municipio":"Cariacica","processo":"25002/2019"},"geometry":{"type":"Point","coordinates":[-40.56626047,-20.2904556]}},{"type":"Feature","properties":{"fonte":"IDAF","classificacao":"Florestal","tipo_infracao":"Desmatar","item":"Corte Raso","gravidade":"GRAVE","data":"2019-08-26T00:00:00Z","municipio":"Viana","processo":"25008/2019"},"geometry":{"type":"Point","coordinates":[-40.53779102,-20.33757575]}},{"type":"Feature","properties":{"fonte":"IDAF","classificacao":"Florestal","tipo_infracao":"Desmatar","item":"Sub-bosque","gravidade":"GRAVE","data":"2019-08-09T00:00:00Z","municipio":"Viana","processo":"25007/2019"},"geometry":{"type":"Point","coordinates":[-40.53779102,-20.33757575]}},{"type":"Feature","properties":{"fonte":"IDAF","classificacao":"Ambiental","tipo_infracao":"Fazer funcionar estabelecimento considerado poluidor","item":"Sem licença ou autorização do órgão ambiental competente","gravidade":"MÉDIA","data":"2019-07-02T00:00:00Z","municipio":"Cariacica","processo":"24742/2019"},"geometry":{"type":"Point","coordinates":[-40.41417017,-20.24591013]}},{"type":"Feature","properties":{"fonte":"IDAF","classificacao":"Florestal","tipo_infracao":"Funcionar sem registro","item":"Utilizar produtos e subprodutos florestais","gravidade":"MÉDIA","data":"2019-07-02T00:00:00Z","municipio":"Cariacica","processo":"24762/2019"},"geometry":{"type":"Point","coordinates":[-40.41417017,-20.24591013]}},{"type":"Feature","properties":{"fonte":"IDAF","classificacao":"Ambiental","tipo_infracao":"Deixar de cumprir/atender","item":"Termo de Compromisso Ambiental","gravidade":"BAIXA","data":"2019-07-02T00:00:00Z","municipio":"Cariacica","processo":"24775/2019"},"geometry":{"type":"Point","coordinates":[-40.41417017,-20.24591013]}},{"type":"Feature","properties":{"fonte":"IDAF","classificacao":"Florestal","tipo_infracao":"Armazenar","item":"Material de origem nativa","gravidade":"MÉDIA","data":"2019-05-29T00:00:00Z","municipio":"Vitória","processo":"25162/2019"},"geometry":{"type":"Point","coordinates":[-40.25788202,-20.25016339]}},{"type":"Feature","properties":{"fonte":"IDAF","classificacao":"Florestal","tipo_infracao":"Desmatar","item":"Sub-bosque","gravidade":"GRAVE","data":"2019-10-23T00:00:00Z","municipio":"Fundão","processo":"26088/2019"},"geometry":{"type":"Point","coordinates":[-40.16987887,-20.02844584]}},{"type":"Feature","properties":{"fonte":"IDAF","classificacao":"Florestal","tipo_infracao":"Corte Seletivo","item":"Em fragmento florestal","gravidade":"MÉDIA","data":"2019-02-28T00:00:00Z","municipio":"Cariacica","processo":"25931/2019"},"geometry":{"type":"Point","coordinates":[-40.40077294,-20.24852015]}},{"type":"Feature","properties":{"fonte":"IDAF","classificacao":"Florestal","tipo_infracao":"Desmatar","item":"Sub-bosque","gravidade":"GRAVE","data":"2019-10-23T00:00:00Z","municipio":"Fundão","processo":"26091/2019"},"geometry":{"type":"Point","coordinates":[-40.16987887,-20.02844584]}},{"type":"Feature","properties":{"fonte":"IDAF","classificacao":"Florestal","tipo_infracao":"Desmatar","item":"Corte Raso","gravidade":"GRAVE","data":"2019-10-24T00:00:00Z","municipio":"Guarapari","processo":"25935/2019"},"geometry":{"type":"Point","coordinates":[-40.59761745,-20.61118855]}},{"type":"Feature","properties":{"fonte":"IDAF","classificacao":"Florestal","tipo_infracao":"Desmatar","item":"Corte Raso","gravidade":"GRAVE","data":"2019-10-24T00:00:00Z","municipio":"Guarapari","processo":"25936/2019"},"geometry":{"type":"Point","coordinates":[-40.59761745,-20.61118855]}},{"type":"Feature","properties":{"fonte":"IDAF","classificacao":"Florestal","tipo_infracao":"Desmatar","item":"Corte Raso","gravidade":"GRAVE","data":"2019-09-16T00:00:00Z","municipio":"Guarapari","processo":"26325/2019"},"geometry":{"type":"Point","coordinates":[-40.46728815,-20.62479278]}},{"type":"Feature","properties":{"fonte":"IDAF","classificacao":"Florestal","tipo_infracao":"Danificar","item":"por meio de ação antrópica","gravidade":"GRAVE","data":"2019-09-17T00:00:00Z","municipio":"Guarapari","processo":"26748/2019"},"geometry":{"type":"Point","coordinates":[-40.47755654,-20.61394603]}},{"type":"Feature","properties":{"fonte":"IDAF","classificacao":"Florestal","tipo_infracao":"Desmatar","item":"Corte Raso","gravidade":"GRAVE","data":"2019-09-17T00:00:00Z","municipio":"Guarapari","processo":"26804/2019"},"geometry":{"type":"Point","coordinates":[-40.47755654,-20.61394603]}},{"type":"Feature","properties":{"fonte":"IDAF","classificacao":"Florestal","tipo_infracao":"Desrespeitar","item":"Embargo/Interdição","gravidade":"MÉDIA","data":"2019-10-17T00:00:00Z","municipio":"Viana","processo":"27265/2019"},"geometry":{"type":"Point","coordinates":[-40.57417254,-20.37120954]}},{"type":"Feature","properties":{"fonte":"IDAF","classificacao":"Florestal","tipo_infracao":"Desrespeitar","item":"Embargo/Interdição","gravidade":"MÉDIA","data":"2019-10-17T00:00:00Z","municipio":"Viana","processo":"27284/2019"},"geometry":{"type":"Point","coordinates":[-40.57049739,-20.36681614]}},{"type":"Feature","properties":{"fonte":"IDAF","classificacao":"Florestal","tipo_infracao":"Desrespeitar","item":"Embargo/Interdição","gravidade":"MÉDIA","data":"2019-10-17T00:00:00Z","municipio":"Viana","processo":"27307/2019"},"geometry":{"type":"Point","coordinates":[-40.56907239,-20.36799431]}},{"type":"Feature","properties":{"fonte":"IDAF","classificacao":"Ambiental","tipo_infracao":"Transportar, comercializar ou armazenar produto originário de exploração de recursos naturais","item":"sem a devida comprovação da regularidade da origem.","gravidade":"MÉDIA","data":"2019-12-16T00:00:00Z","municipio":"Serra","processo":"29871/2019"},"geometry":{"type":"Point","coordinates":[-40.33832457,-20.09765084]}},{"type":"Feature","properties":{"fonte":"IDAF","classificacao":"Florestal","tipo_infracao":"Armazenar","item":"Material de origem nativa","gravidade":"","data":"2020-01-22T00:00:00Z","municipio":"Serra","processo":"1530/2020"},"geometry":{"type":"Point","coordinates":[-40.26405753,-20.21829855]}},{"type":"Feature","properties":{"fonte":"IDAF","classificacao":"Florestal","tipo_infracao":"Armazenar","item":"Material de origem nativa","gravidade":"MÉDIA","data":"2019-10-30T00:00:00Z","municipio":"Cariacica","processo":"4949/2020"},"geometry":{"type":"Point","coordinates":[-40.4025867,-20.33626503]}},{"type":"Feature","properties":{"fonte":"IDAF","classificacao":"Florestal","tipo_infracao":"Comercializar","item":"Material de origem nativa","gravidade":"MÉDIA","data":"2020-03-12T00:00:00Z","municipio":"Vitória","processo":"5463/2020"},"geometry":{"type":"Point","coordinates":[-40.32262189,-20.29271874]}},{"type":"Feature","properties":{"fonte":"IDAF","classificacao":"Florestal","tipo_infracao":"Sem infração","item":"Sem autuação","gravidade":"","data":"2020-04-28T00:00:00Z","municipio":"Vila Velha","processo":"25278/2020"},"geometry":{"type":"Point","coordinates":[-40.30967488,-20.38245677]}},{"type":"Feature","properties":{"fonte":"IDAF","classificacao":"Florestal","tipo_infracao":"Desmatar","item":"Corte Raso","gravidade":"GRAVE","data":"2020-05-13T00:00:00Z","municipio":"Guarapari","processo":"12465/2020"},"geometry":{"type":"Point","coordinates":[-40.55177223,-20.61191341]}},{"type":"Feature","properties":{"fonte":"IDAF","classificacao":"Florestal","tipo_infracao":"Sem infração","item":"Sem autuação","gravidade":"","data":"2020-06-04T00:00:00Z","municipio":"Fundão","processo":"11028/2020"},"geometry":{"type":"Point","coordinates":[-40.17358402,-20.02918027]}},{"type":"Feature","properties":{"fonte":"IDAF","classificacao":"Florestal","tipo_infracao":"Desmatar","item":"Corte Raso","gravidade":"GRAVE","data":"2020-08-04T00:00:00Z","municipio":"Vila Velha","processo":"25202/2020"},"geometry":{"type":"Point","coordinates":[-40.36400735,-20.48329674]}},{"type":"Feature","properties":{"fonte":"IDAF","classificacao":"Florestal","tipo_infracao":"Desmatar","item":"Corte Raso","gravidade":"GRAVE","data":"2019-05-28T00:00:00Z","municipio":"Viana","processo":"13471/2021"},"geometry":{"type":"Point","coordinates":[-40.59522275,-20.41625872]}},{"type":"Feature","properties":{"fonte":"IDAF","classificacao":"Florestal","tipo_infracao":"Desmatar","item":"Corte Raso","gravidade":"GRAVE","data":"2019-05-28T00:00:00Z","municipio":"Viana","processo":"13497/2021"},"geometry":{"type":"Point","coordinates":[-40.59522275,-20.41625872]}},{"type":"Feature","properties":{"fonte":"IDAF","classificacao":"Florestal","tipo_infracao":"Armazenar","item":"Material de origem nativa","gravidade":"","data":"2020-07-30T00:00:00Z","municipio":"Vila Velha","processo":"15732/2020"},"geometry":{"type":"Point","coordinates":[-40.29887373,-20.36262542]}},{"type":"Feature","properties":{"fonte":"IDAF","classificacao":"Florestal","tipo_infracao":"Comercializar","item":"Material de origem nativa","gravidade":"MÉDIA","data":"2020-07-30T00:00:00Z","municipio":"Vila Velha","processo":"16846/2020"},"geometry":{"type":"Point","coordinates":[-40.29887373,-20.36262542]}},{"type":"Feature","properties":{"fonte":"IDAF","classificacao":"Florestal","tipo_infracao":"Sem infração","item":"Sem autuação","gravidade":"","data":"2024-07-22T00:00:00Z","municipio":"Cariacica","processo":"14618/2024"},"geometry":{"type":"Point","coordinates":[-40.49567011,-20.31987336]}},{"type":"Feature","properties":{"fonte":"IDAF","classificacao":"Florestal","tipo_infracao":"Sem infração","item":"Sem autuação","gravidade":"","data":"2020-09-01T00:00:00Z","municipio":"Vila Velha","processo":"25279/2020"},"geometry":{"type":"Point","coordinates":[-40.30967488,-20.38245677]}},{"type":"Feature","properties":{"fonte":"IDAF","classificacao":"Florestal","tipo_infracao":"Danificar","item":"por meio de ação antrópica","gravidade":"GRAVE","data":"2020-09-15T00:00:00Z","municipio":"Vila Velha","processo":"25203/2020"},"geometry":{"type":"Point","coordinates":[-40.36400735,-20.48329674]}},{"type":"Feature","properties":{"fonte":"IDAF","classificacao":"Florestal","tipo_infracao":"Comercializar","item":"Material de origem nativa","gravidade":"MÉDIA","data":"2020-09-28T00:00:00Z","municipio":"Vitória","processo":"19613/2020"},"geometry":{"type":"Point","coordinates":[-40.30143601,-20.31280783]}},{"type":"Feature","properties":{"fonte":"IDAF","classificacao":"Florestal","tipo_infracao":"Desrespeitar","item":"Embargo/Interdição","gravidade":"GRAVE","data":"2020-09-29T00:00:00Z","municipio":"Viana","processo":"21235/2020"},"geometry":{"type":"Point","coordinates":[-40.4759216,-20.34296057]}},{"type":"Feature","properties":{"fonte":"IDAF","classificacao":"Florestal","tipo_infracao":"Armazenar","item":"Material de origem nativa","gravidade":"MÉDIA","data":"2020-10-01T00:00:00Z","municipio":"Cariacica","processo":"21080/2020"},"geometry":{"type":"Point","coordinates":[-40.39536098,-20.32836365]}},{"type":"Feature","properties":{"fonte":"IDAF","classificacao":"Florestal","tipo_infracao":"Comercializar","item":"Material de origem nativa","gravidade":"MÉDIA","data":"2020-10-01T00:00:00Z","municipio":"Cariacica","processo":"21081/2020"},"geometry":{"type":"Point","coordinates":[-40.39536098,-20.32836365]}},{"type":"Feature","properties":{"fonte":"IDAF","classificacao":"Florestal","tipo_infracao":"Sem infração","item":"Sem autuação","gravidade":"BAIXA","data":"2020-02-13T00:00:00Z","municipio":"Cariacica","processo":"25680/2020"},"geometry":{"type":"Point","coordinates":[-40.54650146,-20.28981821]}},{"type":"Feature","properties":{"fonte":"IDAF","classificacao":"Florestal","tipo_infracao":"Desmatar","item":"Corte Raso","gravidade":"GRAVE","data":"2020-09-21T00:00:00Z","municipio":"Guarapari","processo":"26569/2020"},"geometry":{"type":"Point","coordinates":[-40.50508257,-20.57169268]}},{"type":"Feature","properties":{"fonte":"IDAF","classificacao":"Florestal","tipo_infracao":"Desmatar","item":"Corte Raso","gravidade":"GRAVE","data":"2020-09-21T00:00:00Z","municipio":"Guarapari","processo":"26570/2020"},"geometry":{"type":"Point","coordinates":[-40.50435544,-20.57286435]}},{"type":"Feature","properties":{"fonte":"IDAF","classificacao":"Florestal","tipo_infracao":"Desmatar","item":"Corte Raso","gravidade":"GRAVE","data":"2020-09-21T00:00:00Z","municipio":"Guarapari","processo":"26571/2020"},"geometry":{"type":"Point","coordinates":[-40.50435544,-20.57286435]}},{"type":"Feature","properties":{"fonte":"IDAF","classificacao":"Florestal","tipo_infracao":"Desmatar","item":"Corte Raso","gravidade":"GRAVE","data":"2020-09-21T00:00:00Z","municipio":"Guarapari","processo":"26572/2020"},"geometry":{"type":"Point","coordinates":[-40.50435544,-20.57286435]}},{"type":"Feature","properties":{"fonte":"IDAF","classificacao":"Florestal","tipo_infracao":"Sem infração","item":"Sem autuação","gravidade":"","data":"2020-11-17T00:00:00Z","municipio":"Vila Velha","processo":"25281/2020"},"geometry":{"type":"Point","coordinates":[-40.30967488,-20.38245677]}},{"type":"Feature","properties":{"fonte":"IDAF","classificacao":"Florestal","tipo_infracao":"Comercializar","item":"Material de origem nativa","gravidade":"MÉDIA","data":"2020-11-18T00:00:00Z","municipio":"Cariacica","processo":"24035/2020"},"geometry":{"type":"Point","coordinates":[-40.38053631,-20.28208083]}},{"type":"Feature","properties":{"fonte":"IDAF","classificacao":"Florestal","tipo_infracao":"Desmatar","item":"Corte Raso","gravidade":"GRAVE","data":"2020-09-21T00:00:00Z","municipio":"Guarapari","processo":"7431/2021"},"geometry":{"type":"Point","coordinates":[-40.57646707,-20.62291851]}},{"type":"Feature","properties":{"fonte":"IDAF","classificacao":"Florestal","tipo_infracao":"Desrespeitar","item":"Apreensão/Depósito","gravidade":"GRAVE","data":"2021-02-05T00:00:00Z","municipio":"Viana","processo":"3424/2021"},"geometry":{"type":"Point","coordinates":[-40.4356851,-20.36079503]}},{"type":"Feature","properties":{"fonte":"IDAF","classificacao":"Florestal","tipo_infracao":"Desmatar","item":"Corte Raso","gravidade":"","data":"2021-02-24T00:00:00Z","municipio":"Serra","processo":"5488/2021"},"geometry":{"type":"Point","coordinates":[-40.19646031,-20.20268086]}},{"type":"Feature","properties":{"fonte":"IDAF","classificacao":"Florestal","tipo_infracao":"Comercializar","item":"Produto ou subproduto florestal","gravidade":"BAIXA","data":"2021-03-04T00:00:00Z","municipio":"Vitória","processo":"5508/2021"},"geometry":{"type":"Point","coordinates":[-40.32489373,-20.27384645]}},{"type":"Feature","properties":{"fonte":"IDAF","classificacao":"Florestal","tipo_infracao":"Armazenar","item":"Material de origem nativa","gravidade":"BAIXA","data":"2021-03-09T00:00:00Z","municipio":"Cariacica","processo":"18210/2021"},"geometry":{"type":"Point","coordinates":[-40.36893859,-20.33298134]}},{"type":"Feature","properties":{"fonte":"IDAF","classificacao":"Florestal","tipo_infracao":"Armazenar","item":"Material de origem nativa","gravidade":"MÉDIA","data":"2021-03-11T00:00:00Z","municipio":"Vila Velha","processo":"6677/2021"},"geometry":{"type":"Point","coordinates":[-40.37551189,-20.42729313]}},{"type":"Feature","properties":{"fonte":"IDAF","classificacao":"Florestal","tipo_infracao":"Armazenar","item":"Material de origem nativa","gravidade":"BAIXA","data":"2021-03-09T00:00:00Z","municipio":"Cariacica","processo":"18213/2021"},"geometry":{"type":"Point","coordinates":[-40.36893859,-20.33298134]}},{"type":"Feature","properties":{"fonte":"IDAF","classificacao":"Florestal","tipo_infracao":"Funcionar sem registro","item":"Comercializar produtos e subprodutos florestais","gravidade":"BAIXA","data":"2021-03-04T00:00:00Z","municipio":"Cariacica","processo":"7515/2021"},"geometry":{"type":"Point","coordinates":[-40.37226762,-20.35638132]}},{"type":"Feature","properties":{"fonte":"IDAF","classificacao":"Florestal","tipo_infracao":"Desmatar","item":"Corte Raso","gravidade":"GRAVE","data":"2020-09-21T00:00:00Z","municipio":"Guarapari","processo":"7472/2021"},"geometry":{"type":"Point","coordinates":[-40.57646707,-20.62291851]}},{"type":"Feature","properties":{"fonte":"IDAF","classificacao":"Florestal","tipo_infracao":"Desmatar","item":"Corte Raso","gravidade":"GRAVE","data":"2020-09-21T00:00:00Z","municipio":"Guarapari","processo":"7497/2021"},"geometry":{"type":"Point","coordinates":[-40.57646707,-20.62291851]}},{"type":"Feature","properties":{"fonte":"IDAF","classificacao":"Florestal","tipo_infracao":"Desmatar","item":"Corte Raso","gravidade":"GRAVE","data":"2020-09-21T00:00:00Z","municipio":"Guarapari","processo":"7576/2021"},"geometry":{"type":"Point","coordinates":[-40.57646707,-20.62291851]}},{"type":"Feature","properties":{"fonte":"IDAF","classificacao":"Florestal","tipo_infracao":"Desmatar","item":"Corte Raso","gravidade":"GRAVE","data":"2020-09-21T00:00:00Z","municipio":"Guarapari","processo":"7587/2021"},"geometry":{"type":"Point","coordinates":[-40.57646707,-20.62291851]}},{"type":"Feature","properties":{"fonte":"IDAF","classificacao":"Florestal","tipo_infracao":"Desmatar","item":"Corte Raso","gravidade":"GRAVE","data":"2020-09-21T00:00:00Z","municipio":"Guarapari","processo":"7592/2021"},"geometry":{"type":"Point","coordinates":[-40.57646707,-20.62291851]}},{"type":"Feature","properties":{"fonte":"IDAF","classificacao":"Florestal","tipo_infracao":"Desmatar","item":"Corte Raso","gravidade":"GRAVE","data":"2021-04-15T00:00:00Z","municipio":"Guarapari","processo":"9109/2021"},"geometry":{"type":"Point","coordinates":[-40.56886877,-20.5874228]}},{"type":"Feature","properties":{"fonte":"IDAF","classificacao":"Florestal","tipo_infracao":"Armazenar","item":"Material de origem nativa","gravidade":"","data":"2021-05-03T00:00:00Z","municipio":"Serra","processo":"9511/2021"},"geometry":{"type":"Point","coordinates":[-40.30208733,-20.12766443]}},{"type":"Feature","properties":{"fonte":"IDAF","classificacao":"Florestal","tipo_infracao":"Desmatar","item":"Corte Raso","gravidade":"GRAVE","data":"2021-05-06T00:00:00Z","municipio":"Guarapari","processo":"10135/2021"},"geometry":{"type":"Point","coordinates":[-40.55647171,-20.54835617]}},{"type":"Feature","properties":{"fonte":"IDAF","classificacao":"Florestal","tipo_infracao":"Desmatar","item":"Sub-bosque","gravidade":"GRAVE","data":"2021-05-19T00:00:00Z","municipio":"Guarapari","processo":"10778/2021"},"geometry":{"type":"Point","coordinates":[-40.47733084,-20.64126607]}},{"type":"Feature","properties":{"fonte":"IDAF","classificacao":"Florestal","tipo_infracao":"Desmatar","item":"Corte Raso","gravidade":"GRAVE","data":"2021-05-24T00:00:00Z","municipio":"Vila Velha","processo":"11169/2021"},"geometry":{"type":"Point","coordinates":[-40.3325824,-20.37341146]}},{"type":"Feature","properties":{"fonte":"IDAF","classificacao":"Florestal","tipo_infracao":"Danificar","item":"por meio de ação antrópica","gravidade":"GRAVE","data":"2021-05-24T00:00:00Z","municipio":"Fundão","processo":"14156/2021"},"geometry":{"type":"Point","coordinates":[-40.16705566,-20.03450903]}},{"type":"Feature","properties":{"fonte":"IDAF","classificacao":"Florestal","tipo_infracao":"Desrespeitar","item":"Apreensão/Depósito","gravidade":"MÉDIA","data":"2021-07-08T00:00:00Z","municipio":"Cariacica","processo":"15032/2021"},"geometry":{"type":"Point","coordinates":[-40.37226762,-20.35638132]}},{"type":"Feature","properties":{"fonte":"IDAF","classificacao":"Florestal","tipo_infracao":"Desmatar","item":"Corte Raso","gravidade":"GRAVE","data":"2021-07-14T00:00:00Z","municipio":"Guarapari","processo":"15396/2021"},"geometry":{"type":"Point","coordinates":[-40.54060236,-20.62415447]}},{"type":"Feature","properties":{"fonte":"IDAF","classificacao":"Florestal","tipo_infracao":"Desmatar","item":"Corte Raso","gravidade":"GRAVE","data":"2021-07-14T00:00:00Z","municipio":"Guarapari","processo":"15399/2021"},"geometry":{"type":"Point","coordinates":[-40.54060236,-20.62415447]}},{"type":"Feature","properties":{"fonte":"IDAF","classificacao":"Florestal","tipo_infracao":"Desmatar","item":"Corte Raso","gravidade":"GRAVE","data":"2021-07-14T00:00:00Z","municipio":"Guarapari","processo":"15400/2021"},"geometry":{"type":"Point","coordinates":[-40.5361634,-20.62548581]}},{"type":"Feature","properties":{"fonte":"IDAF","classificacao":"Florestal","tipo_infracao":"Desmatar","item":"Corte Raso","gravidade":"GRAVE","data":"2021-07-14T00:00:00Z","municipio":"Guarapari","processo":"15403/2021"},"geometry":{"type":"Point","coordinates":[-40.5361634,-20.62548581]}},{"type":"Feature","properties":{"fonte":"IDAF","classificacao":"Florestal","tipo_infracao":"Desmatar","item":"Corte Raso","gravidade":"GRAVE","data":"2020-08-18T00:00:00Z","municipio":"Viana","processo":"10652/2022"},"geometry":{"type":"Point","coordinates":[-40.53844582,-20.33793134]}},{"type":"Feature","properties":{"fonte":"IDAF","classificacao":"Florestal","tipo_infracao":"Comercializar","item":"Material de origem nativa","gravidade":"MÉDIA","data":"2021-08-30T00:00:00Z","municipio":"Cariacica","processo":"18923/2021"},"geometry":{"type":"Point","coordinates":[-40.36888161,-20.33303599]}},{"type":"Feature","properties":{"fonte":"IDAF","classificacao":"Florestal","tipo_infracao":"Armazenar","item":"Material de origem nativa","gravidade":"MÉDIA","data":"2021-08-30T00:00:00Z","municipio":"Cariacica","processo":"18929/2021"},"geometry":{"type":"Point","coordinates":[-40.36887163,-20.3329909]}},{"type":"Feature","properties":{"fonte":"IDAF","classificacao":"Florestal","tipo_infracao":"Desmatar","item":"Corte Raso","gravidade":"GRAVE","data":"2020-12-01T00:00:00Z","municipio":"Fundão","processo":"18611/2021"},"geometry":{"type":"Point","coordinates":[-40.16858518,-20.01638334]}},{"type":"Feature","properties":{"fonte":"IDAF","classificacao":"Florestal","tipo_infracao":"Desmatar","item":"Corte Raso","gravidade":"GRAVE","data":"2020-12-01T00:00:00Z","municipio":"Fundão","processo":"18612/2021"},"geometry":{"type":"Point","coordinates":[-40.16572025,-20.0180647]}},{"type":"Feature","properties":{"fonte":"IDAF","classificacao":"Florestal","tipo_infracao":"Desmatar","item":"Corte Raso","gravidade":"GRAVE","data":"2021-08-24T00:00:00Z","municipio":"Guarapari","processo":"22060/2021"},"geometry":{"type":"Point","coordinates":[-40.55181496,-20.60950107]}},{"type":"Feature","properties":{"fonte":"IDAF","classificacao":"Florestal","tipo_infracao":"Comercializar","item":"Material de origem nativa","gravidade":"MÉDIA","data":"2021-07-13T00:00:00Z","municipio":"Guarapari","processo":"21741/2021"},"geometry":{"type":"Point","coordinates":[-40.51678078,-20.64490778]}},{"type":"Feature","properties":{"fonte":"IDAF","classificacao":"Florestal","tipo_infracao":"Sem infração","item":"Sem autuação","gravidade":"","data":"2021-09-14T00:00:00Z","municipio":"Serra","processo":"19662/2021"},"geometry":{"type":"Point","coordinates":[-40.21317283,-20.15353358]}},{"type":"Feature","properties":{"fonte":"IDAF","classificacao":"Florestal","tipo_infracao":"Armazenar","item":"Material de origem nativa","gravidade":"MÉDIA","data":"2021-07-13T00:00:00Z","municipio":"Guarapari","processo":"21747/2021"},"geometry":{"type":"Point","coordinates":[-40.51917386,-20.64235732]}},{"type":"Feature","properties":{"fonte":"IDAF","classificacao":"Florestal","tipo_infracao":"Desmatar","item":"Corte Raso","gravidade":"GRAVE","data":"2021-09-17T00:00:00Z","municipio":"Serra","processo":"20748/2021"},"geometry":{"type":"Point","coordinates":[-40.22205724,-20.17394533]}},{"type":"Feature","properties":{"fonte":"IDAF","classificacao":"Florestal","tipo_infracao":"Desmatar","item":"Corte Raso","gravidade":"","data":"2024-11-21T00:00:00Z","municipio":"Serra","processo":"21066/2024"},"geometry":{"type":"Point","coordinates":[-40.19141201,-20.17689314]}},{"type":"Feature","properties":{"fonte":"IDAF","classificacao":"Florestal","tipo_infracao":"Desmatar","item":"Corte Raso","gravidade":"GRAVE","data":"2021-10-28T00:00:00Z","municipio":"Guarapari","processo":"23496/2021"},"geometry":{"type":"Point","coordinates":[-40.53871698,-20.5663291]}},{"type":"Feature","properties":{"fonte":"IDAF","classificacao":"Florestal","tipo_infracao":"Comercializar","item":"Material de origem nativa","gravidade":"MÉDIA","data":"2021-10-22T00:00:00Z","municipio":"Vitória","processo":"22753/2021"},"geometry":{"type":"Point","coordinates":[-40.29702716,-20.31009406]}},{"type":"Feature","properties":{"fonte":"IDAF","classificacao":"Florestal","tipo_infracao":"Sem infração","item":"Sem autuação","gravidade":"","data":"2021-10-06T00:00:00Z","municipio":"Guarapari","processo":"23435/2021"},"geometry":{"type":"Point","coordinates":[-40.47899379,-20.5799215]}},{"type":"Feature","properties":{"fonte":"IDAF","classificacao":"Florestal","tipo_infracao":"Utilizar","item":"Incorretamente","gravidade":"MÉDIA","data":"2021-10-21T00:00:00Z","municipio":"Cariacica","processo":"22816/2021"},"geometry":{"type":"Point","coordinates":[-40.37477935,-20.39444122]}},{"type":"Feature","properties":{"fonte":"IDAF","classificacao":"Florestal","tipo_infracao":"Desmatar","item":"Sub-bosque","gravidade":"GRAVE","data":"2021-10-28T00:00:00Z","municipio":"Guarapari","processo":"23497/2021"},"geometry":{"type":"Point","coordinates":[-40.54576764,-20.57305957]}},{"type":"Feature","properties":{"fonte":"IDAF","classificacao":"Florestal","tipo_infracao":"Corte Seletivo","item":"Em fragmento florestal","gravidade":"GRAVE","data":"2021-07-21T00:00:00Z","municipio":"Viana","processo":"23608/2021"},"geometry":{"type":"Point","coordinates":[-40.61232573,-20.44002201]}},{"type":"Feature","properties":{"fonte":"IDAF","classificacao":"Florestal","tipo_infracao":"Desmatar","item":"Sub-bosque","gravidade":"GRAVÍSSIMO","data":"2021-11-09T00:00:00Z","municipio":"Serra","processo":"23988/2021"},"geometry":{"type":"Point","coordinates":[-40.33368825,-20.09563506]}},{"type":"Feature","properties":{"fonte":"IDAF","classificacao":"Florestal","tipo_infracao":"Danificar","item":"por meio de ação antrópica","gravidade":"GRAVE","data":"2021-11-09T00:00:00Z","municipio":"Serra","processo":"23989/2021"},"geometry":{"type":"Point","coordinates":[-40.33368825,-20.09563506]}},{"type":"Feature","properties":{"fonte":"IDAF","classificacao":"Florestal","tipo_infracao":"Desmatar","item":"Corte Raso","gravidade":"","data":"2021-10-06T00:00:00Z","municipio":"Guarapari","processo":"27044/2021"},"geometry":{"type":"Point","coordinates":[-40.48337722,-20.63536939]}},{"type":"Feature","properties":{"fonte":"IDAF","classificacao":"Florestal","tipo_infracao":"Desmatar","item":"Corte Raso","gravidade":"GRAVE","data":"2021-10-28T00:00:00Z","municipio":"Guarapari","processo":"8523/2022"},"geometry":{"type":"Point","coordinates":[-40.54250528,-20.56341366]}},{"type":"Feature","properties":{"fonte":"IDAF","classificacao":"Florestal","tipo_infracao":"Desrespeitar","item":"Embargo/Interdição","gravidade":"GRAVE","data":"2021-11-24T00:00:00Z","municipio":"Serra","processo":"25956/2021"},"geometry":{"type":"Point","coordinates":[-40.45173245,-20.07318366]}},{"type":"Feature","properties":{"fonte":"IDAF","classificacao":"Florestal","tipo_infracao":"Desmatar","item":"Corte Raso","gravidade":"GRAVE","data":"2021-10-28T00:00:00Z","municipio":"Guarapari","processo":"8531/2022"},"geometry":{"type":"Point","coordinates":[-40.53715505,-20.5722329]}},{"type":"Feature","properties":{"fonte":"IDAF","classificacao":"Florestal","tipo_infracao":"Desrespeitar","item":"Apreensão/Depósito","gravidade":"GRAVÍSSIMO","data":"2020-12-21T00:00:00Z","municipio":"Serra","processo":"621/2022"},"geometry":{"type":"Point","coordinates":[-40.27026396,-20.13021861]}},{"type":"Feature","properties":{"fonte":"IDAF","classificacao":"Florestal","tipo_infracao":"Desrespeitar","item":"Embargo/Interdição","gravidade":"GRAVE","data":"2021-02-11T00:00:00Z","municipio":"Serra","processo":"3114/2022"},"geometry":{"type":"Point","coordinates":[-40.19384288,-20.19955449]}},{"type":"Feature","properties":{"fonte":"IDAF","classificacao":"Florestal","tipo_infracao":"Sem infração","item":"Sem autuação","gravidade":"","data":"2021-07-20T00:00:00Z","municipio":"Vila Velha","processo":"19283/2023"},"geometry":{"type":"Point","coordinates":[-40.36575307,-20.5158514]}},{"type":"Feature","properties":{"fonte":"IDAF","classificacao":"Florestal","tipo_infracao":"Desmatar","item":"Corte Raso","gravidade":"GRAVE","data":"2022-02-09T00:00:00Z","municipio":"Serra","processo":"3400/2022"},"geometry":{"type":"Point","coordinates":[-40.23533032,-20.16440211]}},{"type":"Feature","properties":{"fonte":"IDAF","classificacao":"Florestal","tipo_infracao":"Comercializar","item":"Material de origem nativa","gravidade":"MÉDIA","data":"2021-10-07T00:00:00Z","municipio":"Guarapari","processo":"8265/2022"},"geometry":{"type":"Point","coordinates":[-40.54354521,-20.61338729]}},{"type":"Feature","properties":{"fonte":"IDAF","classificacao":"Florestal","tipo_infracao":"Utilizar","item":"Incorretamente","gravidade":"MÉDIA","data":"2022-02-24T00:00:00Z","municipio":"Serra","processo":"4599/2022"},"geometry":{"type":"Point","coordinates":[-40.2403963,-20.18916724]}},{"type":"Feature","properties":{"fonte":"IDAF","classificacao":"Florestal","tipo_infracao":"Comercializar","item":"Material de origem nativa","gravidade":"MÉDIA","data":"2022-03-08T00:00:00Z","municipio":"Vitória","processo":"6662/2022"},"geometry":{"type":"Point","coordinates":[-40.29916999,-20.30407015]}},{"type":"Feature","properties":{"fonte":"IDAF","classificacao":"Florestal","tipo_infracao":"Comercializar","item":"Material de origem nativa","gravidade":"MÉDIA","data":"2022-03-08T00:00:00Z","municipio":"Vila Velha","processo":"7010/2022"},"geometry":{"type":"Point","coordinates":[-40.36090461,-20.36601055]}},{"type":"Feature","properties":{"fonte":"IDAF","classificacao":"Florestal","tipo_infracao":"Armazenar","item":"Material de origem nativa","gravidade":"MÉDIA","data":"2022-03-08T00:00:00Z","municipio":"Vila Velha","processo":"7231/2022"},"geometry":{"type":"Point","coordinates":[-40.36090461,-20.36601055]}},{"type":"Feature","properties":{"fonte":"IDAF","classificacao":"Florestal","tipo_infracao":"Sem infração","item":"Sem autuação","gravidade":"","data":"2022-03-10T00:00:00Z","municipio":"Serra","processo":"5725/2022"},"geometry":{"type":"Point","coordinates":[-40.17877441,-20.12119578]}},{"type":"Feature","properties":{"fonte":"IDAF","classificacao":"Florestal","tipo_infracao":"Desrespeitar","item":"Embargo/Interdição","gravidade":"GRAVE","data":"2022-03-28T00:00:00Z","municipio":"Vila Velha","processo":"13026/2022"},"geometry":{"type":"Point","coordinates":[-40.40284921,-20.48584221]}},{"type":"Feature","properties":{"fonte":"IDAF","classificacao":"Florestal","tipo_infracao":"Suprimir","item":"por meio de ação antrópica","gravidade":"GRAVE","data":"2022-04-08T00:00:00Z","municipio":"Viana","processo":"8880/2022"},"geometry":{"type":"Point","coordinates":[-40.5059813,-20.38379036]}},{"type":"Feature","properties":{"fonte":"IDAF","classificacao":"Florestal","tipo_infracao":"Suprimir","item":"por meio de ação antrópica","gravidade":"GRAVE","data":"2022-04-08T00:00:00Z","municipio":"Viana","processo":"8882/2022"},"geometry":{"type":"Point","coordinates":[-40.5059813,-20.38379036]}},{"type":"Feature","properties":{"fonte":"IDAF","classificacao":"Florestal","tipo_infracao":"Suprimir","item":"por meio de ação antrópica","gravidade":"GRAVE","data":"2022-04-07T00:00:00Z","municipio":"Viana","processo":"8892/2022"},"geometry":{"type":"Point","coordinates":[-40.5059813,-20.38379036]}},{"type":"Feature","properties":{"fonte":"IDAF","classificacao":"Florestal","tipo_infracao":"Suprimir","item":"por meio de ação antrópica","gravidade":"GRAVE","data":"2022-04-08T00:00:00Z","municipio":"Viana","processo":"8902/2022"},"geometry":{"type":"Point","coordinates":[-40.5059813,-20.38379036]}},{"type":"Feature","properties":{"fonte":"IDAF","classificacao":"Florestal","tipo_infracao":"Suprimir","item":"por meio de ação antrópica","gravidade":"GRAVE","data":"2022-04-08T00:00:00Z","municipio":"Viana","processo":"8881/2022"},"geometry":{"type":"Point","coordinates":[-40.5059813,-20.38379036]}},{"type":"Feature","properties":{"fonte":"IDAF","classificacao":"Florestal","tipo_infracao":"Suprimir","item":"por meio de ação antrópica","gravidade":"GRAVE","data":"2022-04-19T00:00:00Z","municipio":"Viana","processo":"8874/2022"},"geometry":{"type":"Point","coordinates":[-40.44446327,-20.40230661]}},{"type":"Feature","properties":{"fonte":"IDAF","classificacao":"Florestal","tipo_infracao":"Comercializar","item":"Material de origem nativa","gravidade":"GRAVE","data":"2022-05-13T00:00:00Z","municipio":"Vila Velha","processo":"11080/2022"},"geometry":{"type":"Point","coordinates":[-40.29536179,-20.35161129]}},{"type":"Feature","properties":{"fonte":"IDAF","classificacao":"Florestal","tipo_infracao":"Armazenar","item":"Material de origem nativa","gravidade":"GRAVE","data":"2022-05-13T00:00:00Z","municipio":"Vila Velha","processo":"11079/2022"},"geometry":{"type":"Point","coordinates":[-40.29536179,-20.35161129]}},{"type":"Feature","properties":{"fonte":"IDAF","classificacao":"Florestal","tipo_infracao":"Deixar","item":"Utilizar","gravidade":"MÉDIA","data":"2022-05-24T00:00:00Z","municipio":"Cariacica","processo":"12444/2022"},"geometry":{"type":"Point","coordinates":[-40.46755083,-20.30647915]}},{"type":"Feature","properties":{"fonte":"IDAF","classificacao":"Florestal","tipo_infracao":"Suprimir","item":"por meio de ação antrópica","gravidade":"GRAVE","data":"2022-05-06T00:00:00Z","municipio":"Viana","processo":"16349/2022"},"geometry":{"type":"Point","coordinates":[-40.54208336,-20.44751529]}},{"type":"Feature","properties":{"fonte":"IDAF","classificacao":"Florestal","tipo_infracao":"Desmatar","item":"Corte Raso","gravidade":"GRAVE","data":"2022-05-06T00:00:00Z","municipio":"Viana","processo":"16350/2022"},"geometry":{"type":"Point","coordinates":[-40.54208336,-20.44751529]}},{"type":"Feature","properties":{"fonte":"IDAF","classificacao":"Florestal","tipo_infracao":"Deixar","item":"de renovar","gravidade":"BAIXA","data":"2022-06-09T00:00:00Z","municipio":"Fundão","processo":"12476/2022"},"geometry":{"type":"Point","coordinates":[-40.19313468,-20.0545738]}},{"type":"Feature","properties":{"fonte":"IDAF","classificacao":"Florestal","tipo_infracao":"Sem infração","item":"Sem autuação","gravidade":"","data":"2022-06-28T00:00:00Z","municipio":"Vila Velha","processo":"13949/2022"},"geometry":{"type":"Point","coordinates":[-40.34789701,-20.47848976]}},{"type":"Feature","properties":{"fonte":"IDAF","classificacao":"Florestal","tipo_infracao":"Desmatar","item":"Corte Raso","gravidade":"GRAVE","data":"2022-07-14T00:00:00Z","municipio":"Vila Velha","processo":"17189/2022"},"geometry":{"type":"Point","coordinates":[-40.29464476,-20.33108101]}},{"type":"Feature","properties":{"fonte":"IDAF","classificacao":"Florestal","tipo_infracao":"Desmatar","item":"Corte Raso","gravidade":"GRAVE","data":"2022-07-14T00:00:00Z","municipio":"Vila Velha","processo":"17190/2022"},"geometry":{"type":"Point","coordinates":[-40.29464476,-20.33108101]}},{"type":"Feature","properties":{"fonte":"IDAF","classificacao":"Florestal","tipo_infracao":"Desmatar","item":"Corte Raso","gravidade":"","data":"2022-07-14T00:00:00Z","municipio":"Vila Velha","processo":"16074/2024"},"geometry":{"type":"Point","coordinates":[-40.36955001,-20.5158034]}},{"type":"Feature","properties":{"fonte":"IDAF","classificacao":"Florestal","tipo_infracao":"Armazenar","item":"Material de origem nativa","gravidade":"GRAVE","data":"2022-07-08T00:00:00Z","municipio":"Cariacica","processo":"17808/2022"},"geometry":{"type":"Point","coordinates":[-40.36397431,-20.35993357]}},{"type":"Feature","properties":{"fonte":"IDAF","classificacao":"Florestal","tipo_infracao":"Comercializar","item":"Material de origem nativa","gravidade":"GRAVE","data":"2022-07-08T00:00:00Z","municipio":"Cariacica","processo":"17809/2022"},"geometry":{"type":"Point","coordinates":[-40.36397431,-20.35993357]}},{"type":"Feature","properties":{"fonte":"IDAF","classificacao":"Florestal","tipo_infracao":"Comercializar","item":"Material de origem nativa","gravidade":"GRAVE","data":"2022-07-18T00:00:00Z","municipio":"Cariacica","processo":"16326/2022"},"geometry":{"type":"Point","coordinates":[-40.36874747,-20.35152136]}},{"type":"Feature","properties":{"fonte":"IDAF","classificacao":"Florestal","tipo_infracao":"Comercializar","item":"Material de origem nativa","gravidade":"GRAVE","data":"2022-08-01T00:00:00Z","municipio":"Vila Velha","processo":"15844/2022"},"geometry":{"type":"Point","coordinates":[-40.36828964,-20.51317536]}},{"type":"Feature","properties":{"fonte":"IDAF","classificacao":"Florestal","tipo_infracao":"Desmatar","item":"Corte Raso","gravidade":"GRAVE","data":"2021-12-07T00:00:00Z","municipio":"Vila Velha","processo":"17050/2022"},"geometry":{"type":"Point","coordinates":[-40.36609935,-20.47160806]}},{"type":"Feature","properties":{"fonte":"IDAF","classificacao":"Florestal","tipo_infracao":"Desmatar","item":"Corte Raso","gravidade":"GRAVE","data":"2022-08-26T00:00:00Z","municipio":"Guarapari","processo":"25998/2022"},"geometry":{"type":"Point","coordinates":[-40.59413362,-20.6166227]}},{"type":"Feature","properties":{"fonte":"IDAF","classificacao":"Florestal","tipo_infracao":"Desmatar","item":"Corte Raso","gravidade":"GRAVE","data":"2022-08-26T00:00:00Z","municipio":"Guarapari","processo":"26859/2022"},"geometry":{"type":"Point","coordinates":[-40.59413362,-20.6166227]}},{"type":"Feature","properties":{"fonte":"IDAF","classificacao":"Florestal","tipo_infracao":"Desmatar","item":"Sub-bosque","gravidade":"GRAVE","data":"2022-08-26T00:00:00Z","municipio":"Guarapari","processo":"26863/2022"},"geometry":{"type":"Point","coordinates":[-40.59413362,-20.6166227]}},{"type":"Feature","properties":{"fonte":"IDAF","classificacao":"Florestal","tipo_infracao":"Desmatar","item":"Corte Raso","gravidade":"GRAVE","data":"2022-08-26T00:00:00Z","municipio":"Guarapari","processo":"26865/2022"},"geometry":{"type":"Point","coordinates":[-40.59413362,-20.6166227]}},{"type":"Feature","properties":{"fonte":"IDAF","classificacao":"Florestal","tipo_infracao":"Desmatar","item":"Corte Raso","gravidade":"GRAVE","data":"2022-08-26T00:00:00Z","municipio":"Guarapari","processo":"21030/2022"},"geometry":{"type":"Point","coordinates":[-40.59542767,-20.61650235]}},{"type":"Feature","properties":{"fonte":"IDAF","classificacao":"Florestal","tipo_infracao":"Suprimir","item":"por meio de ação antrópica","gravidade":"","data":"2022-09-08T00:00:00Z","municipio":"Viana","processo":"20723/2022"},"geometry":{"type":"Point","coordinates":[-40.55723683,-20.35509168]}},{"type":"Feature","properties":{"fonte":"IDAF","classificacao":"Florestal","tipo_infracao":"Desmatar","item":"Corte Raso","gravidade":"GRAVE","data":"2022-08-26T00:00:00Z","municipio":"Guarapari","processo":"22074/2022"},"geometry":{"type":"Point","coordinates":[-40.59413362,-20.6166227]}},{"type":"Feature","properties":{"fonte":"IDAF","classificacao":"Florestal","tipo_infracao":"Desmatar","item":"Corte Raso","gravidade":"GRAVE","data":"2022-09-05T00:00:00Z","municipio":"Guarapari","processo":"20711/2022"},"geometry":{"type":"Point","coordinates":[-40.54696845,-20.55990494]}},{"type":"Feature","properties":{"fonte":"IDAF","classificacao":"Florestal","tipo_infracao":"Desmatar","item":"Sub-bosque","gravidade":"GRAVE","data":"2022-09-05T00:00:00Z","municipio":"Guarapari","processo":"20769/2022"},"geometry":{"type":"Point","coordinates":[-40.54696845,-20.55990494]}},{"type":"Feature","properties":{"fonte":"IDAF","classificacao":"Florestal","tipo_infracao":"Desmatar","item":"Sub-bosque","gravidade":"GRAVE","data":"2022-09-05T00:00:00Z","municipio":"Guarapari","processo":"20794/2022"},"geometry":{"type":"Point","coordinates":[-40.54696845,-20.55990494]}},{"type":"Feature","properties":{"fonte":"IDAF","classificacao":"Florestal","tipo_infracao":"Desmatar","item":"Corte Raso","gravidade":"GRAVE","data":"2022-09-29T00:00:00Z","municipio":"Guarapari","processo":"21466/2022"},"geometry":{"type":"Point","coordinates":[-40.55072409,-20.65997215]}},{"type":"Feature","properties":{"fonte":"IDAF","classificacao":"Florestal","tipo_infracao":"Desmatar","item":"Corte Raso","gravidade":"GRAVE","data":"2022-09-05T00:00:00Z","municipio":"Guarapari","processo":"20914/2022"},"geometry":{"type":"Point","coordinates":[-40.54696845,-20.55990494]}},{"type":"Feature","properties":{"fonte":"IDAF","classificacao":"Florestal","tipo_infracao":"Desmatar","item":"Corte Raso","gravidade":"GRAVE","data":"2022-09-29T00:00:00Z","municipio":"Guarapari","processo":"21464/2022"},"geometry":{"type":"Point","coordinates":[-40.55044715,-20.66011015]}},{"type":"Feature","properties":{"fonte":"IDAF","classificacao":"Florestal","tipo_infracao":"Desmatar","item":"Corte Raso","gravidade":"GRAVE","data":"2022-09-05T00:00:00Z","municipio":"Guarapari","processo":"20972/2022"},"geometry":{"type":"Point","coordinates":[-40.54576764,-20.57305957]}},{"type":"Feature","properties":{"fonte":"IDAF","classificacao":"Florestal","tipo_infracao":"Desmatar","item":"Corte Raso","gravidade":"GRAVE","data":"2022-09-05T00:00:00Z","municipio":"Guarapari","processo":"21237/2022"},"geometry":{"type":"Point","coordinates":[-40.53646611,-20.57048649]}},{"type":"Feature","properties":{"fonte":"IDAF","classificacao":"Florestal","tipo_infracao":"Impedir/Dificultar","item":"Regeneração natural","gravidade":"GRAVE","data":"2022-09-29T00:00:00Z","municipio":"Guarapari","processo":"21470/2022"},"geometry":{"type":"Point","coordinates":[-40.42943751,-20.59962544]}},{"type":"Feature","properties":{"fonte":"IDAF","classificacao":"Ambiental","tipo_infracao":"Construir obra considerada poluidora","item":"Sem licença ou autorização do órgão ambiental competente","gravidade":"MÉDIA","data":"2022-09-05T00:00:00Z","municipio":"Guarapari","processo":"22305/2022"},"geometry":{"type":"Point","coordinates":[-40.53646611,-20.57048649]}},{"type":"Feature","properties":{"fonte":"IDAF","classificacao":"Florestal","tipo_infracao":"Desmatar","item":"Corte Raso","gravidade":"GRAVE","data":"2022-10-03T00:00:00Z","municipio":"Guarapari","processo":"23530/2022"},"geometry":{"type":"Point","coordinates":[-40.56286625,-20.57922047]}},{"type":"Feature","properties":{"fonte":"IDAF","classificacao":"Florestal","tipo_infracao":"Comercializar","item":"Material de origem nativa","gravidade":"GRAVE","data":"2022-10-18T00:00:00Z","municipio":"Vila Velha","processo":"22359/2022"},"geometry":{"type":"Point","coordinates":[-40.33328006,-20.33973471]}},{"type":"Feature","properties":{"fonte":"IDAF","classificacao":"Florestal","tipo_infracao":"Desmatar","item":"Corte Raso","gravidade":"GRAVE","data":"2022-09-05T00:00:00Z","municipio":"Guarapari","processo":"22724/2022"},"geometry":{"type":"Point","coordinates":[-40.53646611,-20.57048649]}},{"type":"Feature","properties":{"fonte":"IDAF","classificacao":"Florestal","tipo_infracao":"Desmatar","item":"Corte Raso","gravidade":"GRAVE","data":"2022-10-24T00:00:00Z","municipio":"Vila Velha","processo":"26272/2022"},"geometry":{"type":"Point","coordinates":[-40.36122286,-20.4512921]}},{"type":"Feature","properties":{"fonte":"IDAF","classificacao":"Florestal","tipo_infracao":"Desmatar","item":"Corte Raso","gravidade":"GRAVE","data":"2022-10-24T00:00:00Z","municipio":"Vila Velha","processo":"26284/2022"},"geometry":{"type":"Point","coordinates":[-40.36122286,-20.4512921]}},{"type":"Feature","properties":{"fonte":"IDAF","classificacao":"Florestal","tipo_infracao":"Desmatar","item":"Sub-bosque","gravidade":"GRAVE","data":"2022-10-24T00:00:00Z","municipio":"Vila Velha","processo":"26287/2022"},"geometry":{"type":"Point","coordinates":[-40.36122286,-20.4512921]}},{"type":"Feature","properties":{"fonte":"IDAF","classificacao":"Florestal","tipo_infracao":"Desmatar","item":"Corte Raso","gravidade":"GRAVE","data":"2022-10-24T00:00:00Z","municipio":"Vila Velha","processo":"26288/2022"},"geometry":{"type":"Point","coordinates":[-40.36122286,-20.4512921]}},{"type":"Feature","properties":{"fonte":"IDAF","classificacao":"Florestal","tipo_infracao":"Desmatar","item":"Corte Raso","gravidade":"GRAVE","data":"2022-09-05T00:00:00Z","municipio":"Guarapari","processo":"25775/2022"},"geometry":{"type":"Point","coordinates":[-40.53646611,-20.57048649]}},{"type":"Feature","properties":{"fonte":"IDAF","classificacao":"Ambiental","tipo_infracao":"Construir obra considerada poluidora","item":"Sem licença ou autorização do órgão ambiental competente","gravidade":"GRAVE","data":"2022-09-05T00:00:00Z","municipio":"Guarapari","processo":"25790/2022"},"geometry":{"type":"Point","coordinates":[-40.53646611,-20.57048649]}},{"type":"Feature","properties":{"fonte":"IDAF","classificacao":"Florestal","tipo_infracao":"Desmatar","item":"Corte Raso","gravidade":"GRAVE","data":"2022-10-24T00:00:00Z","municipio":"Vila Velha","processo":"26488/2022"},"geometry":{"type":"Point","coordinates":[-40.42446616,-20.48142931]}},{"type":"Feature","properties":{"fonte":"IDAF","classificacao":"Florestal","tipo_infracao":"Desmatar","item":"Corte Raso","gravidade":"GRAVÍSSIMO","data":"2022-10-18T00:00:00Z","municipio":"Serra","processo":"25196/2022"},"geometry":{"type":"Point","coordinates":[-40.38489368,-20.18601047]}},{"type":"Feature","properties":{"fonte":"IDAF","classificacao":"Florestal","tipo_infracao":"Desmatar","item":"Corte Raso","gravidade":"GRAVE","data":"2022-10-18T00:00:00Z","municipio":"Serra","processo":"25585/2022"},"geometry":{"type":"Point","coordinates":[-40.35479429,-20.19317447]}},{"type":"Feature","properties":{"fonte":"IDAF","classificacao":"Florestal","tipo_infracao":"Sem infração","item":"Sem autuação","gravidade":"","data":"2022-09-29T00:00:00Z","municipio":"Guarapari","processo":"26494/2022"},"geometry":{"type":"Point","coordinates":[-40.58278829,-20.62642891]}},{"type":"Feature","properties":{"fonte":"IDAF","classificacao":"Florestal","tipo_infracao":"Comercializar","item":"Material de origem nativa","gravidade":"MÉDIA","data":"2022-12-12T00:00:00Z","municipio":"Serra","processo":"25944/2022"},"geometry":{"type":"Point","coordinates":[-40.1956358,-20.1861886]}},{"type":"Feature","properties":{"fonte":"IDAF","classificacao":"Florestal","tipo_infracao":"Desmatar","item":"Corte Raso","gravidade":"GRAVE","data":"2022-12-08T00:00:00Z","municipio":"Guarapari","processo":"1175/2023"},"geometry":{"type":"Point","coordinates":[-40.49360839,-20.57447509]}},{"type":"Feature","properties":{"fonte":"IDAF","classificacao":"Florestal","tipo_infracao":"Desmatar","item":"Corte Raso","gravidade":"GRAVE","data":"2022-10-24T00:00:00Z","municipio":"Vila Velha","processo":"26289/2022"},"geometry":{"type":"Point","coordinates":[-40.36122286,-20.4512921]}},{"type":"Feature","properties":{"fonte":"IDAF","classificacao":"Florestal","tipo_infracao":"Suprimir","item":"por meio de ação antrópica","gravidade":"GRAVE","data":"2022-12-14T00:00:00Z","municipio":"Vila Velha","processo":"26343/2022"},"geometry":{"type":"Point","coordinates":[-40.34883451,-20.45631231]}},{"type":"Feature","properties":{"fonte":"IDAF","classificacao":"Florestal","tipo_infracao":"Desmatar","item":"Corte Raso","gravidade":"GRAVE","data":"2022-12-16T00:00:00Z","municipio":"Guarapari","processo":"4977/2023"},"geometry":{"type":"Point","coordinates":[-40.53962109,-20.58761331]}},{"type":"Feature","properties":{"fonte":"IDAF","classificacao":"Florestal","tipo_infracao":"Desmatar","item":"Corte Raso","gravidade":"GRAVE","data":"2022-11-07T00:00:00Z","municipio":"Fundão","processo":"347/2023"},"geometry":{"type":"Point","coordinates":[-40.45008497,-19.96758462]}},{"type":"Feature","properties":{"fonte":"IDAF","classificacao":"Florestal","tipo_infracao":"Desmatar","item":"Corte Raso","gravidade":"GRAVE","data":"2022-11-09T00:00:00Z","municipio":"Fundão","processo":"346/2023"},"geometry":{"type":"Point","coordinates":[-40.44461398,-19.96805388]}},{"type":"Feature","properties":{"fonte":"IDAF","classificacao":"Ambiental","tipo_infracao":"Executar obra ou atividade","item":"Que provoque ou possa provocar danos a qualquer corpo d'água","gravidade":"MÉDIA","data":"2022-12-14T00:00:00Z","municipio":"Guarapari","processo":"865/2023"},"geometry":{"type":"Point","coordinates":[-40.49360839,-20.57447509]}},{"type":"Feature","properties":{"fonte":"IDAF","classificacao":"Florestal","tipo_infracao":"Desmatar","item":"Corte Raso","gravidade":"GRAVE","data":"2023-01-16T00:00:00Z","municipio":"Serra","processo":"861/2023"},"geometry":{"type":"Point","coordinates":[-40.31516189,-20.11489162]}},{"type":"Feature","properties":{"fonte":"IDAF","classificacao":"Florestal","tipo_infracao":"Comercializar","item":"Produto ou subproduto florestal","gravidade":"GRAVE","data":"2023-01-17T00:00:00Z","municipio":"Cariacica","processo":"2152/2023"},"geometry":{"type":"Point","coordinates":[-40.37593363,-20.29649981]}},{"type":"Feature","properties":{"fonte":"IDAF","classificacao":"Florestal","tipo_infracao":"Comercializar","item":"Material de origem nativa","gravidade":"MÉDIA","data":"2023-01-27T00:00:00Z","municipio":"Vitória","processo":"1846/2023"},"geometry":{"type":"Point","coordinates":[-40.30767644,-20.31122542]}},{"type":"Feature","properties":{"fonte":"IDAF","classificacao":"Florestal","tipo_infracao":"Desrespeitar","item":"Embargo/Interdição","gravidade":"GRAVE","data":"2023-02-08T00:00:00Z","municipio":"Fundão","processo":"3541/2023"},"geometry":{"type":"Point","coordinates":[-40.19315216,-20.05435684]}},{"type":"Feature","properties":{"fonte":"IDAF","classificacao":"Florestal","tipo_infracao":"Danificar","item":"por meio de ação antrópica","gravidade":"GRAVE","data":"2023-02-17T00:00:00Z","municipio":"Serra","processo":"3442/2023"},"geometry":{"type":"Point","coordinates":[-40.26040123,-20.06085614]}},{"type":"Feature","properties":{"fonte":"IDAF","classificacao":"Florestal","tipo_infracao":"Desmatar","item":"Sub-bosque","gravidade":"GRAVE","data":"2022-12-16T00:00:00Z","municipio":"Guarapari","processo":"4988/2023"},"geometry":{"type":"Point","coordinates":[-40.53962109,-20.58761331]}},{"type":"Feature","properties":{"fonte":"IDAF","classificacao":"Florestal","tipo_infracao":"Sem infração","item":"Sem autuação","gravidade":"","data":"2023-03-08T00:00:00Z","municipio":"Vila Velha","processo":"5202/2023"},"geometry":{"type":"Point","coordinates":[-40.29019255,-20.33935348]}},{"type":"Feature","properties":{"fonte":"IDAF","classificacao":"Florestal","tipo_infracao":"Utilizar","item":"Material de origem nativa","gravidade":"MÉDIA","data":"2023-03-08T00:00:00Z","municipio":"Fundão","processo":"4866/2023"},"geometry":{"type":"Point","coordinates":[-40.40578154,-19.92395152]}},{"type":"Feature","properties":{"fonte":"IDAF","classificacao":"Florestal","tipo_infracao":"Desmatar","item":"Corte Raso","gravidade":"GRAVE","data":"2023-03-14T00:00:00Z","municipio":"Vila Velha","processo":"5540/2023"},"geometry":{"type":"Point","coordinates":[-40.35841703,-20.39263612]}},{"type":"Feature","properties":{"fonte":"IDAF","classificacao":"Florestal","tipo_infracao":"Desmatar","item":"Corte Raso","gravidade":"GRAVE","data":"2023-03-23T00:00:00Z","municipio":"Guarapari","processo":"6826/2023"},"geometry":{"type":"Point","coordinates":[-40.53528079,-20.61114831]}},{"type":"Feature","properties":{"fonte":"IDAF","classificacao":"Florestal","tipo_infracao":"Desrespeitar","item":"Embargo/Interdição","gravidade":"GRAVE","data":"2023-03-31T00:00:00Z","municipio":"Viana","processo":"8335/2023"},"geometry":{"type":"Point","coordinates":[-40.53779102,-20.33757575]}},{"type":"Feature","properties":{"fonte":"IDAF","classificacao":"Florestal","tipo_infracao":"Desrespeitar","item":"Embargo/Interdição","gravidade":"GRAVE","data":"2023-03-31T00:00:00Z","municipio":"Viana","processo":"8337/2023"},"geometry":{"type":"Point","coordinates":[-40.53779102,-20.33757575]}},{"type":"Feature","properties":{"fonte":"IDAF","classificacao":"Florestal","tipo_infracao":"Desrespeitar","item":"Embargo/Interdição","gravidade":"GRAVE","data":"2023-03-30T00:00:00Z","municipio":"Viana","processo":"8401/2023"},"geometry":{"type":"Point","coordinates":[-40.53844582,-20.33793134]}},{"type":"Feature","properties":{"fonte":"IDAF","classificacao":"Florestal","tipo_infracao":"Desmatar","item":"Corte Raso","gravidade":"GRAVE","data":"2023-03-30T00:00:00Z","municipio":"Viana","processo":"8400/2023"},"geometry":{"type":"Point","coordinates":[-40.53844582,-20.33793134]}},{"type":"Feature","properties":{"fonte":"IDAF","classificacao":"Florestal","tipo_infracao":"Desmatar","item":"Corte Raso","gravidade":"GRAVE","data":"2023-04-14T00:00:00Z","municipio":"Serra","processo":"10280/2023"},"geometry":{"type":"Point","coordinates":[-40.26040123,-20.06085614]}},{"type":"Feature","properties":{"fonte":"IDAF","classificacao":"Florestal","tipo_infracao":"Desmatar","item":"Corte Raso","gravidade":"GRAVE","data":"2023-03-30T00:00:00Z","municipio":"Vila Velha","processo":"7896/2023"},"geometry":{"type":"Point","coordinates":[-40.42418274,-20.48188334]}},{"type":"Feature","properties":{"fonte":"IDAF","classificacao":"Florestal","tipo_infracao":"Desmatar","item":"Corte Raso","gravidade":"GRAVE","data":"2023-03-30T00:00:00Z","municipio":"Vila Velha","processo":"7897/2023"},"geometry":{"type":"Point","coordinates":[-40.42389223,-20.48053061]}},{"type":"Feature","properties":{"fonte":"IDAF","classificacao":"Florestal","tipo_infracao":"Deixar de cumprir/atender","item":"Notificação do órgão ou entidade ambiental competente no prazo estipulado, sem justificativa prévia","gravidade":"BAIXA","data":"2023-04-18T00:00:00Z","municipio":"Cariacica","processo":"8005/2023"},"geometry":{"type":"Point","coordinates":[-40.38316111,-20.28546608]}},{"type":"Feature","properties":{"fonte":"IDAF","classificacao":"Florestal","tipo_infracao":"Desmatar","item":"Corte Raso","gravidade":"GRAVE","data":"2023-04-04T00:00:00Z","municipio":"Guarapari","processo":"8570/2023"},"geometry":{"type":"Point","coordinates":[-40.53646611,-20.57048649]}},{"type":"Feature","properties":{"fonte":"IDAF","classificacao":"Florestal","tipo_infracao":"Desmatar","item":"Corte Raso","gravidade":"GRAVE","data":"2023-05-02T00:00:00Z","municipio":"Fundão","processo":"9792/2023"},"geometry":{"type":"Point","coordinates":[-40.16687971,-20.01973762]}},{"type":"Feature","properties":{"fonte":"IDAF","classificacao":"Florestal","tipo_infracao":"Desmatar","item":"Corte Raso","gravidade":"GRAVE","data":"2023-01-02T00:00:00Z","municipio":"Guarapari","processo":"9838/2023"},"geometry":{"type":"Point","coordinates":[-40.52335839,-20.70205047]}},{"type":"Feature","properties":{"fonte":"IDAF","classificacao":"Ambiental","tipo_infracao":"Fazer funcionar estabelecimento considerado poluidor","item":"Sem licença ou autorização do órgão ambiental competente","gravidade":"GRAVE","data":"2023-05-13T00:00:00Z","municipio":"Cariacica","processo":"10708/2023"},"geometry":{"type":"Point","coordinates":[-40.37898547,-20.28319525]}},{"type":"Feature","properties":{"fonte":"IDAF","classificacao":"Florestal","tipo_infracao":"Funcionar sem registro","item":"Comercializar produtos e subprodutos florestais","gravidade":"MÉDIA","data":"2023-05-18T00:00:00Z","municipio":"Serra","processo":"9719/2023"},"geometry":{"type":"Point","coordinates":[-40.30419606,-20.13740637]}},{"type":"Feature","properties":{"fonte":"IDAF","classificacao":"Florestal","tipo_infracao":"Funcionar sem registro","item":"Comercializar produtos e subprodutos florestais","gravidade":"MÉDIA","data":"2023-05-18T00:00:00Z","municipio":"Serra","processo":"9794/2023"},"geometry":{"type":"Point","coordinates":[-40.26130749,-20.19771898]}},{"type":"Feature","properties":{"fonte":"IDAF","classificacao":"Florestal","tipo_infracao":"Suprimir","item":"por meio de ação antrópica","gravidade":"GRAVE","data":"2022-06-22T00:00:00Z","municipio":"Cariacica","processo":"13456/2023"},"geometry":{"type":"Point","coordinates":[-40.52108543,-20.31190302]}},{"type":"Feature","properties":{"fonte":"IDAF","classificacao":"Florestal","tipo_infracao":"Suprimir","item":"por meio de ação antrópica","gravidade":"GRAVE","data":"2022-06-22T00:00:00Z","municipio":"Cariacica","processo":"13457/2023"},"geometry":{"type":"Point","coordinates":[-40.52108543,-20.31190302]}},{"type":"Feature","properties":{"fonte":"IDAF","classificacao":"Florestal","tipo_infracao":"Suprimir","item":"por meio de ação antrópica","gravidade":"","data":"2023-06-07T00:00:00Z","municipio":"Cariacica","processo":"11211/2023"},"geometry":{"type":"Point","coordinates":[-40.36399287,-20.23846559]}},{"type":"Feature","properties":{"fonte":"IDAF","classificacao":"Florestal","tipo_infracao":"Danificar","item":"por meio de ação antrópica","gravidade":"GRAVE","data":"2023-05-25T00:00:00Z","municipio":"Vila Velha","processo":"13450/2023"},"geometry":{"type":"Point","coordinates":[-40.42578252,-20.47137262]}},{"type":"Feature","properties":{"fonte":"IDAF","classificacao":"Florestal","tipo_infracao":"Danificar","item":"por meio de ação antrópica","gravidade":"GRAVE","data":"2023-05-16T00:00:00Z","municipio":"Vila Velha","processo":"13454/2023"},"geometry":{"type":"Point","coordinates":[-40.42555021,-20.47113061]}},{"type":"Feature","properties":{"fonte":"IDAF","classificacao":"Florestal","tipo_infracao":"Sem infração","item":"Sem autuação","gravidade":"","data":"2023-05-26T00:00:00Z","municipio":"Guarapari","processo":"11471/2023"},"geometry":{"type":"Point","coordinates":[-40.52591799,-20.60360684]}},{"type":"Feature","properties":{"fonte":"IDAF","classificacao":"Florestal","tipo_infracao":"Desmatar","item":"Sub-bosque","gravidade":"GRAVE","data":"2023-05-15T00:00:00Z","municipio":"Fundão","processo":"13090/2023"},"geometry":{"type":"Point","coordinates":[-40.41202821,-19.94964168]}},{"type":"Feature","properties":{"fonte":"IDAF","classificacao":"Florestal","tipo_infracao":"Sem infração","item":"Sem autuação","gravidade":"","data":"2023-06-08T00:00:00Z","municipio":"Serra","processo":"11531/2023"},"geometry":{"type":"Point","coordinates":[-40.19511383,-20.16164404]}},{"type":"Feature","properties":{"fonte":"IDAF","classificacao":"Florestal","tipo_infracao":"Sem infração","item":"Sem autuação","gravidade":"","data":"2023-05-31T00:00:00Z","municipio":"Vitória","processo":"11536/2023"},"geometry":{"type":"Point","coordinates":[-40.27464399,-20.2688436]}},{"type":"Feature","properties":{"fonte":"IDAF","classificacao":"Florestal","tipo_infracao":"Danificar","item":"por meio de ação antrópica","gravidade":"GRAVE","data":"2023-05-25T00:00:00Z","municipio":"Vila Velha","processo":"13452/2023"},"geometry":{"type":"Point","coordinates":[-40.42623196,-20.47125149]}},{"type":"Feature","properties":{"fonte":"IDAF","classificacao":"Florestal","tipo_infracao":"Deixar","item":"Utilizar","gravidade":"MÉDIA","data":"2023-06-19T00:00:00Z","municipio":"Viana","processo":"12200/2023"},"geometry":{"type":"Point","coordinates":[-40.50097616,-20.39228023]}},{"type":"Feature","properties":{"fonte":"IDAF","classificacao":"Florestal","tipo_infracao":"Desmatar","item":"Corte Raso","gravidade":"GRAVE","data":"2023-06-27T00:00:00Z","municipio":"Guarapari","processo":"6030/2024"},"geometry":{"type":"Point","coordinates":[-40.44991272,-20.6078384]}},{"type":"Feature","properties":{"fonte":"IDAF","classificacao":"Florestal","tipo_infracao":"Desmatar","item":"Corte Raso","gravidade":"GRAVE","data":"2023-06-27T00:00:00Z","municipio":"Guarapari","processo":"22854/2023"},"geometry":{"type":"Point","coordinates":[-40.55993117,-20.64238224]}},{"type":"Feature","properties":{"fonte":"IDAF","classificacao":"Florestal","tipo_infracao":"Impedir/Dificultar","item":"Regeneração natural","gravidade":"GRAVE","data":"2023-06-27T00:00:00Z","municipio":"Serra","processo":"14098/2023"},"geometry":{"type":"Point","coordinates":[-40.37846495,-20.20902664]}},{"type":"Feature","properties":{"fonte":"IDAF","classificacao":"Florestal","tipo_infracao":"Suprimir","item":"por meio de ação antrópica","gravidade":"GRAVE","data":"2023-05-25T00:00:00Z","municipio":"Vila Velha","processo":"13451/2023"},"geometry":{"type":"Point","coordinates":[-40.42578486,-20.47162556]}},{"type":"Feature","properties":{"fonte":"IDAF","classificacao":"Florestal","tipo_infracao":"Suprimir","item":"por meio de ação antrópica","gravidade":"GRAVE","data":"2023-05-16T00:00:00Z","municipio":"Vila Velha","processo":"13455/2023"},"geometry":{"type":"Point","coordinates":[-40.42554347,-20.47143782]}},{"type":"Feature","properties":{"fonte":"IDAF","classificacao":"Florestal","tipo_infracao":"Suprimir","item":"por meio de ação antrópica","gravidade":"GRAVE","data":"2023-05-25T00:00:00Z","municipio":"Vila Velha","processo":"13453/2023"},"geometry":{"type":"Point","coordinates":[-40.426034,-20.47161448]}},{"type":"Feature","properties":{"fonte":"IDAF","classificacao":"Florestal","tipo_infracao":"Desmatar","item":"Corte Raso","gravidade":"GRAVE","data":"2022-06-22T00:00:00Z","municipio":"Cariacica","processo":"13458/2023"},"geometry":{"type":"Point","coordinates":[-40.52108543,-20.31190302]}},{"type":"Feature","properties":{"fonte":"IDAF","classificacao":"Florestal","tipo_infracao":"Desmatar","item":"Corte Raso","gravidade":"GRAVE","data":"2022-06-22T00:00:00Z","municipio":"Cariacica","processo":"16586/2023"},"geometry":{"type":"Point","coordinates":[-40.52108543,-20.31190302]}},{"type":"Feature","properties":{"fonte":"IDAF","classificacao":"Florestal","tipo_infracao":"Sem infração","item":"Sem autuação","gravidade":"","data":"2023-07-05T00:00:00Z","municipio":"Fundão","processo":"13449/2023"},"geometry":{"type":"Point","coordinates":[-40.50024129,-19.85315366]}},{"type":"Feature","properties":{"fonte":"IDAF","classificacao":"Florestal","tipo_infracao":"Sem infração","item":"Sem autuação","gravidade":"","data":"2023-06-28T00:00:00Z","municipio":"Guarapari","processo":"12884/2023"},"geometry":{"type":"Point","coordinates":[-40.522108,-20.72872854]}},{"type":"Feature","properties":{"fonte":"IDAF","classificacao":"Florestal","tipo_infracao":"Queima","item":"Em área em uso","gravidade":"MÉDIA","data":"2023-06-27T00:00:00Z","municipio":"Serra","processo":"14117/2023"},"geometry":{"type":"Point","coordinates":[-40.35479429,-20.19317447]}},{"type":"Feature","properties":{"fonte":"IDAF","classificacao":"Florestal","tipo_infracao":"Sem infração","item":"Sem autuação","gravidade":"","data":"2023-06-16T00:00:00Z","municipio":"Vitória","processo":"13133/2023"},"geometry":{"type":"Point","coordinates":[-40.28970219,-20.30909116]}},{"type":"Feature","properties":{"fonte":"IDAF","classificacao":"Florestal","tipo_infracao":"Desmatar","item":"Corte Raso","gravidade":"GRAVE","data":"2023-07-17T00:00:00Z","municipio":"Guarapari","processo":"14353/2023"},"geometry":{"type":"Point","coordinates":[-40.49746676,-20.65027983]}},{"type":"Feature","properties":{"fonte":"IDAF","classificacao":"Florestal","tipo_infracao":"Suprimir","item":"por meio de ação antrópica","gravidade":"GRAVE","data":"2023-03-02T00:00:00Z","municipio":"Viana","processo":"13338/2023"},"geometry":{"type":"Point","coordinates":[-40.53461403,-20.33203881]}},{"type":"Feature","properties":{"fonte":"IDAF","classificacao":"Florestal","tipo_infracao":"Suprimir","item":"por meio de ação antrópica","gravidade":"GRAVE","data":"2023-03-02T00:00:00Z","municipio":"Viana","processo":"13336/2023"},"geometry":{"type":"Point","coordinates":[-40.53461403,-20.33203881]}},{"type":"Feature","properties":{"fonte":"IDAF","classificacao":"Florestal","tipo_infracao":"Desmatar","item":"Corte Raso","gravidade":"GRAVE","data":"2023-07-09T00:00:00Z","municipio":"Fundão","processo":"13964/2023"},"geometry":{"type":"Point","coordinates":[-40.49025907,-19.86088959]}},{"type":"Feature","properties":{"fonte":"IDAF","classificacao":"Florestal","tipo_infracao":"Desmatar","item":"Corte Raso","gravidade":"GRAVE","data":"2023-07-09T00:00:00Z","municipio":"Fundão","processo":"13965/2023"},"geometry":{"type":"Point","coordinates":[-40.49025907,-19.86088959]}},{"type":"Feature","properties":{"fonte":"IDAF","classificacao":"Florestal","tipo_infracao":"Suprimir","item":"por meio de ação antrópica","gravidade":"GRAVE","data":"2023-05-25T00:00:00Z","municipio":"Vila Velha","processo":"14577/2023"},"geometry":{"type":"Point","coordinates":[-40.425696,-20.47134623]}},{"type":"Feature","properties":{"fonte":"IDAF","classificacao":"Florestal","tipo_infracao":"Danificar","item":"por meio de ação antrópica","gravidade":"GRAVE","data":"2023-05-25T00:00:00Z","municipio":"Vila Velha","processo":"14578/2023"},"geometry":{"type":"Point","coordinates":[-40.425696,-20.47134623]}},{"type":"Feature","properties":{"fonte":"IDAF","classificacao":"Florestal","tipo_infracao":"Danificar","item":"por meio de ação antrópica","gravidade":"GRAVE","data":"2023-05-25T00:00:00Z","municipio":"Vila Velha","processo":"14032/2023"},"geometry":{"type":"Point","coordinates":[-40.42542702,-20.4712852]}},{"type":"Feature","properties":{"fonte":"IDAF","classificacao":"Florestal","tipo_infracao":"Suprimir","item":"por meio de ação antrópica","gravidade":"GRAVE","data":"2023-05-25T00:00:00Z","municipio":"Vila Velha","processo":"14033/2023"},"geometry":{"type":"Point","coordinates":[-40.42350989,-20.47130091]}},{"type":"Feature","properties":{"fonte":"IDAF","classificacao":"Florestal","tipo_infracao":"Comercializar","item":"Material de origem nativa","gravidade":"MÉDIA","data":"2023-07-20T00:00:00Z","municipio":"Vila Velha","processo":"14101/2023"},"geometry":{"type":"Point","coordinates":[-40.29887373,-20.36262542]}},{"type":"Feature","properties":{"fonte":"IDAF","classificacao":"Florestal","tipo_infracao":"Sem infração","item":"Sem autuação","gravidade":"","data":"2023-07-26T00:00:00Z","municipio":"Viana","processo":"14312/2023"},"geometry":{"type":"Point","coordinates":[-40.57842502,-20.34285046]}},{"type":"Feature","properties":{"fonte":"IDAF","classificacao":"Florestal","tipo_infracao":"Sem infração","item":"Sem autuação","gravidade":"","data":"2023-04-19T00:00:00Z","municipio":"Viana","processo":"14668/2023"},"geometry":{"type":"Point","coordinates":[-40.41948459,-20.34909269]}},{"type":"Feature","properties":{"fonte":"IDAF","classificacao":"Florestal","tipo_infracao":"Suprimir","item":"por meio de ação antrópica","gravidade":"GRAVE","data":"2023-08-01T00:00:00Z","municipio":"Cariacica","processo":"18833/2023"},"geometry":{"type":"Point","coordinates":[-40.52108543,-20.31190302]}},{"type":"Feature","properties":{"fonte":"IDAF","classificacao":"Florestal","tipo_infracao":"Desmatar","item":"Sub-bosque","gravidade":"GRAVE","data":"2023-08-01T00:00:00Z","municipio":"Cariacica","processo":"18834/2023"},"geometry":{"type":"Point","coordinates":[-40.52108543,-20.31190302]}},{"type":"Feature","properties":{"fonte":"IDAF","classificacao":"Florestal","tipo_infracao":"Suprimir","item":"por meio de ação antrópica","gravidade":"GRAVE","data":"2023-08-01T00:00:00Z","municipio":"Cariacica","processo":"18836/2023"},"geometry":{"type":"Point","coordinates":[-40.52108543,-20.31190302]}},{"type":"Feature","properties":{"fonte":"IDAF","classificacao":"Florestal","tipo_infracao":"Desmatar","item":"Corte Raso","gravidade":"GRAVE","data":"2023-07-31T00:00:00Z","municipio":"Guarapari","processo":"15864/2023"},"geometry":{"type":"Point","coordinates":[-40.65321667,-20.47111055]}},{"type":"Feature","properties":{"fonte":"IDAF","classificacao":"Florestal","tipo_infracao":"Desmatar","item":"Corte Raso","gravidade":"GRAVE","data":"2023-07-31T00:00:00Z","municipio":"Guarapari","processo":"15865/2023"},"geometry":{"type":"Point","coordinates":[-40.65321667,-20.47111055]}},{"type":"Feature","properties":{"fonte":"IDAF","classificacao":"Florestal","tipo_infracao":"Desmatar","item":"Corte Raso","gravidade":"GRAVE","data":"2023-07-31T00:00:00Z","municipio":"Guarapari","processo":"15866/2023"},"geometry":{"type":"Point","coordinates":[-40.65321667,-20.47111055]}},{"type":"Feature","properties":{"fonte":"IDAF","classificacao":"Florestal","tipo_infracao":"Queima","item":"Em área em uso","gravidade":"MÉDIA","data":"2023-07-31T00:00:00Z","municipio":"Guarapari","processo":"15867/2023"},"geometry":{"type":"Point","coordinates":[-40.65321667,-20.47111055]}},{"type":"Feature","properties":{"fonte":"IDAF","classificacao":"Florestal","tipo_infracao":"Queima","item":"Em área em uso","gravidade":"MÉDIA","data":"2023-07-31T00:00:00Z","municipio":"Guarapari","processo":"15868/2023"},"geometry":{"type":"Point","coordinates":[-40.65321667,-20.47111055]}},{"type":"Feature","properties":{"fonte":"IDAF","classificacao":"Florestal","tipo_infracao":"Sem infração","item":"Sem autuação","gravidade":"","data":"2023-07-26T00:00:00Z","municipio":"Guarapari","processo":"15759/2023"},"geometry":{"type":"Point","coordinates":[-40.53528079,-20.61114831]}},{"type":"Feature","properties":{"fonte":"IDAF","classificacao":"Florestal","tipo_infracao":"Desmatar","item":"Corte Raso","gravidade":"GRAVE","data":"2023-07-25T00:00:00Z","municipio":"Guarapari","processo":"16194/2023"},"geometry":{"type":"Point","coordinates":[-40.45058579,-20.517593]}},{"type":"Feature","properties":{"fonte":"IDAF","classificacao":"Florestal","tipo_infracao":"Corte Seletivo","item":"Em fragmento florestal","gravidade":"GRAVE","data":"2023-08-08T00:00:00Z","municipio":"Guarapari","processo":"15992/2023"},"geometry":{"type":"Point","coordinates":[-40.59761745,-20.61118855]}},{"type":"Feature","properties":{"fonte":"IDAF","classificacao":"Florestal","tipo_infracao":"Sem infração","item":"Sem autuação","gravidade":"","data":"2023-07-26T00:00:00Z","municipio":"Guarapari","processo":"15793/2023"},"geometry":{"type":"Point","coordinates":[-40.55181496,-20.60950107]}},{"type":"Feature","properties":{"fonte":"IDAF","classificacao":"Florestal","tipo_infracao":"Sem infração","item":"Sem autuação","gravidade":"","data":"2023-08-15T00:00:00Z","municipio":"Guarapari","processo":"15801/2023"},"geometry":{"type":"Point","coordinates":[-40.53258673,-20.52774646]}},{"type":"Feature","properties":{"fonte":"IDAF","classificacao":"Florestal","tipo_infracao":"Sem infração","item":"Sem autuação","gravidade":"","data":"2023-08-01T00:00:00Z","municipio":"Guarapari","processo":"15952/2023"},"geometry":{"type":"Point","coordinates":[-40.44991272,-20.6078384]}},{"type":"Feature","properties":{"fonte":"IDAF","classificacao":"Florestal","tipo_infracao":"Desrespeitar","item":"Embargo/Interdição","gravidade":"GRAVE","data":"2023-08-17T00:00:00Z","municipio":"Vila Velha","processo":"16596/2023"},"geometry":{"type":"Point","coordinates":[-40.29464476,-20.33108101]}},{"type":"Feature","properties":{"fonte":"IDAF","classificacao":"Florestal","tipo_infracao":"Desmatar","item":"Corte Raso","gravidade":"GRAVE","data":"2023-08-16T00:00:00Z","municipio":"Guarapari","processo":"16164/2023"},"geometry":{"type":"Point","coordinates":[-40.53746301,-20.60200497]}},{"type":"Feature","properties":{"fonte":"IDAF","classificacao":"Florestal","tipo_infracao":"Comercializar","item":"Material de origem nativa","gravidade":"MÉDIA","data":"2023-08-21T00:00:00Z","municipio":"Vila Velha","processo":"16167/2023"},"geometry":{"type":"Point","coordinates":[-40.37551189,-20.42729313]}},{"type":"Feature","properties":{"fonte":"IDAF","classificacao":"Florestal","tipo_infracao":"Desmatar","item":"Corte Raso","gravidade":"GRAVE","data":"2023-07-27T00:00:00Z","municipio":"Guarapari","processo":"17732/2023"},"geometry":{"type":"Point","coordinates":[-40.60507053,-20.60826495]}},{"type":"Feature","properties":{"fonte":"IDAF","classificacao":"Florestal","tipo_infracao":"Comercializar","item":"Material de origem nativa","gravidade":"MÉDIA","data":"2023-08-23T00:00:00Z","municipio":"Serra","processo":"16353/2023"},"geometry":{"type":"Point","coordinates":[-40.29289842,-20.11996215]}},{"type":"Feature","properties":{"fonte":"IDAF","classificacao":"Florestal","tipo_infracao":"Sem infração","item":"Sem autuação","gravidade":"","data":"2023-08-17T00:00:00Z","municipio":"Guarapari","processo":"17631/2023"},"geometry":{"type":"Point","coordinates":[-40.53877651,-20.62197559]}},{"type":"Feature","properties":{"fonte":"IDAF","classificacao":"Ambiental","tipo_infracao":"Sem infração","item":"Sem autuação","gravidade":"","data":"2023-08-17T00:00:00Z","municipio":"Guarapari","processo":"18941/2023"},"geometry":{"type":"Point","coordinates":[-40.53958936,-20.62551854]}},{"type":"Feature","properties":{"fonte":"IDAF","classificacao":"Florestal","tipo_infracao":"Desmatar","item":"Corte Raso","gravidade":"GRAVE","data":"2023-07-27T00:00:00Z","municipio":"Guarapari","processo":"17731/2023"},"geometry":{"type":"Point","coordinates":[-40.62099484,-20.59808031]}},{"type":"Feature","properties":{"fonte":"IDAF","classificacao":"Florestal","tipo_infracao":"Comercializar","item":"Material de origem nativa","gravidade":"MÉDIA","data":"2023-09-04T00:00:00Z","municipio":"Vila Velha","processo":"20129/2023"},"geometry":{"type":"Point","coordinates":[-40.37551189,-20.42729313]}},{"type":"Feature","properties":{"fonte":"IDAF","classificacao":"Florestal","tipo_infracao":"Sem infração","item":"Sem autuação","gravidade":"","data":"2023-08-24T00:00:00Z","municipio":"Cariacica","processo":"18741/2023"},"geometry":{"type":"Point","coordinates":[-40.36399287,-20.23846559]}},{"type":"Feature","properties":{"fonte":"IDAF","classificacao":"Florestal","tipo_infracao":"Sem infração","item":"Sem autuação","gravidade":"","data":"2023-09-01T00:00:00Z","municipio":"Serra","processo":"18786/2023"},"geometry":{"type":"Point","coordinates":[-40.23400834,-20.18973621]}},{"type":"Feature","properties":{"fonte":"IDAF","classificacao":"Florestal","tipo_infracao":"Desrespeitar","item":"Embargo/Interdição","gravidade":"GRAVE","data":"2023-08-22T00:00:00Z","municipio":"Vila Velha","processo":"17566/2023"},"geometry":{"type":"Point","coordinates":[-40.29464476,-20.33108101]}},{"type":"Feature","properties":{"fonte":"IDAF","classificacao":"Florestal","tipo_infracao":"Deixar","item":"de renovar","gravidade":"BAIXA","data":"2023-08-26T00:00:00Z","municipio":"Vila Velha","processo":"20132/2023"},"geometry":{"type":"Point","coordinates":[-40.37551189,-20.42729313]}},{"type":"Feature","properties":{"fonte":"IDAF","classificacao":"Florestal","tipo_infracao":"Desmatar","item":"Corte Raso","gravidade":"","data":"2023-09-06T00:00:00Z","municipio":"Vila Velha","processo":"19192/2023"},"geometry":{"type":"Point","coordinates":[-40.36497088,-20.5163183]}},{"type":"Feature","properties":{"fonte":"IDAF","classificacao":"Florestal","tipo_infracao":"Suprimir","item":"por meio de ação antrópica","gravidade":"GRAVE","data":"2023-09-13T00:00:00Z","municipio":"Viana","processo":"18826/2023"},"geometry":{"type":"Point","coordinates":[-40.6074358,-20.43059108]}},{"type":"Feature","properties":{"fonte":"IDAF","classificacao":"Florestal","tipo_infracao":"Corte Seletivo","item":"Em área em uso","gravidade":"BAIXA","data":"2023-09-19T00:00:00Z","municipio":"Serra","processo":"18537/2023"},"geometry":{"type":"Point","coordinates":[-40.29646102,-20.15180163]}},{"type":"Feature","properties":{"fonte":"IDAF","classificacao":"Florestal","tipo_infracao":"Sem infração","item":"Sem autuação","gravidade":"","data":"2023-09-25T00:00:00Z","municipio":"Guarapari","processo":"18821/2023"},"geometry":{"type":"Point","coordinates":[-40.61049841,-20.58062654]}},{"type":"Feature","properties":{"fonte":"IDAF","classificacao":"Florestal","tipo_infracao":"Desmatar","item":"Corte Raso","gravidade":"GRAVE","data":"2023-08-12T00:00:00Z","municipio":"Guarapari","processo":"22329/2023"},"geometry":{"type":"Point","coordinates":[-40.63582204,-20.46779729]}},{"type":"Feature","properties":{"fonte":"IDAF","classificacao":"Florestal","tipo_infracao":"Suprimir","item":"por meio de ação antrópica","gravidade":"GRAVE","data":"2023-08-25T00:00:00Z","municipio":"Serra","processo":"20047/2023"},"geometry":{"type":"Point","coordinates":[-40.20338798,-20.20250706]}},{"type":"Feature","properties":{"fonte":"IDAF","classificacao":"Florestal","tipo_infracao":"Sem infração","item":"Sem autuação","gravidade":"","data":"2023-09-02T00:00:00Z","municipio":"Serra","processo":"20071/2023"},"geometry":{"type":"Point","coordinates":[-40.23506036,-20.164142]}},{"type":"Feature","properties":{"fonte":"IDAF","classificacao":"Florestal","tipo_infracao":"Impedir/Dificultar","item":"Regeneração natural","gravidade":"","data":"2023-09-19T00:00:00Z","municipio":"Vila Velha","processo":"19969/2023"},"geometry":{"type":"Point","coordinates":[-40.26987616,-20.32408919]}},{"type":"Feature","properties":{"fonte":"IDAF","classificacao":"Florestal","tipo_infracao":"Queima","item":"Em área em uso","gravidade":"GRAVE","data":"2023-10-05T00:00:00Z","municipio":"Serra","processo":"19846/2023"},"geometry":{"type":"Point","coordinates":[-40.19185003,-20.16401528]}},{"type":"Feature","properties":{"fonte":"IDAF","classificacao":"Florestal","tipo_infracao":"Impedir/Dificultar","item":"Regeneração natural","gravidade":"GRAVE","data":"2023-08-12T00:00:00Z","municipio":"Viana","processo":"20328/2023"},"geometry":{"type":"Point","coordinates":[-40.44446327,-20.40230661]}},{"type":"Feature","properties":{"fonte":"IDAF","classificacao":"Florestal","tipo_infracao":"Sem infração","item":"Sem autuação","gravidade":"","data":"2023-09-02T00:00:00Z","municipio":"Serra","processo":"20096/2023"},"geometry":{"type":"Point","coordinates":[-40.24326006,-20.20877071]}},{"type":"Feature","properties":{"fonte":"IDAF","classificacao":"Florestal","tipo_infracao":"Sem infração","item":"Sem autuação","gravidade":"","data":"2023-10-24T00:00:00Z","municipio":"Viana","processo":"20922/2023"},"geometry":{"type":"Point","coordinates":[-40.5805953,-20.33304733]}},{"type":"Feature","properties":{"fonte":"IDAF","classificacao":"Florestal","tipo_infracao":"Sem infração","item":"Sem autuação","gravidade":"","data":"2023-10-27T00:00:00Z","municipio":"Guarapari","processo":"21381/2023"},"geometry":{"type":"Point","coordinates":[-40.43826093,-20.61664442]}},{"type":"Feature","properties":{"fonte":"IDAF","classificacao":"Florestal","tipo_infracao":"Desrespeitar","item":"Embargo/Interdição","gravidade":"GRAVE","data":"2023-10-25T00:00:00Z","municipio":"Fundão","processo":"21493/2023"},"geometry":{"type":"Point","coordinates":[-40.44461398,-19.96805388]}},{"type":"Feature","properties":{"fonte":"IDAF","classificacao":"Florestal","tipo_infracao":"Desmatar","item":"Corte Raso","gravidade":"MÉDIA","data":"2023-10-25T00:00:00Z","municipio":"Fundão","processo":"21495/2023"},"geometry":{"type":"Point","coordinates":[-40.44461398,-19.96805388]}},{"type":"Feature","properties":{"fonte":"IDAF","classificacao":"Florestal","tipo_infracao":"Sem infração","item":"Sem autuação","gravidade":"","data":"2023-11-11T00:00:00Z","municipio":"Vitória","processo":"21900/2023"},"geometry":{"type":"Point","coordinates":[-40.29704771,-20.28955824]}},{"type":"Feature","properties":{"fonte":"IDAF","classificacao":"Florestal","tipo_infracao":"Comercializar","item":"Produto ou subproduto florestal","gravidade":"","data":"2023-09-06T00:00:00Z","municipio":"Cariacica","processo":"22137/2023"},"geometry":{"type":"Point","coordinates":[-40.40027572,-20.28166213]}},{"type":"Feature","properties":{"fonte":"IDAF","classificacao":"Florestal","tipo_infracao":"Deixar","item":"de promover a baixa no registro","gravidade":"BAIXA","data":"2023-07-18T00:00:00Z","municipio":"Vila Velha","processo":"23594/2023"},"geometry":{"type":"Point","coordinates":[-40.37551189,-20.42729313]}},{"type":"Feature","properties":{"fonte":"IDAF","classificacao":"Florestal","tipo_infracao":"Sem infração","item":"Sem autuação","gravidade":"","data":"2023-09-20T00:00:00Z","municipio":"Viana","processo":"22725/2023"},"geometry":{"type":"Point","coordinates":[-40.57517444,-20.32830839]}},{"type":"Feature","properties":{"fonte":"IDAF","classificacao":"Florestal","tipo_infracao":"Desmatar","item":"Corte Raso","gravidade":"GRAVE","data":"2023-08-01T00:00:00Z","municipio":"Viana","processo":"23888/2023"},"geometry":{"type":"Point","coordinates":[-40.48975797,-20.41733723]}},{"type":"Feature","properties":{"fonte":"IDAF","classificacao":"Florestal","tipo_infracao":"Desmatar","item":"Corte Raso","gravidade":"MÉDIA","data":"2023-11-20T00:00:00Z","municipio":"Serra","processo":"22840/2023"},"geometry":{"type":"Point","coordinates":[-40.22244865,-20.20082149]}},{"type":"Feature","properties":{"fonte":"IDAF","classificacao":"Florestal","tipo_infracao":"Deixar de cumprir/atender","item":"Notificação do órgão ou entidade ambiental competente no prazo estipulado, sem justificativa prévia","gravidade":"BAIXA","data":"2023-10-17T00:00:00Z","municipio":"Vitória","processo":"23766/2023"},"geometry":{"type":"Point","coordinates":[-40.2951995,-20.30912283]}},{"type":"Feature","properties":{"fonte":"IDAF","classificacao":"Florestal","tipo_infracao":"Sem infração","item":"Sem autuação","gravidade":"","data":"2023-11-22T00:00:00Z","municipio":"Fundão","processo":"23046/2023"},"geometry":{"type":"Point","coordinates":[-40.45990366,-19.92139212]}},{"type":"Feature","properties":{"fonte":"IDAF","classificacao":"Florestal","tipo_infracao":"Sem infração","item":"Sem autuação","gravidade":"","data":"2023-09-19T00:00:00Z","municipio":"Vila Velha","processo":"6767/2024"},"geometry":{"type":"Point","coordinates":[-40.37031629,-20.51570701]}},{"type":"Feature","properties":{"fonte":"IDAF","classificacao":"Florestal","tipo_infracao":"Desmatar","item":"Corte Raso","gravidade":"GRAVE","data":"2023-11-28T00:00:00Z","municipio":"Vila Velha","processo":"24015/2023"},"geometry":{"type":"Point","coordinates":[-40.37551189,-20.42729313]}},{"type":"Feature","properties":{"fonte":"IDAF","classificacao":"Florestal","tipo_infracao":"Comercializar","item":"Material de origem nativa","gravidade":"GRAVE","data":"2023-12-18T00:00:00Z","municipio":"Serra","processo":"24515/2023"},"geometry":{"type":"Point","coordinates":[-40.2764529,-20.23479666]}},{"type":"Feature","properties":{"fonte":"IDAF","classificacao":"Florestal","tipo_infracao":"Sem infração","item":"Sem autuação","gravidade":"","data":"2023-12-14T00:00:00Z","municipio":"Guarapari","processo":"4782/2024"},"geometry":{"type":"Point","coordinates":[-40.57976071,-20.61385497]}},{"type":"Feature","properties":{"fonte":"IDAF","classificacao":"Florestal","tipo_infracao":"Sem infração","item":"Sem autuação","gravidade":"","data":"2023-12-16T00:00:00Z","municipio":"Fundão","processo":"1396/2024"},"geometry":{"type":"Point","coordinates":[-40.423785,-19.991685]}},{"type":"Feature","properties":{"fonte":"IDAF","classificacao":"Florestal","tipo_infracao":"Sem infração","item":"Sem autuação","gravidade":"","data":"2023-12-22T00:00:00Z","municipio":"Guarapari","processo":"4786/2024"},"geometry":{"type":"Point","coordinates":[-40.58833772,-20.61286397]}},{"type":"Feature","properties":{"fonte":"IDAF","classificacao":"Florestal","tipo_infracao":"Sem infração","item":"Sem autuação","gravidade":"","data":"2024-01-07T00:00:00Z","municipio":"Fundão","processo":"253/2024"},"geometry":{"type":"Point","coordinates":[-40.35474214,-19.94664576]}},{"type":"Feature","properties":{"fonte":"IDAF","classificacao":"Florestal","tipo_infracao":"Sem infração","item":"Sem autuação","gravidade":"","data":"2024-01-07T00:00:00Z","municipio":"Fundão","processo":"254/2024"},"geometry":{"type":"Point","coordinates":[-40.36089273,-19.9262795]}},{"type":"Feature","properties":{"fonte":"IDAF","classificacao":"Florestal","tipo_infracao":"Sem infração","item":"Sem autuação","gravidade":"","data":"2023-12-29T00:00:00Z","municipio":"Cariacica","processo":"2771/2024"},"geometry":{"type":"Point","coordinates":[-40.41306961,-20.34624472]}},{"type":"Feature","properties":{"fonte":"IDAF","classificacao":"Ambiental","tipo_infracao":"Sem infração","item":"Sem autuação","gravidade":"","data":"2023-11-22T00:00:00Z","municipio":"Serra","processo":"1086/2024"},"geometry":{"type":"Point","coordinates":[-40.18073531,-20.11991774]}},{"type":"Feature","properties":{"fonte":"IDAF","classificacao":"Florestal","tipo_infracao":"Comercializar","item":"Material de origem nativa","gravidade":"GRAVE","data":"2023-12-18T00:00:00Z","municipio":"Serra","processo":"749/2024"},"geometry":{"type":"Point","coordinates":[-40.2764529,-20.23479666]}},{"type":"Feature","properties":{"fonte":"IDAF","classificacao":"Florestal","tipo_infracao":"Armazenar","item":"Material de origem nativa","gravidade":"GRAVE","data":"2023-12-18T00:00:00Z","municipio":"Serra","processo":"715/2024"},"geometry":{"type":"Point","coordinates":[-40.2764529,-20.23479666]}},{"type":"Feature","properties":{"fonte":"IDAF","classificacao":"Florestal","tipo_infracao":"Suprimir","item":"por meio de ação antrópica","gravidade":"GRAVE","data":"2023-01-02T00:00:00Z","municipio":"Guarapari","processo":"1111/2024"},"geometry":{"type":"Point","coordinates":[-40.52357597,-20.53680537]}},{"type":"Feature","properties":{"fonte":"IDAF","classificacao":"Florestal","tipo_infracao":"Suprimir","item":"por meio de ação antrópica","gravidade":"GRAVE","data":"2024-01-02T00:00:00Z","municipio":"Guarapari","processo":"1114/2024"},"geometry":{"type":"Point","coordinates":[-40.52357597,-20.53680537]}},{"type":"Feature","properties":{"fonte":"IDAF","classificacao":"Florestal","tipo_infracao":"Suprimir","item":"por meio de ação antrópica","gravidade":"GRAVE","data":"2024-01-02T00:00:00Z","municipio":"Guarapari","processo":"1116/2024"},"geometry":{"type":"Point","coordinates":[-40.52357597,-20.53680537]}},{"type":"Feature","properties":{"fonte":"IDAF","classificacao":"Florestal","tipo_infracao":"Armazenar","item":"Material de origem nativa","gravidade":"GRAVE","data":"2024-01-23T00:00:00Z","municipio":"Cariacica","processo":"3550/2024"},"geometry":{"type":"Point","coordinates":[-40.46755083,-20.30647915]}},{"type":"Feature","properties":{"fonte":"IDAF","classificacao":"Florestal","tipo_infracao":"Cortar, suprimir ou explorar","item":"Reflorestamento puro","gravidade":"BAIXA","data":"2023-12-27T00:00:00Z","municipio":"Serra","processo":"1930/2024"},"geometry":{"type":"Point","coordinates":[-40.39392127,-20.05155077]}},{"type":"Feature","properties":{"fonte":"IDAF","classificacao":"Florestal","tipo_infracao":"Queima","item":"Em fragmento florestal","gravidade":"GRAVE","data":"2023-12-21T00:00:00Z","municipio":"Serra","processo":"3230/2024"},"geometry":{"type":"Point","coordinates":[-40.19003088,-20.10573343]}},{"type":"Feature","properties":{"fonte":"IDAF","classificacao":"Florestal","tipo_infracao":"Sem infração","item":"Sem autuação","gravidade":"","data":"2024-01-18T00:00:00Z","municipio":"Serra","processo":"2824/2024"},"geometry":{"type":"Point","coordinates":[-40.40497509,-20.04529268]}},{"type":"Feature","properties":{"fonte":"IDAF","classificacao":"Florestal","tipo_infracao":"Desmatar","item":"Corte Raso","gravidade":"GRAVE","data":"2023-12-21T00:00:00Z","municipio":"Serra","processo":"3586/2024"},"geometry":{"type":"Point","coordinates":[-40.18816828,-20.1047973]}},{"type":"Feature","properties":{"fonte":"IDAF","classificacao":"Florestal","tipo_infracao":"Sem infração","item":"Sem autuação","gravidade":"","data":"2024-02-08T00:00:00Z","municipio":"Serra","processo":"2412/2024"},"geometry":{"type":"Point","coordinates":[-40.25026445,-20.15700551]}},{"type":"Feature","properties":{"fonte":"IDAF","classificacao":"Florestal","tipo_infracao":"Queima","item":"Em fragmento florestal","gravidade":"GRAVE","data":"2023-12-21T00:00:00Z","municipio":"Serra","processo":"3588/2024"},"geometry":{"type":"Point","coordinates":[-40.18816828,-20.1047973]}},{"type":"Feature","properties":{"fonte":"IDAF","classificacao":"Florestal","tipo_infracao":"Desmatar","item":"Corte Raso","gravidade":"GRAVE","data":"2023-12-21T00:00:00Z","municipio":"Serra","processo":"3587/2024"},"geometry":{"type":"Point","coordinates":[-40.18816828,-20.1047973]}},{"type":"Feature","properties":{"fonte":"IDAF","classificacao":"Florestal","tipo_infracao":"Sem infração","item":"Sem autuação","gravidade":"","data":"2024-02-08T00:00:00Z","municipio":"Vila Velha","processo":"2736/2024"},"geometry":{"type":"Point","coordinates":[-40.33837518,-20.40187069]}},{"type":"Feature","properties":{"fonte":"IDAF","classificacao":"Florestal","tipo_infracao":"Sem infração","item":"Sem autuação","gravidade":"","data":"2024-02-18T00:00:00Z","municipio":"Cariacica","processo":"2762/2024"},"geometry":{"type":"Point","coordinates":[-40.36103226,-20.32371055]}},{"type":"Feature","properties":{"fonte":"IDAF","classificacao":"Florestal","tipo_infracao":"Desmatar","item":"Corte Raso","gravidade":"","data":"2023-09-19T00:00:00Z","municipio":"Vila Velha","processo":"3282/2024"},"geometry":{"type":"Point","coordinates":[-40.36598448,-20.51599413]}},{"type":"Feature","properties":{"fonte":"IDAF","classificacao":"Florestal","tipo_infracao":"Desmatar","item":"Corte Raso","gravidade":"","data":"2023-09-19T00:00:00Z","municipio":"Vila Velha","processo":"3283/2024"},"geometry":{"type":"Point","coordinates":[-40.36617601,-20.51596552]}},{"type":"Feature","properties":{"fonte":"IDAF","classificacao":"Florestal","tipo_infracao":"Desrespeitar","item":"Embargo/Interdição","gravidade":"","data":"2023-09-19T00:00:00Z","municipio":"Vila Velha","processo":"3281/2024"},"geometry":{"type":"Point","coordinates":[-40.36927735,-20.51533578]}},{"type":"Feature","properties":{"fonte":"IDAF","classificacao":"Florestal","tipo_infracao":"Desmatar","item":"Corte Raso","gravidade":"GRAVE","data":"2024-02-22T00:00:00Z","municipio":"Serra","processo":"3409/2024"},"geometry":{"type":"Point","coordinates":[-40.34173436,-20.08140767]}},{"type":"Feature","properties":{"fonte":"IDAF","classificacao":"Florestal","tipo_infracao":"Desmatar","item":"Corte Raso","gravidade":"GRAVE","data":"2024-02-22T00:00:00Z","municipio":"Serra","processo":"3390/2024"},"geometry":{"type":"Point","coordinates":[-40.34173436,-20.08140767]}},{"type":"Feature","properties":{"fonte":"IDAF","classificacao":"Florestal","tipo_infracao":"Desmatar","item":"Corte Raso","gravidade":"GRAVE","data":"2024-03-07T00:00:00Z","municipio":"Serra","processo":"4499/2024"},"geometry":{"type":"Point","coordinates":[-40.35731627,-20.06858586]}},{"type":"Feature","properties":{"fonte":"IDAF","classificacao":"Florestal","tipo_infracao":"Sem infração","item":"Sem autuação","gravidade":"","data":"2024-03-13T00:00:00Z","municipio":"Serra","processo":"4278/2024"},"geometry":{"type":"Point","coordinates":[-40.33614485,-20.13040905]}},{"type":"Feature","properties":{"fonte":"IDAF","classificacao":"Florestal","tipo_infracao":"Sem infração","item":"Sem autuação","gravidade":"","data":"2024-03-13T00:00:00Z","municipio":"Guarapari","processo":"4292/2024"},"geometry":{"type":"Point","coordinates":[-40.48434901,-20.61583911]}},{"type":"Feature","properties":{"fonte":"IDAF","classificacao":"Florestal","tipo_infracao":"Desmatar","item":"Corte Raso","gravidade":"GRAVE","data":"2023-12-19T00:00:00Z","municipio":"Guarapari","processo":"9562/2024"},"geometry":{"type":"Point","coordinates":[-40.62651485,-20.53050422]}},{"type":"Feature","properties":{"fonte":"IDAF","classificacao":"Florestal","tipo_infracao":"Desmatar","item":"Corte Raso","gravidade":"","data":"2024-04-04T00:00:00Z","municipio":"Guarapari","processo":"6200/2024"},"geometry":{"type":"Point","coordinates":[-40.56541019,-20.66012857]}},{"type":"Feature","properties":{"fonte":"IDAF","classificacao":"Florestal","tipo_infracao":"Desrespeitar","item":"Embargo/Interdição","gravidade":"GRAVE","data":"2024-02-06T00:00:00Z","municipio":"Vila Velha","processo":"5072/2024"},"geometry":{"type":"Point","coordinates":[-40.36602134,-20.48337126]}},{"type":"Feature","properties":{"fonte":"IDAF","classificacao":"Florestal","tipo_infracao":"Desmatar","item":"Corte Raso","gravidade":"GRAVE","data":"2024-03-13T00:00:00Z","municipio":"Vila Velha","processo":"5038/2024"},"geometry":{"type":"Point","coordinates":[-40.37012149,-20.45492628]}},{"type":"Feature","properties":{"fonte":"IDAF","classificacao":"Florestal","tipo_infracao":"Suprimir","item":"por meio de ação antrópica","gravidade":"GRAVE","data":"2024-03-27T00:00:00Z","municipio":"Cariacica","processo":"9117/2024"},"geometry":{"type":"Point","coordinates":[-40.35461085,-20.2570861]}},{"type":"Feature","properties":{"fonte":"IDAF","classificacao":"Florestal","tipo_infracao":"Suprimir","item":"por meio de ação antrópica","gravidade":"GRAVE","data":"2024-03-27T00:00:00Z","municipio":"Cariacica","processo":"9119/2024"},"geometry":{"type":"Point","coordinates":[-40.35461085,-20.2570861]}},{"type":"Feature","properties":{"fonte":"IDAF","classificacao":"Florestal","tipo_infracao":"Comercializar","item":"Produto ou subproduto florestal","gravidade":"MÉDIA","data":"2024-03-28T00:00:00Z","municipio":"Serra","processo":"6412/2024"},"geometry":{"type":"Point","coordinates":[-40.24582098,-20.17215237]}},{"type":"Feature","properties":{"fonte":"IDAF","classificacao":"Florestal","tipo_infracao":"Desrespeitar","item":"Embargo/Interdição","gravidade":"GRAVE","data":"2024-03-26T00:00:00Z","municipio":"Vila Velha","processo":"9123/2024"},"geometry":{"type":"Point","coordinates":[-40.42623196,-20.47125149]}},{"type":"Feature","properties":{"fonte":"IDAF","classificacao":"Florestal","tipo_infracao":"Desrespeitar","item":"Embargo/Interdição","gravidade":"GRAVE","data":"2024-04-03T00:00:00Z","municipio":"Vila Velha","processo":"11435/2024"},"geometry":{"type":"Point","coordinates":[-40.42446616,-20.48142931]}},{"type":"Feature","properties":{"fonte":"IDAF","classificacao":"Florestal","tipo_infracao":"Danificar","item":"por meio de ação antrópica","gravidade":"GRAVE","data":"2024-03-26T00:00:00Z","municipio":"Cariacica","processo":"9118/2024"},"geometry":{"type":"Point","coordinates":[-40.35461085,-20.2570861]}},{"type":"Feature","properties":{"fonte":"IDAF","classificacao":"Florestal","tipo_infracao":"Armazenar","item":"Material de origem nativa","gravidade":"","data":"2024-04-05T00:00:00Z","municipio":"Serra","processo":"2502/2024"},"geometry":{"type":"Point","coordinates":[-40.28552286,-20.22493683]}},{"type":"Feature","properties":{"fonte":"IDAF","classificacao":"Florestal","tipo_infracao":"Desmatar","item":"Corte Raso","gravidade":"GRAVE","data":"2024-04-03T00:00:00Z","municipio":"Fundão","processo":"6967/2024"},"geometry":{"type":"Point","coordinates":[-40.2754032,-20.01819403]}},{"type":"Feature","properties":{"fonte":"IDAF","classificacao":"Florestal","tipo_infracao":"Desmatar","item":"Corte Raso","gravidade":"MÉDIA","data":"2024-04-03T00:00:00Z","municipio":"Fundão","processo":"6965/2024"},"geometry":{"type":"Point","coordinates":[-40.2754032,-20.01819403]}},{"type":"Feature","properties":{"fonte":"IDAF","classificacao":"Florestal","tipo_infracao":"Sem infração","item":"Sem autuação","gravidade":"","data":"2024-04-09T00:00:00Z","municipio":"Guarapari","processo":"7927/2024"},"geometry":{"type":"Point","coordinates":[-40.50641457,-20.65449294]}},{"type":"Feature","properties":{"fonte":"IDAF","classificacao":"Florestal","tipo_infracao":"Comercializar","item":"Material de origem nativa","gravidade":"MÉDIA","data":"2024-04-10T00:00:00Z","municipio":"Vila Velha","processo":"9120/2024"},"geometry":{"type":"Point","coordinates":[-40.28789562,-20.34074368]}},{"type":"Feature","properties":{"fonte":"IDAF","classificacao":"Florestal","tipo_infracao":"Armazenar","item":"Material de origem nativa","gravidade":"GRAVE","data":"2024-04-10T00:00:00Z","municipio":"Vila Velha","processo":"9121/2024"},"geometry":{"type":"Point","coordinates":[-40.28789562,-20.34074368]}},{"type":"Feature","properties":{"fonte":"IDAF","classificacao":"Ambiental","tipo_infracao":"Sem infração","item":"Sem autuação","gravidade":"","data":"2024-04-10T00:00:00Z","municipio":"Fundão","processo":"6772/2024"},"geometry":{"type":"Point","coordinates":[-40.45870236,-19.91748101]}},{"type":"Feature","properties":{"fonte":"IDAF","classificacao":"Florestal","tipo_infracao":"Sem infração","item":"Sem autuação","gravidade":"","data":"2024-04-19T00:00:00Z","municipio":"Guarapari","processo":"7256/2024"},"geometry":{"type":"Point","coordinates":[-40.48751759,-20.61704948]}},{"type":"Feature","properties":{"fonte":"IDAF","classificacao":"Florestal","tipo_infracao":"Corte Seletivo","item":"Em área em uso","gravidade":"MÉDIA","data":"2024-04-22T00:00:00Z","municipio":"Guarapari","processo":"7850/2024"},"geometry":{"type":"Point","coordinates":[-40.39443325,-20.53370053]}},{"type":"Feature","properties":{"fonte":"IDAF","classificacao":"Ambiental","tipo_infracao":"Sem infração","item":"Sem autuação","gravidade":"","data":"2024-04-22T00:00:00Z","municipio":"Vila Velha","processo":"7371/2024"},"geometry":{"type":"Point","coordinates":[-40.36055086,-20.51205273]}},{"type":"Feature","properties":{"fonte":"IDAF","classificacao":"Florestal","tipo_infracao":"Desmatar","item":"Corte Raso","gravidade":"GRAVE","data":"2024-04-10T00:00:00Z","municipio":"Guarapari","processo":"7928/2024"},"geometry":{"type":"Point","coordinates":[-40.55773306,-20.71101127]}},{"type":"Feature","properties":{"fonte":"IDAF","classificacao":"Ambiental","tipo_infracao":"Sem infração","item":"Sem autuação","gravidade":"","data":"2024-04-02T00:00:00Z","municipio":"Vila Velha","processo":"7678/2024"},"geometry":{"type":"Point","coordinates":[-40.3569448,-20.49565671]}},{"type":"Feature","properties":{"fonte":"IDAF","classificacao":"Ambiental","tipo_infracao":"Sem infração","item":"Sem autuação","gravidade":"","data":"2024-04-02T00:00:00Z","municipio":"Vila Velha","processo":"7684/2024"},"geometry":{"type":"Point","coordinates":[-40.3232776,-20.35743704]}},{"type":"Feature","properties":{"fonte":"IDAF","classificacao":"Florestal","tipo_infracao":"Sem infração","item":"Sem autuação","gravidade":"","data":"2024-01-22T00:00:00Z","municipio":"Cariacica","processo":"7760/2024"},"geometry":{"type":"Point","coordinates":[-40.37572956,-20.31892476]}},{"type":"Feature","properties":{"fonte":"IDAF","classificacao":"Florestal","tipo_infracao":"Sem infração","item":"Sem autuação","gravidade":"","data":"2024-03-22T00:00:00Z","municipio":"Guarapari","processo":"7761/2024"},"geometry":{"type":"Point","coordinates":[-40.5442299,-20.63656129]}},{"type":"Feature","properties":{"fonte":"IDAF","classificacao":"Florestal","tipo_infracao":"Cortar, suprimir ou explorar","item":"Reflorestamento misto","gravidade":"","data":"2024-04-16T00:00:00Z","municipio":"Cariacica","processo":"9256/2024"},"geometry":{"type":"Point","coordinates":[-40.37655242,-20.31883697]}},{"type":"Feature","properties":{"fonte":"IDAF","classificacao":"Ambiental","tipo_infracao":"Sem infração","item":"Sem autuação","gravidade":"","data":"2024-04-29T00:00:00Z","municipio":"Guarapari","processo":"7852/2024"},"geometry":{"type":"Point","coordinates":[-40.61195949,-20.57086592]}},{"type":"Feature","properties":{"fonte":"IDAF","classificacao":"Florestal","tipo_infracao":"Comercializar","item":"Material de origem nativa","gravidade":"MÉDIA","data":"2024-04-26T00:00:00Z","municipio":"Vila Velha","processo":"9049/2024"},"geometry":{"type":"Point","coordinates":[-40.35464446,-20.4268966]}},{"type":"Feature","properties":{"fonte":"IDAF","classificacao":"Florestal","tipo_infracao":"Armazenar","item":"Material de origem nativa","gravidade":"GRAVE","data":"2024-04-26T00:00:00Z","municipio":"Vila Velha","processo":"9056/2024"},"geometry":{"type":"Point","coordinates":[-40.33345565,-20.37357644]}},{"type":"Feature","properties":{"fonte":"IDAF","classificacao":"Florestal","tipo_infracao":"Queima","item":"Em fragmento florestal","gravidade":"GRAVE","data":"2023-12-21T00:00:00Z","municipio":"Serra","processo":"8103/2024"},"geometry":{"type":"Point","coordinates":[-40.18816828,-20.1047973]}},{"type":"Feature","properties":{"fonte":"IDAF","classificacao":"Florestal","tipo_infracao":"Queima","item":"Em fragmento florestal","gravidade":"GRAVE","data":"2023-12-21T00:00:00Z","municipio":"Serra","processo":"8102/2024"},"geometry":{"type":"Point","coordinates":[-40.18816828,-20.1047973]}},{"type":"Feature","properties":{"fonte":"IDAF","classificacao":"Florestal","tipo_infracao":"Sem infração","item":"Sem autuação","gravidade":"","data":"2024-05-06T00:00:00Z","municipio":"Guarapari","processo":"8171/2024"},"geometry":{"type":"Point","coordinates":[-40.51047184,-20.56860137]}},{"type":"Feature","properties":{"fonte":"IDAF","classificacao":"Ambiental","tipo_infracao":"Sem infração","item":"Sem autuação","gravidade":"","data":"2024-05-06T00:00:00Z","municipio":"Guarapari","processo":"8198/2024"},"geometry":{"type":"Point","coordinates":[-40.50435544,-20.57286435]}},{"type":"Feature","properties":{"fonte":"IDAF","classificacao":"Ambiental","tipo_infracao":"Sem infração","item":"Sem autuação","gravidade":"","data":"2024-05-08T00:00:00Z","municipio":"Guarapari","processo":"8393/2024"},"geometry":{"type":"Point","coordinates":[-40.53787423,-20.63149598]}},{"type":"Feature","properties":{"fonte":"IDAF","classificacao":"Florestal","tipo_infracao":"Sem infração","item":"Sem autuação","gravidade":"","data":"2024-05-08T00:00:00Z","municipio":"Guarapari","processo":"8395/2024"},"geometry":{"type":"Point","coordinates":[-40.5327441,-20.62899412]}},{"type":"Feature","properties":{"fonte":"IDAF","classificacao":"Ambiental","tipo_infracao":"Sem infração","item":"Sem autuação","gravidade":"","data":"2024-05-08T00:00:00Z","municipio":"Guarapari","processo":"8396/2024"},"geometry":{"type":"Point","coordinates":[-40.53478325,-20.63330309]}},{"type":"Feature","properties":{"fonte":"IDAF","classificacao":"Florestal","tipo_infracao":"Sem infração","item":"Sem autuação","gravidade":"","data":"2024-05-08T00:00:00Z","municipio":"Guarapari","processo":"8397/2024"},"geometry":{"type":"Point","coordinates":[-40.52404891,-20.63078745]}},{"type":"Feature","properties":{"fonte":"IDAF","classificacao":"Ambiental","tipo_infracao":"Sem infração","item":"Sem autuação","gravidade":"","data":"2024-05-08T00:00:00Z","municipio":"Guarapari","processo":"8398/2024"},"geometry":{"type":"Point","coordinates":[-40.5210383,-20.62428268]}},{"type":"Feature","properties":{"fonte":"IDAF","classificacao":"Ambiental","tipo_infracao":"Sem infração","item":"Sem autuação","gravidade":"","data":"2024-05-08T00:00:00Z","municipio":"Guarapari","processo":"8399/2024"},"geometry":{"type":"Point","coordinates":[-40.51990281,-20.62975803]}},{"type":"Feature","properties":{"fonte":"IDAF","classificacao":"Florestal","tipo_infracao":"Desmatar","item":"Corte Raso","gravidade":"GRAVE","data":"2024-05-09T00:00:00Z","municipio":"Guarapari","processo":"8567/2024"},"geometry":{"type":"Point","coordinates":[-40.54060236,-20.62415447]}},{"type":"Feature","properties":{"fonte":"IDAF","classificacao":"Florestal","tipo_infracao":"Desmatar","item":"Corte Raso","gravidade":"GRAVE","data":"2024-05-09T00:00:00Z","municipio":"Guarapari","processo":"9272/2024"},"geometry":{"type":"Point","coordinates":[-40.54060236,-20.62415447]}},{"type":"Feature","properties":{"fonte":"IDAF","classificacao":"Florestal","tipo_infracao":"Desmatar","item":"Corte Raso","gravidade":"GRAVE","data":"2024-05-06T00:00:00Z","municipio":"Guarapari","processo":"9673/2024"},"geometry":{"type":"Point","coordinates":[-40.42667169,-20.54773003]}},{"type":"Feature","properties":{"fonte":"IDAF","classificacao":"Florestal","tipo_infracao":"Desrespeitar","item":"Embargo/Interdição","gravidade":"GRAVE","data":"2024-05-09T00:00:00Z","municipio":"Guarapari","processo":"9273/2024"},"geometry":{"type":"Point","coordinates":[-40.53736313,-20.61786886]}},{"type":"Feature","properties":{"fonte":"IDAF","classificacao":"Florestal","tipo_infracao":"Desmatar","item":"Corte Raso","gravidade":"GRAVE","data":"2024-05-08T00:00:00Z","municipio":"Guarapari","processo":"9670/2024"},"geometry":{"type":"Point","coordinates":[-40.53881374,-20.60084569]}},{"type":"Feature","properties":{"fonte":"IDAF","classificacao":"Florestal","tipo_infracao":"Impedir/Dificultar","item":"Regeneração natural","gravidade":"GRAVE","data":"2024-05-06T00:00:00Z","municipio":"Guarapari","processo":"9261/2024"},"geometry":{"type":"Point","coordinates":[-40.48888631,-20.56333194]}},{"type":"Feature","properties":{"fonte":"IDAF","classificacao":"Florestal","tipo_infracao":"Desmatar","item":"Corte Raso","gravidade":"GRAVE","data":"2024-05-08T00:00:00Z","municipio":"Guarapari","processo":"9514/2024"},"geometry":{"type":"Point","coordinates":[-40.53792284,-20.60098009]}},{"type":"Feature","properties":{"fonte":"IDAF","classificacao":"Florestal","tipo_infracao":"Desmatar","item":"Corte Raso","gravidade":"GRAVE","data":"2024-05-08T00:00:00Z","municipio":"Guarapari","processo":"9671/2024"},"geometry":{"type":"Point","coordinates":[-40.53896072,-20.60115152]}},{"type":"Feature","properties":{"fonte":"IDAF","classificacao":"Florestal","tipo_infracao":"Sem infração","item":"Sem autuação","gravidade":"","data":"2024-05-07T00:00:00Z","municipio":"Guarapari","processo":"8722/2024"},"geometry":{"type":"Point","coordinates":[-40.48696006,-20.57935638]}},{"type":"Feature","properties":{"fonte":"IDAF","classificacao":"Florestal","tipo_infracao":"Desmatar","item":"Corte Raso","gravidade":"","data":"2024-05-14T00:00:00Z","municipio":"Guarapari","processo":"8727/2024"},"geometry":{"type":"Point","coordinates":[-40.52701943,-20.60341644]}},{"type":"Feature","properties":{"fonte":"IDAF","classificacao":"Florestal","tipo_infracao":"Desmatar","item":"Corte Raso","gravidade":"","data":"2024-05-14T00:00:00Z","municipio":"Guarapari","processo":"8728/2024"},"geometry":{"type":"Point","coordinates":[-40.52936743,-20.62141775]}},{"type":"Feature","properties":{"fonte":"IDAF","classificacao":"Florestal","tipo_infracao":"Desmatar","item":"Corte Raso","gravidade":"GRAVE","data":"2024-05-08T00:00:00Z","municipio":"Guarapari","processo":"12786/2024"},"geometry":{"type":"Point","coordinates":[-40.59771011,-20.55929068]}},{"type":"Feature","properties":{"fonte":"IDAF","classificacao":"Florestal","tipo_infracao":"Desmatar","item":"Corte Raso","gravidade":"GRAVE","data":"2024-05-08T00:00:00Z","municipio":"Guarapari","processo":"9588/2024"},"geometry":{"type":"Point","coordinates":[-40.53654676,-20.57854378]}},{"type":"Feature","properties":{"fonte":"IDAF","classificacao":"Ambiental","tipo_infracao":"Construir obra considerada poluidora","item":"Sem licença ou autorização do órgão ambiental competente","gravidade":"MÉDIA","data":"2024-05-07T00:00:00Z","municipio":"Guarapari","processo":"9708/2024"},"geometry":{"type":"Point","coordinates":[-40.44377601,-20.56238595]}},{"type":"Feature","properties":{"fonte":"IDAF","classificacao":"Florestal","tipo_infracao":"Desmatar","item":"Corte Raso","gravidade":"GRAVE","data":"2024-05-08T00:00:00Z","municipio":"Guarapari","processo":"10361/2024"},"geometry":{"type":"Point","coordinates":[-40.59325345,-20.56330646]}},{"type":"Feature","properties":{"fonte":"IDAF","classificacao":"Florestal","tipo_infracao":"Desmatar","item":"Corte Raso","gravidade":"GRAVE","data":"2024-05-07T00:00:00Z","municipio":"Guarapari","processo":"9710/2024"},"geometry":{"type":"Point","coordinates":[-40.44392854,-20.56228531]}},{"type":"Feature","properties":{"fonte":"IDAF","classificacao":"Florestal","tipo_infracao":"Desmatar","item":"Corte Raso","gravidade":"GRAVE","data":"2024-05-06T00:00:00Z","municipio":"Guarapari","processo":"10155/2024"},"geometry":{"type":"Point","coordinates":[-40.45163702,-20.5984287]}},{"type":"Feature","properties":{"fonte":"IDAF","classificacao":"Florestal","tipo_infracao":"Desmatar","item":"Sub-bosque","gravidade":"GRAVE","data":"2024-05-08T00:00:00Z","municipio":"Guarapari","processo":"9487/2024"},"geometry":{"type":"Point","coordinates":[-40.59771011,-20.55929068]}},{"type":"Feature","properties":{"fonte":"IDAF","classificacao":"Florestal","tipo_infracao":"Desmatar","item":"Corte Raso","gravidade":"GRAVE","data":"2024-05-08T00:00:00Z","municipio":"Guarapari","processo":"9591/2024"},"geometry":{"type":"Point","coordinates":[-40.52242151,-20.5683883]}},{"type":"Feature","properties":{"fonte":"IDAF","classificacao":"Florestal","tipo_infracao":"Sem infração","item":"Sem autuação","gravidade":"","data":"2024-05-14T00:00:00Z","municipio":"Guarapari","processo":"8873/2024"},"geometry":{"type":"Point","coordinates":[-40.49216356,-20.58866153]}},{"type":"Feature","properties":{"fonte":"IDAF","classificacao":"Florestal","tipo_infracao":"Desmatar","item":"Corte Raso","gravidade":"GRAVE","data":"2024-05-08T00:00:00Z","municipio":"Guarapari","processo":"10373/2024"},"geometry":{"type":"Point","coordinates":[-40.5937421,-20.5632568]}},{"type":"Feature","properties":{"fonte":"IDAF","classificacao":"Florestal","tipo_infracao":"Desmatar","item":"Corte Raso","gravidade":"GRAVE","data":"2024-05-04T00:00:00Z","municipio":"Guarapari","processo":"12115/2024"},"geometry":{"type":"Point","coordinates":[-40.61377524,-20.56566384]}},{"type":"Feature","properties":{"fonte":"IDAF","classificacao":"Florestal","tipo_infracao":"Desmatar","item":"Corte Raso","gravidade":"GRAVE","data":"2024-05-04T00:00:00Z","municipio":"Guarapari","processo":"12116/2024"},"geometry":{"type":"Point","coordinates":[-40.61111516,-20.57267142]}},{"type":"Feature","properties":{"fonte":"IDAF","classificacao":"Florestal","tipo_infracao":"Desmatar","item":"Corte Raso","gravidade":"GRAVE","data":"2024-05-04T00:00:00Z","municipio":"Guarapari","processo":"12117/2024"},"geometry":{"type":"Point","coordinates":[-40.61111516,-20.57267142]}},{"type":"Feature","properties":{"fonte":"IDAF","classificacao":"Florestal","tipo_infracao":"Sem infração","item":"Sem autuação","gravidade":"","data":"2024-04-18T00:00:00Z","municipio":"Serra","processo":"8915/2024"},"geometry":{"type":"Point","coordinates":[-40.2071395,-20.20994419]}},{"type":"Feature","properties":{"fonte":"IDAF","classificacao":"Florestal","tipo_infracao":"Sem infração","item":"Sem autuação","gravidade":"","data":"2024-05-16T00:00:00Z","municipio":"Guarapari","processo":"8916/2024"},"geometry":{"type":"Point","coordinates":[-40.52103013,-20.72848514]}},{"type":"Feature","properties":{"fonte":"IDAF","classificacao":"Florestal","tipo_infracao":"Desmatar","item":"Corte Raso","gravidade":"GRAVE","data":"2024-05-07T00:00:00Z","municipio":"Guarapari","processo":"10154/2024"},"geometry":{"type":"Point","coordinates":[-40.44991272,-20.6078384]}},{"type":"Feature","properties":{"fonte":"IDAF","classificacao":"Florestal","tipo_infracao":"Sem infração","item":"Sem autuação","gravidade":"","data":"2024-05-16T00:00:00Z","municipio":"Guarapari","processo":"8917/2024"},"geometry":{"type":"Point","coordinates":[-40.45288254,-20.53640051]}},{"type":"Feature","properties":{"fonte":"IDAF","classificacao":"Florestal","tipo_infracao":"Sem infração","item":"Sem autuação","gravidade":"","data":"2024-05-07T00:00:00Z","municipio":"Guarapari","processo":"10219/2024"},"geometry":{"type":"Point","coordinates":[-40.48340214,-20.58343405]}},{"type":"Feature","properties":{"fonte":"IDAF","classificacao":"Florestal","tipo_infracao":"Desmatar","item":"Corte Raso","gravidade":"GRAVE","data":"2024-05-09T00:00:00Z","municipio":"Guarapari","processo":"9611/2024"},"geometry":{"type":"Point","coordinates":[-40.53475972,-20.5725071]}},{"type":"Feature","properties":{"fonte":"IDAF","classificacao":"Florestal","tipo_infracao":"Desmatar","item":"Corte Raso","gravidade":"GRAVE","data":"2024-05-09T00:00:00Z","municipio":"Guarapari","processo":"9552/2024"},"geometry":{"type":"Point","coordinates":[-40.5361634,-20.62548581]}},{"type":"Feature","properties":{"fonte":"IDAF","classificacao":"Florestal","tipo_infracao":"Desmatar","item":"Corte Raso","gravidade":"GRAVE","data":"2024-05-08T00:00:00Z","municipio":"Guarapari","processo":"9494/2024"},"geometry":{"type":"Point","coordinates":[-40.59771011,-20.55929068]}},{"type":"Feature","properties":{"fonte":"IDAF","classificacao":"Ambiental","tipo_infracao":"Construir estabelecimento considerado poluidor","item":"Sem licença ou autorização do órgão ambiental competente","gravidade":"GRAVE","data":"2024-05-08T00:00:00Z","municipio":"Guarapari","processo":"12782/2024"},"geometry":{"type":"Point","coordinates":[-40.59771011,-20.55929068]}},{"type":"Feature","properties":{"fonte":"IDAF","classificacao":"Florestal","tipo_infracao":"Desrespeitar","item":"Embargo/Interdição","gravidade":"GRAVE","data":"2024-05-09T00:00:00Z","municipio":"Guarapari","processo":"9553/2024"},"geometry":{"type":"Point","coordinates":[-40.5361634,-20.62548581]}},{"type":"Feature","properties":{"fonte":"IDAF","classificacao":"Florestal","tipo_infracao":"Desmatar","item":"Corte Raso","gravidade":"GRAVE","data":"2024-05-07T00:00:00Z","municipio":"Guarapari","processo":"9508/2024"},"geometry":{"type":"Point","coordinates":[-40.59929363,-20.5298812]}},{"type":"Feature","properties":{"fonte":"IDAF","classificacao":"Florestal","tipo_infracao":"Sem infração","item":"Sem autuação","gravidade":"","data":"2024-05-09T00:00:00Z","municipio":"Guarapari","processo":"8980/2024"},"geometry":{"type":"Point","coordinates":[-40.5376767,-20.61947404]}},{"type":"Feature","properties":{"fonte":"IDAF","classificacao":"Florestal","tipo_infracao":"Suprimir","item":"por meio de ação antrópica","gravidade":"GRAVE","data":"2024-05-13T00:00:00Z","municipio":"Guarapari","processo":"11551/2024"},"geometry":{"type":"Point","coordinates":[-40.52143498,-20.4899752]}},{"type":"Feature","properties":{"fonte":"IDAF","classificacao":"Florestal","tipo_infracao":"Comercializar","item":"Material de origem nativa","gravidade":"MÉDIA","data":"2024-05-17T00:00:00Z","municipio":"Vila Velha","processo":"9074/2024"},"geometry":{"type":"Point","coordinates":[-40.37551189,-20.42729313]}},{"type":"Feature","properties":{"fonte":"IDAF","classificacao":"Florestal","tipo_infracao":"Desmatar","item":"Corte Raso","gravidade":"GRAVE","data":"2023-05-07T00:00:00Z","municipio":"Guarapari","processo":"10099/2024"},"geometry":{"type":"Point","coordinates":[-40.54061792,-20.57701704]}},{"type":"Feature","properties":{"fonte":"IDAF","classificacao":"Florestal","tipo_infracao":"Suprimir","item":"por meio de ação antrópica","gravidade":"GRAVE","data":"2024-05-06T00:00:00Z","municipio":"Guarapari","processo":"9543/2024"},"geometry":{"type":"Point","coordinates":[-40.57740339,-20.55349664]}},{"type":"Feature","properties":{"fonte":"IDAF","classificacao":"Florestal","tipo_infracao":"Desmatar","item":"Corte Raso","gravidade":"GRAVE","data":"2024-05-08T00:00:00Z","municipio":"Guarapari","processo":"9667/2024"},"geometry":{"type":"Point","coordinates":[-40.53688685,-20.57322898]}},{"type":"Feature","properties":{"fonte":"IDAF","classificacao":"Florestal","tipo_infracao":"Desmatar","item":"Corte Raso","gravidade":"GRAVE","data":"2024-05-07T00:00:00Z","municipio":"Guarapari","processo":"9712/2024"},"geometry":{"type":"Point","coordinates":[-40.444476,-20.56236205]}},{"type":"Feature","properties":{"fonte":"IDAF","classificacao":"Florestal","tipo_infracao":"Desmatar","item":"Corte Raso","gravidade":"GRAVE","data":"2024-05-09T00:00:00Z","municipio":"Guarapari","processo":"9544/2024"},"geometry":{"type":"Point","coordinates":[-40.6099121,-20.55947578]}},{"type":"Feature","properties":{"fonte":"IDAF","classificacao":"Florestal","tipo_infracao":"Desmatar","item":"Corte Raso","gravidade":"GRAVE","data":"2024-05-08T00:00:00Z","municipio":"Guarapari","processo":"10385/2024"},"geometry":{"type":"Point","coordinates":[-40.59557297,-20.5631496]}},{"type":"Feature","properties":{"fonte":"IDAF","classificacao":"Florestal","tipo_infracao":"Desmatar","item":"Corte Raso","gravidade":"GRAVE","data":"2024-05-08T00:00:00Z","municipio":"Guarapari","processo":"10388/2024"},"geometry":{"type":"Point","coordinates":[-40.59445024,-20.5621753]}},{"type":"Feature","properties":{"fonte":"IDAF","classificacao":"Ambiental","tipo_infracao":"Promover obra ou atividade em área protegida, em razão de seu valor ecológico","item":"Sem licença ou autorização do órgão ambiental competente","gravidade":"GRAVE","data":"2024-05-06T00:00:00Z","municipio":"Guarapari","processo":"9545/2024"},"geometry":{"type":"Point","coordinates":[-40.60991078,-20.55934933]}},{"type":"Feature","properties":{"fonte":"IDAF","classificacao":"Florestal","tipo_infracao":"Desmatar","item":"Corte Raso","gravidade":"GRAVE","data":"2024-05-08T00:00:00Z","municipio":"Guarapari","processo":"10384/2024"},"geometry":{"type":"Point","coordinates":[-40.59574208,-20.56557804]}},{"type":"Feature","properties":{"fonte":"IDAF","classificacao":"Florestal","tipo_infracao":"Desmatar","item":"Corte Raso","gravidade":"GRAVE","data":"2024-05-08T00:00:00Z","municipio":"Guarapari","processo":"10382/2024"},"geometry":{"type":"Point","coordinates":[-40.59574208,-20.56557804]}},{"type":"Feature","properties":{"fonte":"IDAF","classificacao":"Florestal","tipo_infracao":"Desmatar","item":"Corte Raso","gravidade":"GRAVE","data":"2024-05-10T00:00:00Z","municipio":"Guarapari","processo":"10156/2024"},"geometry":{"type":"Point","coordinates":[-40.45274161,-20.60261114]}},{"type":"Feature","properties":{"fonte":"IDAF","classificacao":"Florestal","tipo_infracao":"Desmatar","item":"Corte Raso","gravidade":"GRAVE","data":"2024-05-08T00:00:00Z","municipio":"Guarapari","processo":"10157/2024"},"geometry":{"type":"Point","coordinates":[-40.44315351,-20.60838279]}},{"type":"Feature","properties":{"fonte":"IDAF","classificacao":"Florestal","tipo_infracao":"Desmatar","item":"Corte Raso","gravidade":"GRAVE","data":"2024-05-08T00:00:00Z","municipio":"Guarapari","processo":"10380/2024"},"geometry":{"type":"Point","coordinates":[-40.59574208,-20.56557804]}},{"type":"Feature","properties":{"fonte":"IDAF","classificacao":"Florestal","tipo_infracao":"Desmatar","item":"Corte Raso","gravidade":"GRAVE","data":"2024-05-09T00:00:00Z","municipio":"Guarapari","processo":"10379/2024"},"geometry":{"type":"Point","coordinates":[-40.54008678,-20.59195432]}},{"type":"Feature","properties":{"fonte":"IDAF","classificacao":"Florestal","tipo_infracao":"Desmatar","item":"Corte Raso","gravidade":"GRAVE","data":"2024-05-07T00:00:00Z","municipio":"Guarapari","processo":"11806/2024"},"geometry":{"type":"Point","coordinates":[-40.48619181,-20.57927264]}},{"type":"Feature","properties":{"fonte":"IDAF","classificacao":"Florestal","tipo_infracao":"Desmatar","item":"Corte Raso","gravidade":"GRAVE","data":"2024-05-08T00:00:00Z","municipio":"Guarapari","processo":"9380/2024"},"geometry":{"type":"Point","coordinates":[-40.48188015,-20.5758316]}},{"type":"Feature","properties":{"fonte":"IDAF","classificacao":"Florestal","tipo_infracao":"Suprimir","item":"por meio de ação antrópica","gravidade":"GRAVE","data":"2024-05-10T00:00:00Z","municipio":"Guarapari","processo":"11550/2024"},"geometry":{"type":"Point","coordinates":[-40.54685333,-20.49312022]}},{"type":"Feature","properties":{"fonte":"IDAF","classificacao":"Florestal","tipo_infracao":"Desmatar","item":"Corte Raso","gravidade":"GRAVE","data":"2024-05-14T00:00:00Z","municipio":"Guarapari","processo":"9669/2024"},"geometry":{"type":"Point","coordinates":[-40.55024317,-20.51272917]}},{"type":"Feature","properties":{"fonte":"IDAF","classificacao":"Florestal","tipo_infracao":"Desmatar","item":"Corte Raso","gravidade":"GRAVE","data":"2024-05-10T00:00:00Z","municipio":"Guarapari","processo":"10338/2024"},"geometry":{"type":"Point","coordinates":[-40.54360154,-20.49869584]}},{"type":"Feature","properties":{"fonte":"IDAF","classificacao":"Florestal","tipo_infracao":"Desmatar","item":"Corte Raso","gravidade":"GRAVE","data":"2024-05-06T00:00:00Z","municipio":"Guarapari","processo":"10376/2024"},"geometry":{"type":"Point","coordinates":[-40.57204569,-20.53228038]}},{"type":"Feature","properties":{"fonte":"IDAF","classificacao":"Florestal","tipo_infracao":"Desmatar","item":"Corte Raso","gravidade":"GRAVE","data":"2024-05-22T00:00:00Z","municipio":"Guarapari","processo":"10130/2024"},"geometry":{"type":"Point","coordinates":[-40.48002573,-20.60434909]}},{"type":"Feature","properties":{"fonte":"IDAF","classificacao":"Florestal","tipo_infracao":"Desmatar","item":"Corte Raso","gravidade":"GRAVE","data":"2024-05-10T00:00:00Z","municipio":"Guarapari","processo":"10013/2024"},"geometry":{"type":"Point","coordinates":[-40.54482966,-20.50643581]}},{"type":"Feature","properties":{"fonte":"IDAF","classificacao":"Florestal","tipo_infracao":"Desmatar","item":"Corte Raso","gravidade":"GRAVE","data":"2024-05-21T00:00:00Z","municipio":"Serra","processo":"9904/2024"},"geometry":{"type":"Point","coordinates":[-40.33493408,-20.06544968]}},{"type":"Feature","properties":{"fonte":"IDAF","classificacao":"Florestal","tipo_infracao":"Desmatar","item":"Corte Raso","gravidade":"GRAVE","data":"2024-05-21T00:00:00Z","municipio":"Serra","processo":"9903/2024"},"geometry":{"type":"Point","coordinates":[-40.33493408,-20.06544968]}},{"type":"Feature","properties":{"fonte":"IDAF","classificacao":"Florestal","tipo_infracao":"Suprimir","item":"por meio de ação antrópica","gravidade":"GRAVE","data":"2024-05-29T00:00:00Z","municipio":"Guarapari","processo":"18848/2024"},"geometry":{"type":"Point","coordinates":[-40.52224721,-20.62812939]}},{"type":"Feature","properties":{"fonte":"IDAF","classificacao":"Florestal","tipo_infracao":"Desmatar","item":"Corte Raso","gravidade":"GRAVE","data":"2024-05-10T00:00:00Z","municipio":"Guarapari","processo":"10337/2024"},"geometry":{"type":"Point","coordinates":[-40.54779188,-20.49874887]}},{"type":"Feature","properties":{"fonte":"IDAF","classificacao":"Florestal","tipo_infracao":"Queima","item":"Em fragmento florestal","gravidade":"GRAVE","data":"2024-05-21T00:00:00Z","municipio":"Serra","processo":"9901/2024"},"geometry":{"type":"Point","coordinates":[-40.33493408,-20.06544968]}},{"type":"Feature","properties":{"fonte":"IDAF","classificacao":"Florestal","tipo_infracao":"Desmatar","item":"Corte Raso","gravidade":"GRAVE","data":"2024-05-06T00:00:00Z","municipio":"Guarapari","processo":"13684/2024"},"geometry":{"type":"Point","coordinates":[-40.41971748,-20.56842083]}},{"type":"Feature","properties":{"fonte":"IDAF","classificacao":"Florestal","tipo_infracao":"Comercializar","item":"Produto ou subproduto florestal","gravidade":"MÉDIA","data":"2024-06-14T00:00:00Z","municipio":"Serra","processo":"10430/2024"},"geometry":{"type":"Point","coordinates":[-40.30419606,-20.13740637]}},{"type":"Feature","properties":{"fonte":"IDAF","classificacao":"Florestal","tipo_infracao":"Desmatar","item":"Corte Raso","gravidade":"GRAVE","data":"2024-05-06T00:00:00Z","municipio":"Guarapari","processo":"11257/2024"},"geometry":{"type":"Point","coordinates":[-40.57765505,-20.57426239]}},{"type":"Feature","properties":{"fonte":"IDAF","classificacao":"Florestal","tipo_infracao":"Desmatar","item":"Corte Raso","gravidade":"GRAVE","data":"2024-02-27T00:00:00Z","municipio":"Vila Velha","processo":"10841/2024"},"geometry":{"type":"Point","coordinates":[-40.36400735,-20.48329674]}},{"type":"Feature","properties":{"fonte":"IDAF","classificacao":"Florestal","tipo_infracao":"Desmatar","item":"Sub-bosque","gravidade":"GRAVE","data":"2024-05-06T00:00:00Z","municipio":"Guarapari","processo":"11265/2024"},"geometry":{"type":"Point","coordinates":[-40.57765505,-20.57426239]}},{"type":"Feature","properties":{"fonte":"IDAF","classificacao":"Florestal","tipo_infracao":"Sem infração","item":"Sem autuação","gravidade":"","data":"2024-05-29T00:00:00Z","municipio":"Guarapari","processo":"16070/2024"},"geometry":{"type":"Point","coordinates":[-40.56958866,-20.49350339]}},{"type":"Feature","properties":{"fonte":"IDAF","classificacao":"Florestal","tipo_infracao":"Desmatar","item":"Corte Raso","gravidade":"GRAVE","data":"2024-05-06T00:00:00Z","municipio":"Guarapari","processo":"11003/2024"},"geometry":{"type":"Point","coordinates":[-40.55260967,-20.5866029]}},{"type":"Feature","properties":{"fonte":"IDAF","classificacao":"Florestal","tipo_infracao":"Desmatar","item":"Corte Raso","gravidade":"GRAVE","data":"2024-05-06T00:00:00Z","municipio":"Guarapari","processo":"11012/2024"},"geometry":{"type":"Point","coordinates":[-40.55260967,-20.5866029]}},{"type":"Feature","properties":{"fonte":"IDAF","classificacao":"Florestal","tipo_infracao":"Desmatar","item":"Corte Raso","gravidade":"GRAVE","data":"2024-05-22T00:00:00Z","municipio":"Fundão","processo":"10921/2024"},"geometry":{"type":"Point","coordinates":[-40.16408312,-20.02032525]}},{"type":"Feature","properties":{"fonte":"IDAF","classificacao":"Florestal","tipo_infracao":"Desmatar","item":"Corte Raso","gravidade":"GRAVE","data":"2024-05-08T00:00:00Z","municipio":"Guarapari","processo":"16213/2024"},"geometry":{"type":"Point","coordinates":[-40.48002573,-20.60434909]}},{"type":"Feature","properties":{"fonte":"IDAF","classificacao":"Florestal","tipo_infracao":"Sem infração","item":"Sem autuação","gravidade":"","data":"2024-06-11T00:00:00Z","municipio":"Viana","processo":"10920/2024"},"geometry":{"type":"Point","coordinates":[-40.45416518,-20.34661211]}},{"type":"Feature","properties":{"fonte":"IDAF","classificacao":"Florestal","tipo_infracao":"Desmatar","item":"Sub-bosque","gravidade":"GRAVE","data":"2024-06-18T00:00:00Z","municipio":"Viana","processo":"10914/2024"},"geometry":{"type":"Point","coordinates":[-40.52409547,-20.35130982]}},{"type":"Feature","properties":{"fonte":"IDAF","classificacao":"Florestal","tipo_infracao":"Utilizar","item":"Material de origem nativa","gravidade":"MÉDIA","data":"2024-06-21T00:00:00Z","municipio":"Serra","processo":"10927/2024"},"geometry":{"type":"Point","coordinates":[-40.30419606,-20.13740637]}},{"type":"Feature","properties":{"fonte":"IDAF","classificacao":"Florestal","tipo_infracao":"Desmatar","item":"Corte Raso","gravidade":"GRAVE","data":"2024-05-04T00:00:00Z","municipio":"Guarapari","processo":"12118/2024"},"geometry":{"type":"Point","coordinates":[-40.61154439,-20.57244159]}},{"type":"Feature","properties":{"fonte":"IDAF","classificacao":"Florestal","tipo_infracao":"Corte Seletivo","item":"Em área em uso","gravidade":"","data":"2024-06-15T00:00:00Z","municipio":"Viana","processo":"10923/2024"},"geometry":{"type":"Point","coordinates":[-40.45455904,-20.36105436]}},{"type":"Feature","properties":{"fonte":"IDAF","classificacao":"Florestal","tipo_infracao":"Utilizar","item":"Material de origem nativa","gravidade":"MÉDIA","data":"2024-04-12T00:00:00Z","municipio":"Serra","processo":"10989/2024"},"geometry":{"type":"Point","coordinates":[-40.30253554,-20.12749849]}},{"type":"Feature","properties":{"fonte":"IDAF","classificacao":"Florestal","tipo_infracao":"Desmatar","item":"Corte Raso","gravidade":"GRAVE","data":"2024-05-04T00:00:00Z","municipio":"Guarapari","processo":"12119/2024"},"geometry":{"type":"Point","coordinates":[-40.61111516,-20.57267142]}},{"type":"Feature","properties":{"fonte":"IDAF","classificacao":"Florestal","tipo_infracao":"Suprimir","item":"por meio de ação antrópica","gravidade":"GRAVE","data":"2024-06-25T00:00:00Z","municipio":"Viana","processo":"12066/2024"},"geometry":{"type":"Point","coordinates":[-40.54258206,-20.44466524]}},{"type":"Feature","properties":{"fonte":"IDAF","classificacao":"Florestal","tipo_infracao":"Suprimir","item":"por meio de ação antrópica","gravidade":"GRAVE","data":"2024-06-25T00:00:00Z","municipio":"Viana","processo":"11244/2024"},"geometry":{"type":"Point","coordinates":[-40.48523168,-20.38201695]}},{"type":"Feature","properties":{"fonte":"IDAF","classificacao":"Florestal","tipo_infracao":"Sem infração","item":"Sem autuação","gravidade":"","data":"2024-06-17T00:00:00Z","municipio":"Serra","processo":"12168/2024"},"geometry":{"type":"Point","coordinates":[-40.33572627,-20.06415172]}},{"type":"Feature","properties":{"fonte":"IDAF","classificacao":"Florestal","tipo_infracao":"Sem infração","item":"Sem autuação","gravidade":"","data":"2024-06-17T00:00:00Z","municipio":"Serra","processo":"12167/2024"},"geometry":{"type":"Point","coordinates":[-40.33572627,-20.06415172]}},{"type":"Feature","properties":{"fonte":"IDAF","classificacao":"Florestal","tipo_infracao":"Desmatar","item":"Corte Raso","gravidade":"MÉDIA","data":"2024-07-05T00:00:00Z","municipio":"Serra","processo":"11699/2024"},"geometry":{"type":"Point","coordinates":[-40.23698802,-20.14528163]}},{"type":"Feature","properties":{"fonte":"IDAF","classificacao":"Florestal","tipo_infracao":"Sem infração","item":"Sem autuação","gravidade":"","data":"2024-06-12T00:00:00Z","municipio":"Cariacica","processo":"11930/2024"},"geometry":{"type":"Point","coordinates":[-40.38384072,-20.32208602]}},{"type":"Feature","properties":{"fonte":"IDAF","classificacao":"Florestal","tipo_infracao":"Sem infração","item":"Sem autuação","gravidade":"","data":"2024-06-17T00:00:00Z","municipio":"Serra","processo":"12166/2024"},"geometry":{"type":"Point","coordinates":[-40.33572627,-20.06415172]}},{"type":"Feature","properties":{"fonte":"IDAF","classificacao":"Florestal","tipo_infracao":"Desmatar","item":"Corte Raso","gravidade":"GRAVE","data":"2024-05-06T00:00:00Z","municipio":"Guarapari","processo":"12604/2024"},"geometry":{"type":"Point","coordinates":[-40.57060109,-20.62915083]}},{"type":"Feature","properties":{"fonte":"IDAF","classificacao":"Florestal","tipo_infracao":"Desmatar","item":"Corte Raso","gravidade":"GRAVE","data":"2024-02-27T00:00:00Z","municipio":"Vila Velha","processo":"12915/2024"},"geometry":{"type":"Point","coordinates":[-40.36400735,-20.48329674]}},{"type":"Feature","properties":{"fonte":"IDAF","classificacao":"Florestal","tipo_infracao":"Desmatar","item":"Sub-bosque","gravidade":"GRAVE","data":"2024-07-10T00:00:00Z","municipio":"Vila Velha","processo":"12461/2024"},"geometry":{"type":"Point","coordinates":[-40.36400735,-20.48329674]}},{"type":"Feature","properties":{"fonte":"IDAF","classificacao":"Florestal","tipo_infracao":"Comercializar","item":"Material de origem nativa","gravidade":"MÉDIA","data":"2024-07-15T00:00:00Z","municipio":"Cariacica","processo":"12294/2024"},"geometry":{"type":"Point","coordinates":[-40.36923053,-20.33350305]}},{"type":"Feature","properties":{"fonte":"IDAF","classificacao":"Florestal","tipo_infracao":"Desmatar","item":"Corte Raso","gravidade":"GRAVE","data":"2024-07-08T00:00:00Z","municipio":"Cariacica","processo":"14726/2024"},"geometry":{"type":"Point","coordinates":[-40.47353755,-20.3339647]}},{"type":"Feature","properties":{"fonte":"IDAF","classificacao":"Florestal","tipo_infracao":"Utilizar","item":"Material de origem nativa","gravidade":"MÉDIA","data":"2024-07-17T00:00:00Z","municipio":"Cariacica","processo":"12302/2024"},"geometry":{"type":"Point","coordinates":[-40.38334232,-20.33388881]}},{"type":"Feature","properties":{"fonte":"IDAF","classificacao":"Florestal","tipo_infracao":"Comercializar","item":"Produto ou subproduto florestal","gravidade":"MÉDIA","data":"2024-07-16T00:00:00Z","municipio":"Vila Velha","processo":"12422/2024"},"geometry":{"type":"Point","coordinates":[-40.35004258,-20.43219936]}},{"type":"Feature","properties":{"fonte":"IDAF","classificacao":"Florestal","tipo_infracao":"Corte Seletivo","item":"Em área em uso","gravidade":"","data":"2024-06-24T00:00:00Z","municipio":"Cariacica","processo":"12423/2024"},"geometry":{"type":"Point","coordinates":[-40.39274691,-20.31987417]}},{"type":"Feature","properties":{"fonte":"IDAF","classificacao":"Florestal","tipo_infracao":"Desrespeitar","item":"Embargo/Interdição","gravidade":"GRAVE","data":"2024-03-26T00:00:00Z","municipio":"Vila Velha","processo":"12874/2024"},"geometry":{"type":"Point","coordinates":[-40.4255263,-20.47165478]}},{"type":"Feature","properties":{"fonte":"IDAF","classificacao":"Florestal","tipo_infracao":"Sem infração","item":"Sem autuação","gravidade":"","data":"2024-07-23T00:00:00Z","municipio":"Vitória","processo":"12636/2024"},"geometry":{"type":"Point","coordinates":[-40.30127974,-20.28837041]}},{"type":"Feature","properties":{"fonte":"IDAF","classificacao":"Florestal","tipo_infracao":"Desmatar","item":"Corte Raso","gravidade":"GRAVE","data":"2024-07-24T00:00:00Z","municipio":"Guarapari","processo":"14914/2024"},"geometry":{"type":"Point","coordinates":[-40.57663598,-20.57310636]}},{"type":"Feature","properties":{"fonte":"IDAF","classificacao":"Florestal","tipo_infracao":"Desmatar","item":"Corte Raso","gravidade":"GRAVE","data":"2024-07-18T00:00:00Z","municipio":"Serra","processo":"15014/2024"},"geometry":{"type":"Point","coordinates":[-40.18525006,-20.11227991]}},{"type":"Feature","properties":{"fonte":"IDAF","classificacao":"Florestal","tipo_infracao":"Desmatar","item":"Corte Raso","gravidade":"GRAVE","data":"2024-07-18T00:00:00Z","municipio":"Serra","processo":"15015/2024"},"geometry":{"type":"Point","coordinates":[-40.18525006,-20.11227991]}},{"type":"Feature","properties":{"fonte":"IDAF","classificacao":"Ambiental","tipo_infracao":"Sem infração","item":"Sem autuação","gravidade":"","data":"2024-07-22T00:00:00Z","municipio":"Guarapari","processo":"14617/2024"},"geometry":{"type":"Point","coordinates":[-40.47545553,-20.56111618]}},{"type":"Feature","properties":{"fonte":"IDAF","classificacao":"Florestal","tipo_infracao":"Desmatar","item":"Corte Raso","gravidade":"GRAVE","data":"2024-07-24T00:00:00Z","municipio":"Guarapari","processo":"14912/2024"},"geometry":{"type":"Point","coordinates":[-40.57629327,-20.5761628]}},{"type":"Feature","properties":{"fonte":"IDAF","classificacao":"Florestal","tipo_infracao":"Sem infração","item":"Sem autuação","gravidade":"","data":"2024-07-31T00:00:00Z","municipio":"Viana","processo":"14125/2024"},"geometry":{"type":"Point","coordinates":[-40.60162512,-20.42564908]}},{"type":"Feature","properties":{"fonte":"IDAF","classificacao":"Florestal","tipo_infracao":"Desmatar","item":"Corte Raso","gravidade":"GRAVE","data":"2024-07-15T00:00:00Z","municipio":"Serra","processo":"13224/2024"},"geometry":{"type":"Point","coordinates":[-40.22405174,-20.13521671]}},{"type":"Feature","properties":{"fonte":"IDAF","classificacao":"Florestal","tipo_infracao":"Funcionar sem registro","item":"Produzir produtos e subprodutos florestais","gravidade":"GRAVE","data":"2024-08-07T00:00:00Z","municipio":"Cariacica","processo":"13761/2024"},"geometry":{"type":"Point","coordinates":[-40.39431157,-20.24746945]}},{"type":"Feature","properties":{"fonte":"IDAF","classificacao":"Florestal","tipo_infracao":"Funcionar sem registro","item":"Produzir produtos e subprodutos florestais","gravidade":"GRAVE","data":"2024-08-07T00:00:00Z","municipio":"Cariacica","processo":"13752/2024"},"geometry":{"type":"Point","coordinates":[-40.39413927,-20.24747082]}},{"type":"Feature","properties":{"fonte":"IDAF","classificacao":"Ambiental","tipo_infracao":"Fazer funcionar estabelecimento considerado poluidor","item":"Sem licença ou autorização do órgão ambiental competente","gravidade":"","data":"2024-08-07T00:00:00Z","municipio":"Fundão","processo":"13710/2024"},"geometry":{"type":"Point","coordinates":[-40.43108359,-19.92567397]}},{"type":"Feature","properties":{"fonte":"IDAF","classificacao":"Florestal","tipo_infracao":"Desmatar","item":"Corte Raso","gravidade":"GRAVE","data":"2024-08-08T00:00:00Z","municipio":"Fundão","processo":"13830/2024"},"geometry":{"type":"Point","coordinates":[-40.35274976,-20.03893288]}},{"type":"Feature","properties":{"fonte":"IDAF","classificacao":"Florestal","tipo_infracao":"Sem infração","item":"Sem autuação","gravidade":"","data":"2024-08-08T00:00:00Z","municipio":"Vila Velha","processo":"13610/2024"},"geometry":{"type":"Point","coordinates":[-40.33954903,-20.34916391]}},{"type":"Feature","properties":{"fonte":"IDAF","classificacao":"Florestal","tipo_infracao":"Desmatar","item":"Corte Raso","gravidade":"GRAVE","data":"2024-08-08T00:00:00Z","municipio":"Fundão","processo":"13826/2024"},"geometry":{"type":"Point","coordinates":[-40.35274976,-20.03893288]}},{"type":"Feature","properties":{"fonte":"IDAF","classificacao":"Florestal","tipo_infracao":"Desrespeitar","item":"Embargo/Interdição","gravidade":"GRAVE","data":"2024-08-04T00:00:00Z","municipio":"Serra","processo":"14123/2024"},"geometry":{"type":"Point","coordinates":[-40.18816828,-20.1047973]}},{"type":"Feature","properties":{"fonte":"IDAF","classificacao":"Florestal","tipo_infracao":"Desrespeitar","item":"Embargo/Interdição","gravidade":"GRAVE","data":"2024-08-04T00:00:00Z","municipio":"Serra","processo":"14122/2024"},"geometry":{"type":"Point","coordinates":[-40.18816828,-20.1047973]}},{"type":"Feature","properties":{"fonte":"IDAF","classificacao":"Florestal","tipo_infracao":"Queima","item":"Em área em uso","gravidade":"MÉDIA","data":"2024-07-30T00:00:00Z","municipio":"Viana","processo":"15869/2024"},"geometry":{"type":"Point","coordinates":[-40.60310905,-20.44677392]}},{"type":"Feature","properties":{"fonte":"IDAF","classificacao":"Florestal","tipo_infracao":"Suprimir","item":"por meio de ação antrópica","gravidade":"GRAVE","data":"2024-08-06T00:00:00Z","municipio":"Viana","processo":"16768/2024"},"geometry":{"type":"Point","coordinates":[-40.60310905,-20.44677392]}},{"type":"Feature","properties":{"fonte":"IDAF","classificacao":"Florestal","tipo_infracao":"Sem infração","item":"Sem autuação","gravidade":"","data":"2024-08-20T00:00:00Z","municipio":"Serra","processo":"14859/2024"},"geometry":{"type":"Point","coordinates":[-40.18598427,-20.13100469]}},{"type":"Feature","properties":{"fonte":"IDAF","classificacao":"Florestal","tipo_infracao":"Funcionar sem registro","item":"Produzir produtos e subprodutos florestais","gravidade":"GRAVE","data":"2024-08-27T00:00:00Z","municipio":"Viana","processo":"18485/2024"},"geometry":{"type":"Point","coordinates":[-40.57557484,-20.45255405]}},{"type":"Feature","properties":{"fonte":"IDAF","classificacao":"Ambiental","tipo_infracao":"Sem infração","item":"Sem autuação","gravidade":"","data":"2024-08-14T00:00:00Z","municipio":"Viana","processo":"15844/2024"},"geometry":{"type":"Point","coordinates":[-40.47907594,-20.38953134]}},{"type":"Feature","properties":{"fonte":"IDAF","classificacao":"Florestal","tipo_infracao":"Sem infração","item":"Sem autuação","gravidade":"","data":"2024-05-14T00:00:00Z","municipio":"Guarapari","processo":"15428/2024"},"geometry":{"type":"Point","coordinates":[-40.56472301,-20.51379162]}},{"type":"Feature","properties":{"fonte":"IDAF","classificacao":"Ambiental","tipo_infracao":"Sem infração","item":"Sem autuação","gravidade":"","data":"2024-09-17T00:00:00Z","municipio":"Guarapari","processo":"16335/2024"},"geometry":{"type":"Point","coordinates":[-40.47046731,-20.63209215]}},{"type":"Feature","properties":{"fonte":"IDAF","classificacao":"Ambiental","tipo_infracao":"Sem infração","item":"Sem autuação","gravidade":"","data":"2024-09-17T00:00:00Z","municipio":"Guarapari","processo":"16676/2024"},"geometry":{"type":"Point","coordinates":[-40.47192489,-20.62499724]}},{"type":"Feature","properties":{"fonte":"IDAF","classificacao":"Florestal","tipo_infracao":"Comercializar","item":"Material de origem nativa","gravidade":"MÉDIA","data":"2024-09-23T00:00:00Z","municipio":"Cariacica","processo":"16692/2024"},"geometry":{"type":"Point","coordinates":[-40.36874747,-20.35152136]}},{"type":"Feature","properties":{"fonte":"IDAF","classificacao":"Ambiental","tipo_infracao":"Sem infração","item":"Sem autuação","gravidade":"","data":"2024-10-03T00:00:00Z","municipio":"Vitória","processo":"18270/2024"},"geometry":{"type":"Point","coordinates":[-40.26907296,-20.24897149]}},{"type":"Feature","properties":{"fonte":"IDAF","classificacao":"Florestal","tipo_infracao":"Sem infração","item":"Sem autuação","gravidade":"","data":"2024-10-11T00:00:00Z","municipio":"Vila Velha","processo":"20173/2024"},"geometry":{"type":"Point","coordinates":[-40.36692112,-20.51564345]}},{"type":"Feature","properties":{"fonte":"IDAF","classificacao":"Florestal","tipo_infracao":"Desmatar","item":"Corte Raso","gravidade":"GRAVE","data":"2024-10-04T00:00:00Z","municipio":"Serra","processo":"18861/2024"},"geometry":{"type":"Point","coordinates":[-40.22041829,-20.23867373]}},{"type":"Feature","properties":{"fonte":"IDAF","classificacao":"Florestal","tipo_infracao":"Desmatar","item":"Corte Raso","gravidade":"GRAVE","data":"2024-10-04T00:00:00Z","municipio":"Serra","processo":"18862/2024"},"geometry":{"type":"Point","coordinates":[-40.22041829,-20.23867373]}},{"type":"Feature","properties":{"fonte":"IDAF","classificacao":"Florestal","tipo_infracao":"Desmatar","item":"Corte Raso","gravidade":"MÉDIA","data":"2024-10-08T00:00:00Z","municipio":"Fundão","processo":"19420/2024"},"geometry":{"type":"Point","coordinates":[-40.41056584,-19.99362471]}},{"type":"Feature","properties":{"fonte":"IDAF","classificacao":"Florestal","tipo_infracao":"Desrespeitar","item":"Embargo/Interdição","gravidade":"GRAVE","data":"2024-10-16T00:00:00Z","municipio":"Vila Velha","processo":"19340/2024"},"geometry":{"type":"Point","coordinates":[-40.36400735,-20.48329674]}},{"type":"Feature","properties":{"fonte":"IDAF","classificacao":"Ambiental","tipo_infracao":"Sem infração","item":"Sem autuação","gravidade":"","data":"2024-09-24T00:00:00Z","municipio":"Serra","processo":"19765/2024"},"geometry":{"type":"Point","coordinates":[-40.36308376,-20.22531843]}},{"type":"Feature","properties":{"fonte":"IDAF","classificacao":"Florestal","tipo_infracao":"Desmatar","item":"Corte Raso","gravidade":"GRAVE","data":"2024-10-17T00:00:00Z","municipio":"Fundão","processo":"19419/2024"},"geometry":{"type":"Point","coordinates":[-40.41056584,-19.99362471]}},{"type":"Feature","properties":{"fonte":"IDAF","classificacao":"Florestal","tipo_infracao":"Utilizar","item":"Material de origem nativa","gravidade":"MÉDIA","data":"2024-10-24T00:00:00Z","municipio":"Vitória","processo":"19198/2024"},"geometry":{"type":"Point","coordinates":[-40.28565408,-20.31987217]}},{"type":"Feature","properties":{"fonte":"IDAF","classificacao":"Florestal","tipo_infracao":"Desmatar","item":"Corte Raso","gravidade":"GRAVE","data":"2024-09-30T00:00:00Z","municipio":"Serra","processo":"19934/2024"},"geometry":{"type":"Point","coordinates":[-40.2188106,-20.23873912]}},{"type":"Feature","properties":{"fonte":"IDAF","classificacao":"Florestal","tipo_infracao":"Desmatar","item":"Corte Raso","gravidade":"GRAVE","data":"2024-09-30T00:00:00Z","municipio":"Serra","processo":"19935/2024"},"geometry":{"type":"Point","coordinates":[-40.2188106,-20.23873912]}},{"type":"Feature","properties":{"fonte":"IDAF","classificacao":"Florestal","tipo_infracao":"Desmatar","item":"Corte Raso","gravidade":"MÉDIA","data":"2024-10-17T00:00:00Z","municipio":"Fundão","processo":"19442/2024"},"geometry":{"type":"Point","coordinates":[-40.41065795,-19.99323549]}},{"type":"Feature","properties":{"fonte":"IDAF","classificacao":"Florestal","tipo_infracao":"Desmatar","item":"Corte Raso","gravidade":"GRAVE","data":"2024-10-04T00:00:00Z","municipio":"Serra","processo":"19257/2024"},"geometry":{"type":"Point","coordinates":[-40.22041829,-20.23867373]}},{"type":"Feature","properties":{"fonte":"IDAF","classificacao":"Florestal","tipo_infracao":"Desmatar","item":"Corte Raso","gravidade":"MÉDIA","data":"2024-10-17T00:00:00Z","municipio":"Fundão","processo":"19441/2024"},"geometry":{"type":"Point","coordinates":[-40.41065795,-19.99323549]}},{"type":"Feature","properties":{"fonte":"IDAF","classificacao":"Florestal","tipo_infracao":"Sem infração","item":"Sem autuação","gravidade":"","data":"2024-10-23T00:00:00Z","municipio":"Guarapari","processo":"19346/2024"},"geometry":{"type":"Point","coordinates":[-40.42559388,-20.54527262]}},{"type":"Feature","properties":{"fonte":"IDAF","classificacao":"Florestal","tipo_infracao":"Sem infração","item":"Sem autuação","gravidade":"","data":"2024-10-23T00:00:00Z","municipio":"Guarapari","processo":"19347/2024"},"geometry":{"type":"Point","coordinates":[-40.39657738,-20.52902167]}},{"type":"Feature","properties":{"fonte":"IDAF","classificacao":"Florestal","tipo_infracao":"Sem infração","item":"Sem autuação","gravidade":"","data":"2024-10-27T00:00:00Z","municipio":"Guarapari","processo":"19360/2024"},"geometry":{"type":"Point","coordinates":[-40.62851229,-20.52805549]}},{"type":"Feature","properties":{"fonte":"IDAF","classificacao":"Florestal","tipo_infracao":"Comercializar","item":"Material de origem nativa","gravidade":"MÉDIA","data":"2024-10-25T00:00:00Z","municipio":"Vila Velha","processo":"20458/2024"},"geometry":{"type":"Point","coordinates":[-40.3511137,-20.44619426]}},{"type":"Feature","properties":{"fonte":"IDAF","classificacao":"Florestal","tipo_infracao":"Sem infração","item":"Sem autuação","gravidade":"","data":"2024-10-26T00:00:00Z","municipio":"Guarapari","processo":"19592/2024"},"geometry":{"type":"Point","coordinates":[-40.53528079,-20.61114831]}},{"type":"Feature","properties":{"fonte":"IDAF","classificacao":"Florestal","tipo_infracao":"Desmatar","item":"Corte Raso","gravidade":"GRAVE","data":"2022-08-26T00:00:00Z","municipio":"Guarapari","processo":"20031/2024"},"geometry":{"type":"Point","coordinates":[-40.59542767,-20.61650235]}},{"type":"Feature","properties":{"fonte":"IDAF","classificacao":"Florestal","tipo_infracao":"Desmatar","item":"Corte Raso","gravidade":"GRAVE","data":"2024-10-04T00:00:00Z","municipio":"Serra","processo":"19898/2024"},"geometry":{"type":"Point","coordinates":[-40.22041829,-20.23867373]}},{"type":"Feature","properties":{"fonte":"IDAF","classificacao":"Florestal","tipo_infracao":"Comercializar","item":"Material de origem nativa","gravidade":"MÉDIA","data":"2024-11-06T00:00:00Z","municipio":"Vila Velha","processo":"20540/2024"},"geometry":{"type":"Point","coordinates":[-40.30064154,-20.34721739]}},{"type":"Feature","properties":{"fonte":"IDAF","classificacao":"Florestal","tipo_infracao":"Comercializar","item":"Material de origem nativa","gravidade":"MÉDIA","data":"2024-11-06T00:00:00Z","municipio":"Vila Velha","processo":"21114/2024"},"geometry":{"type":"Point","coordinates":[-40.33692177,-20.39445557]}},{"type":"Feature","properties":{"fonte":"IDAF","classificacao":"Ambiental","tipo_infracao":"Sem infração","item":"Sem autuação","gravidade":"","data":"2024-10-28T00:00:00Z","municipio":"Guarapari","processo":"20760/2024"},"geometry":{"type":"Point","coordinates":[-40.55181496,-20.60950107]}},{"type":"Feature","properties":{"fonte":"IDAF","classificacao":"Florestal","tipo_infracao":"Sem infração","item":"Sem autuação","gravidade":"","data":"2024-10-28T00:00:00Z","municipio":"Guarapari","processo":"20761/2024"},"geometry":{"type":"Point","coordinates":[-40.55773306,-20.71101127]}},{"type":"Feature","properties":{"fonte":"IDAF","classificacao":"Florestal","tipo_infracao":"Sem infração","item":"Sem autuação","gravidade":"","data":"2024-11-25T00:00:00Z","municipio":"Viana","processo":"20523/2024"},"geometry":{"type":"Point","coordinates":[-40.53173741,-20.41514829]}},{"type":"Feature","properties":{"fonte":"IDAF","classificacao":"Florestal","tipo_infracao":"Impedir/Dificultar","item":"Regeneração natural","gravidade":"GRAVE","data":"2024-11-22T00:00:00Z","municipio":"Guarapari","processo":"22290/2024"},"geometry":{"type":"Point","coordinates":[-40.56513466,-20.66040207]}},{"type":"Feature","properties":{"fonte":"IDAF","classificacao":"Florestal","tipo_infracao":"Corte Seletivo","item":"Em área em uso","gravidade":"MÉDIA","data":"2024-11-20T00:00:00Z","municipio":"Serra","processo":"21345/2024"},"geometry":{"type":"Point","coordinates":[-40.22753031,-20.13843606]}},{"type":"Feature","properties":{"fonte":"IDAF","classificacao":"Florestal","tipo_infracao":"Sem infração","item":"Sem autuação","gravidade":"","data":"2024-11-28T00:00:00Z","municipio":"Guarapari","processo":"21346/2024"},"geometry":{"type":"Point","coordinates":[-40.59206195,-20.64345293]}},{"type":"Feature","properties":{"fonte":"IDAF","classificacao":"Florestal","tipo_infracao":"Sem infração","item":"Sem autuação","gravidade":"","data":"2024-11-28T00:00:00Z","municipio":"Guarapari","processo":"21347/2024"},"geometry":{"type":"Point","coordinates":[-40.56652548,-20.62377679]}},{"type":"Feature","properties":{"fonte":"IDAF","classificacao":"Florestal","tipo_infracao":"Suprimir","item":"por meio de ação antrópica","gravidade":"GRAVE","data":"2024-11-26T00:00:00Z","municipio":"Cariacica","processo":"21803/2024"},"geometry":{"type":"Point","coordinates":[-40.3713012,-20.23137077]}},{"type":"Feature","properties":{"fonte":"IDAF","classificacao":"Ambiental","tipo_infracao":"Sem infração","item":"Sem autuação","gravidade":"","data":"2024-11-04T00:00:00Z","municipio":"Fundão","processo":"22096/2024"},"geometry":{"type":"Point","coordinates":[-40.45868947,-19.9181587]}},{"type":"Feature","properties":{"fonte":"IDAF","classificacao":"Florestal","tipo_infracao":"Desmatar","item":"Corte Raso","gravidade":"GRAVE","data":"2024-12-16T00:00:00Z","municipio":"Guarapari","processo":"22708/2024"},"geometry":{"type":"Point","coordinates":[-40.5877881,-20.71326601]}},{"type":"Feature","properties":{"fonte":"IDAF","classificacao":"Florestal","tipo_infracao":"Desmatar","item":"Corte Raso","gravidade":"GRAVE","data":"2024-12-21T00:00:00Z","municipio":"Viana","processo":"22864/2024"},"geometry":{"type":"Point","coordinates":[-40.57222483,-20.34631209]}},{"type":"Feature","properties":{"fonte":"IEMA","classificacao":null,"tipo_infracao":"ACIDENTE RODOVI�RIO COM DERRAMAMENTO DE UR�IA NAS MARGENS DA RODOVIA, BR 101 SUL KM 455","item":null,"gravidade":null,"data":"2014-11-12T00:00:00Z","municipio":"Guarapari","processo":"AI 10524"},"geometry":{"type":"MultiPoint","coordinates":[[-41.29540803,-21.18266965]]}},{"type":"Feature","properties":{"fonte":"IEMA","classificacao":null,"tipo_infracao":"ACIDENTE RODOVIARIO COM TOMBAMENTO DE DERRAME DE CARGA DE CALCARIO PEDRA, BAIRRO PLANALTO DA SERRA","item":null,"gravidade":null,"data":"2014-12-22T00:00:00Z","municipio":"Serra","processo":"AI 11274"},"geometry":{"type":"MultiPoint","coordinates":[[-41.07857902,-20.92607438]]}},{"type":"Feature","properties":{"fonte":"IEMA","classificacao":null,"tipo_infracao":"ACIDENTE COM TOMBAMENTO DE CARGA DE SAB�O EM P� COM VAZEMENTO DE �LEO DIESEL E �LEO LUBRIFICANTE, BR 101 KM 411","item":null,"gravidade":null,"data":"2011-05-31T00:00:00Z","municipio":"Guarapari","processo":"AI 9008"},"geometry":{"type":"MultiPoint","coordinates":[[-41.07793824,-20.92491715]]}},{"type":"Feature","properties":{"fonte":"IEMA","classificacao":null,"tipo_infracao":"ACIDENTE COM TOMBAMENTO DE CARGA DE SAB�O EM P� COM VAZEMENTO DE �LEO DIESEL E �LEO LUBRIFICANTE, BR 101 KM 411.","item":null,"gravidade":null,"data":"2012-01-19T00:00:00Z","municipio":"Guarapari","processo":""},"geometry":{"type":"MultiPoint","coordinates":[[-41.07793824,-20.92491715]]}},{"type":"Feature","properties":{"fonte":"IEMA","classificacao":null,"tipo_infracao":"ACIDENTE AMBIENTAL RODOVIARIO","item":null,"gravidade":null,"data":"2016-11-23T00:00:00Z","municipio":"Viana","processo":"GFI 1352/16"},"geometry":{"type":"MultiPoint","coordinates":[[-41.03909186,-20.89134613]]}},{"type":"Feature","properties":{"fonte":"IEMA","classificacao":null,"tipo_infracao":"ACIDENTE RODOVI�RIO COM TOMBAMENTO DE CARRETA CARREGADA COM TECIDO EM APP, BR 101 SUL KM 401","item":null,"gravidade":null,"data":"2014-11-04T00:00:00Z","municipio":"Guarapari","processo":"AI 11266"},"geometry":{"type":"MultiPoint","coordinates":[[-40.98858869,-20.88918659]]}},{"type":"Feature","properties":{"fonte":"IEMA","classificacao":null,"tipo_infracao":"ACIDENTE RODOVI�RIO COM TOMBAMENTO DE CARRETA CARREGADA COM TECIDO EM APP, BR 101 SUL KM 401.","item":null,"gravidade":null,"data":"2014-12-11T00:00:00Z","municipio":"Guarapari","processo":""},"geometry":{"type":"MultiPoint","coordinates":[[-40.98858869,-20.88918659]]}},{"type":"Feature","properties":{"fonte":"IEMA","classificacao":null,"tipo_infracao":"ACIDENTE RODOVIARIO DE CARGA DE G�S FRACIONADO.","item":null,"gravidade":null,"data":"2017-03-20T00:00:00Z","municipio":"Cariacica","processo":""},"geometry":{"type":"MultiPoint","coordinates":[[-40.87199631,-20.84154899]]}},{"type":"Feature","properties":{"fonte":"IEMA","classificacao":null,"tipo_infracao":"cidente no dia 23/07/2021- acidente rodoviario com carga de vidro (Auto de Intima��o 12312)","item":null,"gravidade":null,"data":"2021-07-30T00:00:00Z","municipio":"Serra","processo":"GFI 68/21"},"geometry":{"type":"MultiPoint","coordinates":[[-40.85630931,-20.82768363]]}},{"type":"Feature","properties":{"fonte":"IEMA","classificacao":null,"tipo_infracao":"cidente no dia 23/07/2021- acidente rodoviario com carga de vidro (Auto de Intima��o 12312)","item":null,"gravidade":null,"data":"2021-07-30T00:00:00Z","municipio":"Serra","processo":"GFI 68/21"},"geometry":{"type":"MultiPoint","coordinates":[[-40.85630931,-20.82768363]]}},{"type":"Feature","properties":{"fonte":"IEMA","classificacao":null,"tipo_infracao":"cidente no dia 23/07/2021- acidente rodoviario com carga de vidro (Auto de Intima��o 12312)","item":null,"gravidade":null,"data":"2021-07-30T00:00:00Z","municipio":"Serra","processo":"GFI 68/21"},"geometry":{"type":"MultiPoint","coordinates":[[-40.85630931,-20.82768363]]}},{"type":"Feature","properties":{"fonte":"IEMA","classificacao":null,"tipo_infracao":"Ocorrencia de naufragio de flutuador dia 28/11/17 no cais de Porto de Santana","item":null,"gravidade":null,"data":"2017-11-29T00:00:00Z","municipio":"Cariacica","processo":"GFI 606/17"},"geometry":{"type":"MultiPoint","coordinates":[[-40.57153124,-20.7883107]]}},{"type":"Feature","properties":{"fonte":"IEMA","classificacao":null,"tipo_infracao":"ACIDENTE COM RES�DUOS DE ESGOTAMENTO SANIT�RIO NA AREIA DA PRAIA DAS CASTANHEIRAS","item":null,"gravidade":null,"data":"2012-09-26T00:00:00Z","municipio":"Guarapari","processo":"AI 07208"},"geometry":{"type":"MultiPoint","coordinates":[[-41.67314681,-20.75223418]]}},{"type":"Feature","properties":{"fonte":"IEMA","classificacao":null,"tipo_infracao":"INTERVEN��O EM APP (ATRACADOURO, CERCAMENTO NA MARGEM DA LAGOA E REMO��O DE SEDIMENTOS) AS MARGENS DA LAGOA M�E B�","item":null,"gravidade":null,"data":"2010-10-01T00:00:00Z","municipio":"Guarapari","processo":"AI 02675"},"geometry":{"type":"MultiPoint","coordinates":[[-40.5605506,-20.74891702]]}},{"type":"Feature","properties":{"fonte":"IEMA","classificacao":null,"tipo_infracao":"INTERVEN��O EM APP (ATRACADOURO, CERCAMENTO NA MARGEM DA LAGOA E REMO��O DE SEDIMENTOS) AS MARGENS DA LAGOA M�E B�.","item":null,"gravidade":null,"data":"2011-03-04T00:00:00Z","municipio":"Guarapari","processo":""},"geometry":{"type":"MultiPoint","coordinates":[[-40.5605506,-20.74891702]]}},{"type":"Feature","properties":{"fonte":"IEMA","classificacao":null,"tipo_infracao":"DISPOSI��O INADEQUADA DE RES�DUOS DE CONSTRU��O CIVIL AS MARGENS DA LAGOA M�E B�, EM PORTO GRANDE","item":null,"gravidade":null,"data":"2009-10-20T00:00:00Z","municipio":"Guarapari","processo":"AI 02881"},"geometry":{"type":"MultiPoint","coordinates":[[-40.56164347,-20.74779598]]}},{"type":"Feature","properties":{"fonte":"IEMA","classificacao":null,"tipo_infracao":"DISPOSI��O INADEQUADA DE RES�DUOS DE CONSTRU��O CIVIL AS MARGENS DA LAGOA M�E B�, EM PORTO GRANDE.","item":null,"gravidade":null,"data":"2012-12-04T00:00:00Z","municipio":"Guarapari","processo":""},"geometry":{"type":"MultiPoint","coordinates":[[-40.56164347,-20.74779598]]}},{"type":"Feature","properties":{"fonte":"IEMA","classificacao":null,"tipo_infracao":"ATRACADOURO SEM LICEN�A AMBIENTAL AS MARGENS DA LAGOA M�E B�, EM PORTO GRANDE","item":null,"gravidade":null,"data":"2010-10-01T00:00:00Z","municipio":"Guarapari","processo":"AI 02885"},"geometry":{"type":"MultiPoint","coordinates":[[-40.56353739,-20.74706513]]}},{"type":"Feature","properties":{"fonte":"IEMA","classificacao":null,"tipo_infracao":"ATRACADOURO SEM LICEN�A AMBIENTAL, PORTO GRANDE.","item":null,"gravidade":null,"data":"2013-07-08T00:00:00Z","municipio":"Guarapari","processo":""},"geometry":{"type":"MultiPoint","coordinates":[[-40.56353739,-20.74706513]]}},{"type":"Feature","properties":{"fonte":"IEMA","classificacao":null,"tipo_infracao":"Derrame de cimento a granel em via","item":null,"gravidade":null,"data":"2015-07-23T00:00:00Z","municipio":"Serra","processo":"AI 10938/15"},"geometry":{"type":"MultiPoint","coordinates":[[-40.55148084,-20.74002893]]}},{"type":"Feature","properties":{"fonte":"IEMA","classificacao":null,"tipo_infracao":"ACIDENTE RODOVI�RIO COM DERRAME DE CIMENTO","item":null,"gravidade":null,"data":"2017-03-20T00:00:00Z","municipio":"Serra","processo":""},"geometry":{"type":"MultiPoint","coordinates":[[-40.55148084,-20.74002893]]}},{"type":"Feature","properties":{"fonte":"IEMA","classificacao":null,"tipo_infracao":"ENCAMINHAM C�PIA DA DECIS�O 217/13 CONSTRU��O DE PONTE SOBRE O RIO MEA�PE SEM LICEN�A AMBIENTAL.","item":null,"gravidade":null,"data":"2015-01-09T00:00:00Z","municipio":"Guarapari","processo":"PROT. 20960/13 A"},"geometry":{"type":"MultiPoint","coordinates":[[-40.5377504,-20.73733383]]}},{"type":"Feature","properties":{"fonte":"IEMA","classificacao":null,"tipo_infracao":"Ocupa��o urbana no entorno da Lagoa de Ub�","item":null,"gravidade":null,"data":"2019-08-06T00:00:00Z","municipio":"Guarapari","processo":"OGE 2019070260"},"geometry":{"type":"MultiPoint","coordinates":[[-40.54911165,-20.73369076]]}},{"type":"Feature","properties":{"fonte":"IEMA","classificacao":null,"tipo_infracao":"DISPOSI��O DE RES�DUOS S�LIDOS, EM MEA�PE","item":null,"gravidade":null,"data":"2014-10-08T00:00:00Z","municipio":"Guarapari","processo":"GFI 13312"},"geometry":{"type":"MultiPoint","coordinates":[[-40.54049342,-20.73131106]]}},{"type":"Feature","properties":{"fonte":"IEMA","classificacao":null,"tipo_infracao":"OBRA NA PRAIA DE PERACANGA NA ENSEADA AZUL","item":null,"gravidade":null,"data":"2010-01-14T00:00:00Z","municipio":"Guarapari","processo":"GFI 8208"},"geometry":{"type":"MultiPoint","coordinates":[[-40.52855367,-20.73090267]]}},{"type":"Feature","properties":{"fonte":"IEMA","classificacao":null,"tipo_infracao":"DISPOSI��O ONADEQUADA DE RES�DUOS SEM LICEN�A AMBIENTAL, JARDIM BOA VISTA.","item":null,"gravidade":null,"data":"2010-11-11T00:00:00Z","municipio":"Guarapari","processo":""},"geometry":{"type":"MultiPoint","coordinates":[[-40.54135827,-20.72947855]]}},{"type":"Feature","properties":{"fonte":"IEMA","classificacao":null,"tipo_infracao":"ACIDENTE RODOVI�RIO COM INCENDIO DE CARRETA CONTENDO MAIONESE, MARCILIO DE NORONHA.","item":null,"gravidade":null,"data":"2015-01-23T00:00:00Z","municipio":"Viana","processo":"AI 11535"},"geometry":{"type":"MultiPoint","coordinates":[[-40.74118388,-20.72719262]]}},{"type":"Feature","properties":{"fonte":"IEMA","classificacao":null,"tipo_infracao":"PLANTIO DE FRUT�FERAS NO MORRO DE GUAIBURA, EM PONTAL DE GUAIBURA","item":null,"gravidade":null,"data":"2011-08-10T00:00:00Z","municipio":"Guarapari","processo":"AI 8939"},"geometry":{"type":"MultiPoint","coordinates":[[-40.52203327,-20.72893698]]}},{"type":"Feature","properties":{"fonte":"IEMA","classificacao":null,"tipo_infracao":"PLANTIO DE FRUT�FERAS NO MORRO DE GUAIBURA, EM PONTAL DE GUAIBURA.","item":null,"gravidade":null,"data":"2014-06-03T00:00:00Z","municipio":"Guarapari","processo":""},"geometry":{"type":"MultiPoint","coordinates":[[-40.52203327,-20.72893698]]}},{"type":"Feature","properties":{"fonte":"IEMA","classificacao":null,"tipo_infracao":"CONSTRU��O DE MURO EM APP NO MORRO DE GUAIBURA, EM GUAIBURA","item":null,"gravidade":null,"data":"2012-01-17T00:00:00Z","municipio":"Guarapari","processo":"AI 8947"},"geometry":{"type":"MultiPoint","coordinates":[[-40.52242412,-20.72865348]]}},{"type":"Feature","properties":{"fonte":"IEMA","classificacao":null,"tipo_infracao":"CONSTRU��O DE MURO EM APP NO MORRO DE GUAIBURA, EM GUAIBURA.","item":null,"gravidade":null,"data":"2014-04-17T00:00:00Z","municipio":"Guarapari","processo":""},"geometry":{"type":"MultiPoint","coordinates":[[-40.52242412,-20.72865348]]}},{"type":"Feature","properties":{"fonte":"IEMA","classificacao":null,"tipo_infracao":"TERRENO DESOCUPADO EM �REA DE RESTINGA, PRAIA DE PERACANGA.","item":null,"gravidade":null,"data":"2014-12-29T00:00:00Z","municipio":"Guarapari","processo":""},"geometry":{"type":"MultiPoint","coordinates":[[-40.5250009,-20.72803444]]}},{"type":"Feature","properties":{"fonte":"IEMA","classificacao":null,"tipo_infracao":"ATERRO PARA INVAS�O AS MARGENS DA LAGOA DE NOVA GUARAPARI.","item":null,"gravidade":null,"data":"2012-12-05T00:00:00Z","municipio":"Guarapari","processo":"PROT. 27528/11"},"geometry":{"type":"MultiPoint","coordinates":[[-40.53260782,-20.72346816]]}},{"type":"Feature","properties":{"fonte":"IEMA","classificacao":null,"tipo_infracao":"TERRAPLANAGEM OCUPANDO PARTE DA MARGEM DA LAGOA EM APP, EM NOVA GUARAPARI.","item":null,"gravidade":null,"data":"2012-04-26T00:00:00Z","municipio":"Guarapari","processo":"RR 363/11"},"geometry":{"type":"MultiPoint","coordinates":[[-40.52913548,-20.7190365]]}},{"type":"Feature","properties":{"fonte":"IEMA","classificacao":null,"tipo_infracao":"TERRAPLANAGEM OCUPANDO PARTE DA MARGEM DA LAGOA EM APP, EM NOVA GUARAPARI.","item":null,"gravidade":null,"data":"2012-06-22T00:00:00Z","municipio":"Guarapari","processo":""},"geometry":{"type":"MultiPoint","coordinates":[[-40.52913548,-20.7190365]]}},{"type":"Feature","properties":{"fonte":"IEMA","classificacao":null,"tipo_infracao":"ATIVIDADE FUNCIONANDO SEM LICEN�A AMBIENTAL, FAZENDA �GUA FUNDA, CONDADOS","item":null,"gravidade":null,"data":"2014-07-01T00:00:00Z","municipio":"Guarapari","processo":"GFI 71/14"},"geometry":{"type":"MultiPoint","coordinates":[[-40.5663676,-20.71039995]]}},{"type":"Feature","properties":{"fonte":"IEMA","classificacao":null,"tipo_infracao":"Pousada","item":null,"gravidade":null,"data":"2021-01-27T00:00:00Z","municipio":"Guarapari","processo":"Den�ncia N� 182/20"},"geometry":{"type":"MultiPoint","coordinates":[[-40.53598965,-20.69603939]]}},{"type":"Feature","properties":{"fonte":"IEMA","classificacao":null,"tipo_infracao":"INVAS�O EM AREA DE PRESERVA��O AMBIENTAL DO LAMEIR�O","item":null,"gravidade":null,"data":"2014-11-12T00:00:00Z","municipio":"Guarapari","processo":"GFI 15098"},"geometry":{"type":"MultiPoint","coordinates":[[-40.51571917,-20.69460194]]}},{"type":"Feature","properties":{"fonte":"IEMA","classificacao":null,"tipo_infracao":"TORNEARIA SEM LICEN�A AMBIENTAL, BAIRRO CANA�","item":null,"gravidade":null,"data":"2014-03-12T00:00:00Z","municipio":"Viana","processo":"AI 7650"},"geometry":{"type":"MultiPoint","coordinates":[[-41.43522421,-20.68371413]]}},{"type":"Feature","properties":{"fonte":"IEMA","classificacao":null,"tipo_infracao":"TORNEARIA SEM LICEN�A AMBIENTAL, BAIRRO CANA�.","item":null,"gravidade":null,"data":"2014-08-12T00:00:00Z","municipio":"Viana","processo":""},"geometry":{"type":"MultiPoint","coordinates":[[-41.43522421,-20.68371413]]}},{"type":"Feature","properties":{"fonte":"IEMA","classificacao":null,"tipo_infracao":"FABRICA��O DE CARROCERIAS COM PINTURA PARA CAMINH�O SEM LICEN�A AMBIENTAL, EM CANA�","item":null,"gravidade":null,"data":"2014-10-08T00:00:00Z","municipio":"Viana","processo":"GFI 15071"},"geometry":{"type":"MultiPoint","coordinates":[[-41.43522421,-20.68371413]]}},{"type":"Feature","properties":{"fonte":"IEMA","classificacao":null,"tipo_infracao":"Extra��o irregular de areia e parcelamento irregular do solo","item":null,"gravidade":null,"data":"2017-08-23T00:00:00Z","municipio":"Guarapari","processo":"PROT. 2694/17"},"geometry":{"type":"MultiPoint","coordinates":[[-40.51507826,-20.69386682]]}},{"type":"Feature","properties":{"fonte":"IEMA","classificacao":null,"tipo_infracao":"EXTRA��O IRREGULAR DE AREIA E PARCELAMENTO IRREGULAR DO SOLO","item":null,"gravidade":null,"data":"2017-09-15T00:00:00Z","municipio":"Guarapari","processo":"GFI 565/17"},"geometry":{"type":"MultiPoint","coordinates":[[-40.51507826,-20.69386682]]}},{"type":"Feature","properties":{"fonte":"IEMA","classificacao":null,"tipo_infracao":"EXTRA��O IRREGULAR  DE AREIA E PARCELAMENTO DO SOLO - LAMEIR�O","item":null,"gravidade":null,"data":"2017-10-04T00:00:00Z","municipio":"Guarapari","processo":""},"geometry":{"type":"MultiPoint","coordinates":[[-40.51507826,-20.69386682]]}},{"type":"Feature","properties":{"fonte":"IEMA","classificacao":null,"tipo_infracao":"COMERCIO DE AREIA ILEGAL","item":null,"gravidade":null,"data":"2010-02-18T00:00:00Z","municipio":"Guarapari","processo":"AI/ 03487"},"geometry":{"type":"MultiPoint","coordinates":[[-40.51398854,-20.69337052]]}},{"type":"Feature","properties":{"fonte":"IEMA","classificacao":null,"tipo_infracao":"COMERCIO DE AREIA ILEGAL","item":null,"gravidade":null,"data":"2011-06-20T00:00:00Z","municipio":"Guarapari","processo":""},"geometry":{"type":"MultiPoint","coordinates":[[-40.51398854,-20.69337052]]}},{"type":"Feature","properties":{"fonte":"IEMA","classificacao":null,"tipo_infracao":"SOLICITAM VISTORIA PARA VERIFICAR EXTRA��O DE AREIA SEM AUTORIZA��O, NA RODOVIA PADRE ANCHIETA","item":null,"gravidade":null,"data":"2009-09-02T00:00:00Z","municipio":"Guarapari","processo":"Prot. 08867/09"},"geometry":{"type":"MultiPoint","coordinates":[[-40.51118143,-20.6910374]]}},{"type":"Feature","properties":{"fonte":"IEMA","classificacao":null,"tipo_infracao":"EXTRA��O DE AREIA CLANDESTINA EM APP","item":null,"gravidade":null,"data":"2012-03-21T00:00:00Z","municipio":"Guarapari","processo":"GFI 27/11"},"geometry":{"type":"MultiPoint","coordinates":[[-40.51236517,-20.69036756]]}},{"type":"Feature","properties":{"fonte":"IEMA","classificacao":null,"tipo_infracao":"CONSTRU��O PROXIMO A MANGUESAL","item":null,"gravidade":null,"data":"2010-01-13T00:00:00Z","municipio":"Guarapari","processo":"AI E TE/ 03393"},"geometry":{"type":"MultiPoint","coordinates":[[-40.53240355,-20.68786888]]}},{"type":"Feature","properties":{"fonte":"IEMA","classificacao":null,"tipo_infracao":"CONSTRU��O PROXIMO A MANGUESAL","item":null,"gravidade":null,"data":"2010-09-03T00:00:00Z","municipio":"Guarapari","processo":""},"geometry":{"type":"MultiPoint","coordinates":[[-40.53240355,-20.68786888]]}},{"type":"Feature","properties":{"fonte":"IEMA","classificacao":null,"tipo_infracao":"DESVASTA��O DE MANGUE, EM RECREIO ATL�NTICO.","item":null,"gravidade":null,"data":"2013-07-31T00:00:00Z","municipio":"Guarapari","processo":"PROT. 4827/13 E"},"geometry":{"type":"MultiPoint","coordinates":[[-40.53559936,-20.68778623]]}},{"type":"Feature","properties":{"fonte":"IEMA","classificacao":null,"tipo_infracao":"CONSTRU��O DE IM�VEIS DENTRO EM �REA DE MANGUEZAL NO BAIRRO LAMEIR�O.","item":null,"gravidade":null,"data":"2013-07-04T00:00:00Z","municipio":"Guarapari","processo":"PROT. 28895/10 M"},"geometry":{"type":"MultiPoint","coordinates":[[-40.53239104,-20.68757992]]}},{"type":"Feature","properties":{"fonte":"IEMA","classificacao":null,"tipo_infracao":"DEP�SITO DE MATERIAL RECICL�VEL SEM LICEN�A AMBIENTAL, BAIRRO IPIRANGA","item":null,"gravidade":null,"data":"2012-02-13T00:00:00Z","municipio":"Guarapari","processo":"AI 05088"},"geometry":{"type":"MultiPoint","coordinates":[[-40.50978559,-20.68482549]]}},{"type":"Feature","properties":{"fonte":"IEMA","classificacao":null,"tipo_infracao":"CRIA��O DE PORCOS SOBRE �REA DE MANGUE ATERRADA, EM KUBISTCHEK","item":null,"gravidade":null,"data":"2011-11-30T00:00:00Z","municipio":"Guarapari","processo":"AI E AE/I 05089"},"geometry":{"type":"MultiPoint","coordinates":[[-40.51390528,-20.68401245]]}},{"type":"Feature","properties":{"fonte":"IEMA","classificacao":null,"tipo_infracao":"CRIA��O DE PORCOS SOBRE �REA DE MANGUE ATERRADA, EM KUBISTCHEK.","item":null,"gravidade":null,"data":"2013-03-01T00:00:00Z","municipio":"Guarapari","processo":""},"geometry":{"type":"MultiPoint","coordinates":[[-40.51390528,-20.68401245]]}},{"type":"Feature","properties":{"fonte":"IEMA","classificacao":null,"tipo_infracao":"POUSADA EM �REA URBANA LAN�ANDO EFLUENTE DE ESGOTO DOM�STICO EM �REA DE MANGUEZAL, EM IPIRANGA","item":null,"gravidade":null,"data":"2013-01-16T00:00:00Z","municipio":"Guarapari","processo":"Prot. 12649/11 G (2)"},"geometry":{"type":"MultiPoint","coordinates":[[-40.50793302,-20.68386608]]}},{"type":"Feature","properties":{"fonte":"IEMA","classificacao":null,"tipo_infracao":"POUSADA EM �REA URBANA LAN�ANDO EFLUENTE DE ESGOTO DOM�STICO EM �REA DE MANGUEZAL, EM IPIRANGA.","item":null,"gravidade":null,"data":"2014-08-14T00:00:00Z","municipio":"Guarapari","processo":""},"geometry":{"type":"MultiPoint","coordinates":[[-40.50793302,-20.68386608]]}},{"type":"Feature","properties":{"fonte":"IEMA","classificacao":null,"tipo_infracao":"CONTRU��O DE CASA EM APP, RUAS CONHA DE OSTRA, BAIRRO KUBITSCHEK","item":null,"gravidade":null,"data":"2009-09-22T00:00:00Z","municipio":"Guarapari","processo":"AI E TE/ 0929"},"geometry":{"type":"MultiPoint","coordinates":[[-40.52262962,-20.68193917]]}},{"type":"Feature","properties":{"fonte":"IEMA","classificacao":null,"tipo_infracao":"CONSTRU��O CIVIL COM CERCAMENTO DE TERRENO NA RDS CONCHA D'OSTRA.","item":null,"gravidade":null,"data":"2012-02-03T00:00:00Z","municipio":"Guarapari","processo":""},"geometry":{"type":"MultiPoint","coordinates":[[-40.52143933,-20.68194065]]}},{"type":"Feature","properties":{"fonte":"IEMA","classificacao":null,"tipo_infracao":"ATERRO DE MANGUE COM ENTULHO, ABERTURA DE CAMINHO E LAN�AMENTO DE RES�DUOS SOBRE O MANGUE, EM KUBISTCHEK","item":null,"gravidade":null,"data":"2011-11-24T00:00:00Z","municipio":"Guarapari","processo":"AI E AE/I 05090"},"geometry":{"type":"MultiPoint","coordinates":[[-40.51580427,-20.681909]]}},{"type":"Feature","properties":{"fonte":"IEMA","classificacao":null,"tipo_infracao":"ATERRO DE MANGUE COM ENTULHO, ABERTURA DE CAMINHO E LAN�AMENTO DE RES�DUOS SOBRE O MANGUE, EM KUBISTCHEK.","item":null,"gravidade":null,"data":"2012-02-10T00:00:00Z","municipio":"Guarapari","processo":""},"geometry":{"type":"MultiPoint","coordinates":[[-40.51580427,-20.681909]]}},{"type":"Feature","properties":{"fonte":"IEMA","classificacao":null,"tipo_infracao":"DISPOSI��O DE RES�DUOS S�LIDOS URBANOS SEM LICEN�A AMBIENTAL, ROD DO SOL KM 58, ALDEIA VELHA","item":null,"gravidade":null,"data":"2014-09-17T00:00:00Z","municipio":"Guarapari","processo":"AI 10879"},"geometry":{"type":"MultiPoint","coordinates":[[-40.56320785,-20.68125972]]}},{"type":"Feature","properties":{"fonte":"IEMA","classificacao":null,"tipo_infracao":"DISPOSI��O DE RES�DUOS S�LIDOS URBANOS SEM LICEN�A AMBIENTAL, ROD DO SOL KM 58, ALDEIA VELHA.","item":null,"gravidade":null,"data":"2014-10-13T00:00:00Z","municipio":"Guarapari","processo":""},"geometry":{"type":"MultiPoint","coordinates":[[-40.56320785,-20.68125972]]}},{"type":"Feature","properties":{"fonte":"IEMA","classificacao":null,"tipo_infracao":"CRIA��O DE PORCOS SOBRE �REA DE MANGUE ATERRADA, EM KUBISTCHEK","item":null,"gravidade":null,"data":"2011-12-01T00:00:00Z","municipio":"Guarapari","processo":"AI E AE/I 05092"},"geometry":{"type":"MultiPoint","coordinates":[[-40.5159129,-20.68124859]]}},{"type":"Feature","properties":{"fonte":"IEMA","classificacao":null,"tipo_infracao":"CRIA��O DE PORCOS SOBRE �REA DE MANGUE ATERRADA, EM KUBISTCHEK.","item":null,"gravidade":null,"data":"2013-12-02T00:00:00Z","municipio":"Guarapari","processo":""},"geometry":{"type":"MultiPoint","coordinates":[[-40.5159129,-20.68124859]]}},{"type":"Feature","properties":{"fonte":"IEMA","classificacao":null,"tipo_infracao":"CRIA��O DE PORCOS SOBRE �REA DE MANGUE ATERRADA, EM KUBISTCHEK","item":null,"gravidade":null,"data":"2011-12-01T00:00:00Z","municipio":"Guarapari","processo":"AI E AE/I 05091"},"geometry":{"type":"MultiPoint","coordinates":[[-40.51595021,-20.68113986]]}},{"type":"Feature","properties":{"fonte":"IEMA","classificacao":null,"tipo_infracao":"CRIA��O DE PORCOS SOBRE �REA DE MANGUE ATERRADA, EM KUBISTCHEK.","item":null,"gravidade":null,"data":"2013-12-03T00:00:00Z","municipio":"Guarapari","processo":""},"geometry":{"type":"MultiPoint","coordinates":[[-40.51595021,-20.68113986]]}},{"type":"Feature","properties":{"fonte":"IEMA","classificacao":null,"tipo_infracao":"OCUPA��O DESORDENADANA RESERVA ESTADUAL RDS CONCHA D'OSTRA,","item":null,"gravidade":null,"data":"2011-12-30T00:00:00Z","municipio":"Guarapari","processo":"AI 04587"},"geometry":{"type":"MultiPoint","coordinates":[[-40.52083073,-20.68059098]]}},{"type":"Feature","properties":{"fonte":"IEMA","classificacao":null,"tipo_infracao":"EDIFICA��O DE CONSTRU��O CIVIL EM UNIDADE DE CONSERVA��O CONCHA D'OSTRA","item":null,"gravidade":null,"data":"2011-06-21T00:00:00Z","municipio":"Guarapari","processo":"AI E AE/I 9735"},"geometry":{"type":"MultiPoint","coordinates":[[-40.52363753,-20.68001515]]}},{"type":"Feature","properties":{"fonte":"IEMA","classificacao":null,"tipo_infracao":"EDIFICA��O DE CONSTRU��O CIVIL EM UNIDADE DE CONSERVA��O CONCHA D'OSTRA.","item":null,"gravidade":null,"data":"2011-11-25T00:00:00Z","municipio":"Guarapari","processo":""},"geometry":{"type":"MultiPoint","coordinates":[[-40.52363753,-20.68001515]]}},{"type":"Feature","properties":{"fonte":"IEMA","classificacao":null,"tipo_infracao":"OCUPA��O DESORDENADANA RESERVA ESTADUAL RDS CONCHA D'OSTRA,","item":null,"gravidade":null,"data":"2011-12-30T00:00:00Z","municipio":"Guarapari","processo":"AI 04588"},"geometry":{"type":"MultiPoint","coordinates":[[-40.52092041,-20.67995784]]}},{"type":"Feature","properties":{"fonte":"IEMA","classificacao":null,"tipo_infracao":"OFICINA DE LANTERNAGEM E PINTURA SEM LICEN�A AMBIENTAL, EM IPIRANGA","item":null,"gravidade":null,"data":"2009-10-07T00:00:00Z","municipio":"Guarapari","processo":"AI 02988"},"geometry":{"type":"MultiPoint","coordinates":[[-40.50564205,-20.67933316]]}},{"type":"Feature","properties":{"fonte":"IEMA","classificacao":null,"tipo_infracao":"OFICINA MECANICA SEM LICEN�A AMBIENTAL, EM IPIRANGA.","item":null,"gravidade":null,"data":"2014-06-24T00:00:00Z","municipio":"Guarapari","processo":""},"geometry":{"type":"MultiPoint","coordinates":[[-40.50564205,-20.67933316]]}},{"type":"Feature","properties":{"fonte":"IEMA","classificacao":null,"tipo_infracao":"OCUPA��O DESORDENADANA RESERVA ESTADUAL RDS CONCHA D'OSTRA,.","item":null,"gravidade":null,"data":"2012-04-04T00:00:00Z","municipio":"Guarapari","processo":""},"geometry":{"type":"MultiPoint","coordinates":[[-40.52332412,-20.67842801]]}},{"type":"Feature","properties":{"fonte":"IEMA","classificacao":null,"tipo_infracao":"CONSTRU��O CIVIL COM CERCAMENTO DE TERRENO NA RDS CONCHA D'OSTRA.","item":null,"gravidade":null,"data":"2012-02-10T00:00:00Z","municipio":"Guarapari","processo":""},"geometry":{"type":"MultiPoint","coordinates":[[-40.5234479,-20.67832754]]}},{"type":"Feature","properties":{"fonte":"IEMA","classificacao":null,"tipo_infracao":"ESTALEIRO SEM LICEN�A AMBIENTA, ESPLANADA, CONCHA D'OSTRA.","item":null,"gravidade":null,"data":"2013-08-05T00:00:00Z","municipio":"Guarapari","processo":""},"geometry":{"type":"MultiPoint","coordinates":[[-40.52614136,-20.67794238]]}},{"type":"Feature","properties":{"fonte":"IEMA","classificacao":null,"tipo_infracao":"CONSTRU��O CIVIL COM CERCAMENTO DE TERRENO NA RDS CONCHA D'OSTRA","item":null,"gravidade":null,"data":"2011-11-25T00:00:00Z","municipio":"Guarapari","processo":"AI E AE/I 04589"},"geometry":{"type":"MultiPoint","coordinates":[[-40.52367276,-20.67777451]]}},{"type":"Feature","properties":{"fonte":"IEMA","classificacao":null,"tipo_infracao":"EDIFICA��O DE CONSTRU��O CIVIL DENTRO DA UNIDADE DE CONSERVA��O CONCHA D'OSTRA.","item":null,"gravidade":null,"data":"2014-10-23T00:00:00Z","municipio":"Guarapari","processo":""},"geometry":{"type":"MultiPoint","coordinates":[[-40.52358565,-20.67770301]]}},{"type":"Feature","properties":{"fonte":"IEMA","classificacao":null,"tipo_infracao":"ESTALEIRO SEM LICEN�A AMBIENTAL, EM KUBITSCHEK.","item":null,"gravidade":null,"data":"2012-09-13T00:00:00Z","municipio":"Guarapari","processo":""},"geometry":{"type":"MultiPoint","coordinates":[[-40.52618294,-20.67730062]]}},{"type":"Feature","properties":{"fonte":"IEMA","classificacao":null,"tipo_infracao":"EDIFICA��O DE CONSTRU��O CIVIL DENTRO DA UNIDADE DE CONSERVA��O CONCHA D'OSTRA.","item":null,"gravidade":null,"data":"2012-04-12T00:00:00Z","municipio":"Guarapari","processo":""},"geometry":{"type":"MultiPoint","coordinates":[[-40.52331722,-20.67677492]]}},{"type":"Feature","properties":{"fonte":"IEMA","classificacao":null,"tipo_infracao":"P�SSAROS SILVESTRE EM CATIVEIRO .","item":null,"gravidade":null,"data":"2014-06-18T00:00:00Z","municipio":"Guarapari","processo":"PROT. 11795/14 D"},"geometry":{"type":"MultiPoint","coordinates":[[-40.51194768,-20.67535737]]}},{"type":"Feature","properties":{"fonte":"IEMA","classificacao":null,"tipo_infracao":"SOLICITAM APOIO PARA REALIZA��O DE UMA A��O FISCALIZAT�RIA DIA 13/10/13 �S 13 HRS (EM FRENTE A 10� CIA DE GUARAPARI).","item":null,"gravidade":null,"data":"2013-10-08T00:00:00Z","municipio":"Guarapari","processo":"PROT. 23137/13"},"geometry":{"type":"MultiPoint","coordinates":[[-40.52510081,-20.6746724]]}},{"type":"Feature","properties":{"fonte":"IEMA","classificacao":null,"tipo_infracao":"ESTRUTURA (DECK E PIER) SOBRE O CANAL, NO BAIRRO OL�RIO","item":null,"gravidade":null,"data":"2012-04-13T00:00:00Z","municipio":"Guarapari","processo":"AI 06558"},"geometry":{"type":"MultiPoint","coordinates":[[-40.51104465,-20.67043294]]}},{"type":"Feature","properties":{"fonte":"IEMA","classificacao":null,"tipo_infracao":"COMERCIO DE LAGOSTA ABAIXO DO TAMANHO MINIMO ESTABELECIDO POR LEI .","item":null,"gravidade":null,"data":"2014-11-07T00:00:00Z","municipio":"Guarapari","processo":"PROT. 13628/14 O"},"geometry":{"type":"MultiPoint","coordinates":[[-40.50110888,-20.67030292]]}},{"type":"Feature","properties":{"fonte":"IEMA","classificacao":null,"tipo_infracao":"ACIDENTE MAR�TIMO NO CANAL DE GUARAPARI BARCO DE PESCA AFUNDADO","item":null,"gravidade":null,"data":"2014-07-03T00:00:00Z","municipio":"Guarapari","processo":"GFI 26/14"},"geometry":{"type":"MultiPoint","coordinates":[[-40.50326276,-20.66971503]]}},{"type":"Feature","properties":{"fonte":"IEMA","classificacao":null,"tipo_infracao":"ESTALEIRO SEM LICEN�A AMBIENTAL, EM MUQUI�ABA","item":null,"gravidade":null,"data":"2014-08-07T00:00:00Z","municipio":"Guarapari","processo":"GFI 13661"},"geometry":{"type":"MultiPoint","coordinates":[[-40.50015545,-20.6680257]]}},{"type":"Feature","properties":{"fonte":"IEMA","classificacao":null,"tipo_infracao":"ESTALEIRO SEM LICEN�A AMBIENTAL, EM MUQUI�ABA.","item":null,"gravidade":null,"data":"2015-01-05T00:00:00Z","municipio":"Guarapari","processo":""},"geometry":{"type":"MultiPoint","coordinates":[[-40.50015545,-20.6680257]]}},{"type":"Feature","properties":{"fonte":"IEMA","classificacao":null,"tipo_infracao":"ACIDENTE DE NAVEGA��O","item":null,"gravidade":null,"data":"2017-01-09T00:00:00Z","municipio":"Guarapari","processo":"GFI 34/17"},"geometry":{"type":"MultiPoint","coordinates":[[-40.49607678,-20.6671126]]}},{"type":"Feature","properties":{"fonte":"IEMA","classificacao":null,"tipo_infracao":"FABRICA��O DE BLOCOS, ITAPEBU�U","item":null,"gravidade":null,"data":"2009-10-07T00:00:00Z","municipio":"Guarapari","processo":"AI E TE/ 03320"},"geometry":{"type":"MultiPoint","coordinates":[[-40.51166237,-20.66592878]]}},{"type":"Feature","properties":{"fonte":"IEMA","classificacao":null,"tipo_infracao":"FABRICA��O DE BLOCOS, ITAPEBU�U","item":null,"gravidade":null,"data":"2010-01-13T00:00:00Z","municipio":"Guarapari","processo":""},"geometry":{"type":"MultiPoint","coordinates":[[-40.51166237,-20.66592878]]}},{"type":"Feature","properties":{"fonte":"IEMA","classificacao":null,"tipo_infracao":"ATERRO EM APP","item":null,"gravidade":null,"data":"2016-05-04T00:00:00Z","municipio":"Guarapari","processo":"GFI 502/16"},"geometry":{"type":"MultiPoint","coordinates":[[-40.50976909,-20.66568339]]}},{"type":"Feature","properties":{"fonte":"IEMA","classificacao":null,"tipo_infracao":"FUNCIONAMENTO DE ESTALEIRO SEM LICEN�A AMBIENTAL, EM ITAPEBUSSU","item":null,"gravidade":null,"data":"2009-08-18T00:00:00Z","municipio":"Guarapari","processo":"AI 2236"},"geometry":{"type":"MultiPoint","coordinates":[[-40.5131159,-20.66538305]]}},{"type":"Feature","properties":{"fonte":"IEMA","classificacao":null,"tipo_infracao":"ACIDENTE RODOVI�RIO NA ROD. BR 101, KM 345 - PONTO 334042/7714287","item":null,"gravidade":null,"data":"2016-04-19T00:00:00Z","municipio":"Guarapari","processo":"GFI 28648"},"geometry":{"type":"MultiPoint","coordinates":[[-40.59314338,-20.66342477]]}},{"type":"Feature","properties":{"fonte":"IEMA","classificacao":null,"tipo_infracao":"ACIDENTE RODOVI�RIO NA ROD. BR 101, KM 345 - PONTO 334042/7714287","item":null,"gravidade":null,"data":"2016-04-19T00:00:00Z","municipio":"Guarapari","processo":"GFI 28648"},"geometry":{"type":"MultiPoint","coordinates":[[-40.59314338,-20.66342477]]}},{"type":"Feature","properties":{"fonte":"IEMA","classificacao":null,"tipo_infracao":"ATERRO E DISPOSI��O DE RES�DUOS S�LIDOS NO MANGUEZAL DE MUQUI�ABA.","item":null,"gravidade":null,"data":"2011-01-25T00:00:00Z","municipio":"Guarapari","processo":""},"geometry":{"type":"MultiPoint","coordinates":[[-40.68040084,-20.66215405]]}},{"type":"Feature","properties":{"fonte":"IEMA","classificacao":null,"tipo_infracao":"OCUPA��O SOBRE RESTINGA, TABULEIROS, LAGOAS E ALAGADOS, NO BAIRRO ITAPEBU�U","item":null,"gravidade":null,"data":"2010-02-10T00:00:00Z","municipio":"Guarapari","processo":"GFI 8009"},"geometry":{"type":"MultiPoint","coordinates":[[-40.51016932,-20.65956412]]}},{"type":"Feature","properties":{"fonte":"IEMA","classificacao":null,"tipo_infracao":"Loteamento sem sistema de esgotamento sanit�rio","item":null,"gravidade":null,"data":"2020-01-02T00:00:00Z","municipio":"Guarapari","processo":"GFI 239/03"},"geometry":{"type":"MultiPoint","coordinates":[[-40.50649587,-20.65884644]]}},{"type":"Feature","properties":{"fonte":"IEMA","classificacao":null,"tipo_infracao":"LAVAGEM DE VE�CULOS SOBRE O SOLO SEM LICEN�A AMBIENTAL, RETA GRANDE, ZONA RURAL.","item":null,"gravidade":null,"data":"2012-05-30T00:00:00Z","municipio":"Guarapari","processo":""},"geometry":{"type":"MultiPoint","coordinates":[[-40.6166045,-20.65747031]]}},{"type":"Feature","properties":{"fonte":"IEMA","classificacao":null,"tipo_infracao":"LANTERNAGEM E PINTURA POR ASPERS�O SEM LICEN�A AMBIENTAL, RODOVIA BR 101 KM 344, SERRA QUEIMADA","item":null,"gravidade":null,"data":"2014-09-16T00:00:00Z","municipio":"Guarapari","processo":"AI 7907"},"geometry":{"type":"MultiPoint","coordinates":[[-40.61675738,-20.65740565]]}},{"type":"Feature","properties":{"fonte":"IEMA","classificacao":null,"tipo_infracao":"LAVADOR DE VE�CULO SEM LICEN�A AMBIENTAL, EM SERRA DOURADA.","item":null,"gravidade":null,"data":"2013-06-12T00:00:00Z","municipio":"Guarapari","processo":""},"geometry":{"type":"MultiPoint","coordinates":[[-40.61728393,-20.65728328]]}},{"type":"Feature","properties":{"fonte":"IEMA","classificacao":null,"tipo_infracao":"SUPOSTO DERRAMAMENTO DE ESGOTO SANIT�RIO NA PRAIA DO MORRO","item":null,"gravidade":null,"data":"2014-07-23T00:00:00Z","municipio":"Guarapari","processo":"GFI 830/13"},"geometry":{"type":"MultiPoint","coordinates":[[-40.49323302,-20.65800419]]}},{"type":"Feature","properties":{"fonte":"IEMA","classificacao":null,"tipo_infracao":"DEGRADA��O EM �REA DE APP, LOTEAMENTO ITAPEBUSSU.","item":null,"gravidade":null,"data":"2014-07-25T00:00:00Z","municipio":"Guarapari","processo":""},"geometry":{"type":"MultiPoint","coordinates":[[-40.50712898,-20.65783818]]}},{"type":"Feature","properties":{"fonte":"IEMA","classificacao":null,"tipo_infracao":"REALIZA��O DE OBRA EM APP DE RECURSO H�DRICO, EM ITAPEBUSSU","item":null,"gravidade":null,"data":"2009-09-14T00:00:00Z","municipio":"Guarapari","processo":"AI E AE/I 2235"},"geometry":{"type":"MultiPoint","coordinates":[[-40.50968042,-20.65768037]]}},{"type":"Feature","properties":{"fonte":"IEMA","classificacao":null,"tipo_infracao":"ACIDENTE COM TOMBAMENTO DE CAMINH�O TANQUE COM VAZAMENTO DE PRODUTO PLEO CAPSOLU. COORD 335487/7715174.","item":null,"gravidade":null,"data":"2023-06-30T00:00:00Z","municipio":"Guarapari","processo":"GFI 062/2023"},"geometry":{"type":"MultiPoint","coordinates":[[-40.57919303,-20.65554043]]}},{"type":"Feature","properties":{"fonte":"IEMA","classificacao":null,"tipo_infracao":"�REA DE IMPLANTA��O MINHA CASA MINHA VIDA EM APP EM CAMURUGI","item":null,"gravidade":null,"data":"2011-09-28T00:00:00Z","municipio":"Guarapari","processo":"GFI 39/11"},"geometry":{"type":"MultiPoint","coordinates":[[-40.51994294,-20.65504277]]}},{"type":"Feature","properties":{"fonte":"IEMA","classificacao":null,"tipo_infracao":"�REA DE IMPLANTA��O MINHA CASA MINHA VIDA EM APP EM CAMURUGI.","item":null,"gravidade":null,"data":"2011-12-09T00:00:00Z","municipio":"Guarapari","processo":""},"geometry":{"type":"MultiPoint","coordinates":[[-40.51994294,-20.65504277]]}},{"type":"Feature","properties":{"fonte":"IEMA","classificacao":null,"tipo_infracao":"LOTEAMENTO CH�CARAS BELAS, BAIRRO S�O JOS�","item":null,"gravidade":null,"data":"2011-12-09T00:00:00Z","municipio":"Guarapari","processo":"GFI 38/11"},"geometry":{"type":"MultiPoint","coordinates":[[-40.51387732,-20.65019988]]}},{"type":"Feature","properties":{"fonte":"IEMA","classificacao":null,"tipo_infracao":"CORTE A ACABAMENTO DE M�RMORES E GRANITOS SEM LICEN�A AMBIENTAL, EM JARDIM SANTA ROSA.","item":null,"gravidade":null,"data":"2011-08-10T00:00:00Z","municipio":"Guarapari","processo":"PROT. 27043/10"},"geometry":{"type":"MultiPoint","coordinates":[[-40.48283878,-20.63922239]]}},{"type":"Feature","properties":{"fonte":"IEMA","classificacao":null,"tipo_infracao":"CORTE A ACABAMENTO DE M�RMORES E GRANITOS SEM LICEN�A AMBIENTAL, EM JARDIM SANTA ROSA.","item":null,"gravidade":null,"data":"2012-03-29T00:00:00Z","municipio":"Guarapari","processo":""},"geometry":{"type":"MultiPoint","coordinates":[[-40.48283878,-20.63922239]]}},{"type":"Feature","properties":{"fonte":"IEMA","classificacao":null,"tipo_infracao":"DESMATAMENTO EM �REA DE VEGETA��O NATIVA","item":null,"gravidade":null,"data":"2016-11-08T00:00:00Z","municipio":"Guarapari","processo":""},"geometry":{"type":"MultiPoint","coordinates":[[-40.48343431,-20.63630841]]}},{"type":"Feature","properties":{"fonte":"IEMA","classificacao":null,"tipo_infracao":"CONSTRU��O DE CONDOM�NIO RESIDENCIAL SEM LICEN�A AMBIENTAL, BAIRRO NOSSA SENHORA DE F�TIMA (CONDOM�NIO CIDADE JARDIM E CIDADE HORIZONTE)","item":null,"gravidade":null,"data":"2014-01-06T00:00:00Z","municipio":"Guarapari","processo":"AI 10335"},"geometry":{"type":"MultiPoint","coordinates":[[-40.51495698,-20.6342099]]}},{"type":"Feature","properties":{"fonte":"IEMA","classificacao":null,"tipo_infracao":"CONSTRU��O DE CONDOM�NIO RESIDENCIAL SEM LICEN�A AMBIENTAL, BAIRRO NOSSA SENHORA DE F�TIMA (CONDOM�NIO CIDADE SA�DE)","item":null,"gravidade":null,"data":"2013-12-23T00:00:00Z","municipio":"Guarapari","processo":"AI 10334"},"geometry":{"type":"MultiPoint","coordinates":[[-40.51526978,-20.63381871]]}},{"type":"Feature","properties":{"fonte":"IEMA","classificacao":null,"tipo_infracao":"MIIST. P�BL. DE GUARAPARI, SOLICITA ENCAMINHAMENTO DOS AUTOS DE INFRA��O REF. � CONSTRU��O IRREGULAR DOS SEGUINTES CONDOM�NIOS: CIDADE JARDIM, COND. CIDADE HORIZONTE, COND. CIDADE SA�DE. REF. PROC. ADM N�2014.0030.4563 58","item":null,"gravidade":null,"data":"2014-10-20T00:00:00Z","municipio":"Guarapari","processo":"PROT. 22728/14"},"geometry":{"type":"MultiPoint","coordinates":[[-40.51526978,-20.63381871]]}},{"type":"Feature","properties":{"fonte":"IEMA","classificacao":null,"tipo_infracao":"CONSTRU��O DE CONDOM�NIO RESIDENCIAL SEM LICEN�A AMBIENTAL, BAIRRO NOSSA SENHORA DE F�TIMA (CONDOM�NIO CIDADE SA�DE).","item":null,"gravidade":null,"data":"2014-11-07T00:00:00Z","municipio":"Guarapari","processo":""},"geometry":{"type":"MultiPoint","coordinates":[[-40.51526978,-20.63381871]]}},{"type":"Feature","properties":{"fonte":"IEMA","classificacao":null,"tipo_infracao":"INSTALA��O DE CONDOM�NIO SEM LICEN�A AMBIENTAL, BAIRRO DE F�TIMA (LOTEAMENTO F�TIMA CIDADE JARDIM DE GUARAPARI)","item":null,"gravidade":null,"data":"2014-01-06T00:00:00Z","municipio":"Guarapari","processo":"AI 10338"},"geometry":{"type":"MultiPoint","coordinates":[[-40.51607392,-20.63362194]]}},{"type":"Feature","properties":{"fonte":"IEMA","classificacao":null,"tipo_infracao":"DEP�SITO DE PRODUTOS EXTRATIVOS MINERAL COM LICEN�A AMBIENTAL UTILIZANDO INADEQUADAMENTE UM TERRENO VIZINHO PARA DEP�SITO, EM JARDIM SANTA ROSA","item":null,"gravidade":null,"data":"2014-03-13T00:00:00Z","municipio":"Guarapari","processo":"GFI 13673 B"},"geometry":{"type":"MultiPoint","coordinates":[[-40.49101357,-20.63315359]]}},{"type":"Feature","properties":{"fonte":"IEMA","classificacao":null,"tipo_infracao":"EXTRA��O DE TERRA","item":null,"gravidade":null,"data":"2011-09-26T00:00:00Z","municipio":"Guarapari","processo":"RR 317/10"},"geometry":{"type":"MultiPoint","coordinates":[[-40.43425447,-20.63145718]]}},{"type":"Feature","properties":{"fonte":"IEMA","classificacao":null,"tipo_infracao":"ATERRO DE APP","item":null,"gravidade":null,"data":"2015-05-06T00:00:00Z","municipio":"Vila Velha","processo":"GFI 27470"},"geometry":{"type":"MultiPoint","coordinates":[[-40.52124263,-20.63036052]]}},{"type":"Feature","properties":{"fonte":"IEMA","classificacao":null,"tipo_infracao":"FABRICA DE BLOCOS DE CONCRETO SEM LICEN�A AMBIENTAL, EM JARDIM SANTA ROSA.","item":null,"gravidade":null,"data":"2012-12-03T00:00:00Z","municipio":"Guarapari","processo":""},"geometry":{"type":"MultiPoint","coordinates":[[-40.48842557,-20.63050193]]}},{"type":"Feature","properties":{"fonte":"IEMA","classificacao":null,"tipo_infracao":"PD. JUDICI�RIO  DE GUARAPARI, ENCAMINHA C�PIA DO DESPACHO DE FLS. 376. REF. CARTA PRECAT�RIA N�003245/2014. PROCESSO N�021.11.006723 4","item":null,"gravidade":null,"data":"2014-07-02T00:00:00Z","municipio":"Guarapari","processo":"PROT. 7.434/14"},"geometry":{"type":"MultiPoint","coordinates":[[-40.44429395,-20.6306237]]}},{"type":"Feature","properties":{"fonte":"IEMA","classificacao":null,"tipo_infracao":"CONSTRU��O EM �REA DE PRESERVA��O AMBIENTAL SANTA M�NICA GUARAPARI.","item":null,"gravidade":null,"data":"2022-04-29T00:00:00Z","municipio":"Guarapari","processo":""},"geometry":{"type":"MultiPoint","coordinates":[[-40.44412989,-20.6305257]]}},{"type":"Feature","properties":{"fonte":"IEMA","classificacao":null,"tipo_infracao":"Extra��o mineral (argila)","item":null,"gravidade":null,"data":"2020-07-06T00:00:00Z","municipio":"Vila Velha","processo":"Prot. 6880/2020"},"geometry":{"type":"MultiPoint","coordinates":[[-40.47669723,-20.62931079]]}},{"type":"Feature","properties":{"fonte":"IEMA","classificacao":null,"tipo_infracao":"Acidente rodovi�rio com carreta transportando um guindaste na rodovia BR 101 sul - Km 336 em Guarapar�. Na ocasi�o ocorreu o tombamento do equipamento vazando oleo sobre a pista e vegeta��o marginal.","item":null,"gravidade":null,"data":"2018-01-05T00:00:00Z","municipio":"Guarapari","processo":"GFI 003/18"},"geometry":{"type":"MultiPoint","coordinates":[[-40.53686595,-20.62856001]]}},{"type":"Feature","properties":{"fonte":"IEMA","classificacao":null,"tipo_infracao":"Cl�nica Psiqui�trica","item":null,"gravidade":null,"data":"2020-02-28T00:00:00Z","municipio":"Guarapari","processo":"DEN�NCIA 74/20"},"geometry":{"type":"MultiPoint","coordinates":[[-40.44624634,-20.62905354]]}},{"type":"Feature","properties":{"fonte":"IEMA","classificacao":null,"tipo_infracao":"ACIDENTE RODOVI�RIO COM VAZAMENTO �LEO DO MOTOR, BR 101 TREVO DE GUARAPARI.","item":null,"gravidade":null,"data":"2014-11-04T00:00:00Z","municipio":"Guarapari","processo":""},"geometry":{"type":"MultiPoint","coordinates":[[-40.52754049,-20.62776648]]}},{"type":"Feature","properties":{"fonte":"IEMA","classificacao":null,"tipo_infracao":"ACIDENTE RODOVI�RIO COM VAZAMENTO �LEO DO MOTOR, BR 101 TREVO DE GUARAPARI","item":null,"gravidade":null,"data":"2014-11-04T00:00:00Z","municipio":"Guarapari","processo":"AI 10543"},"geometry":{"type":"MultiPoint","coordinates":[[-40.52754049,-20.62776648]]}},{"type":"Feature","properties":{"fonte":"IEMA","classificacao":null,"tipo_infracao":"ACIDENTE COMTRANSPORTE DE PRODUTOS  EM GERAL","item":null,"gravidade":null,"data":"2016-05-10T00:00:00Z","municipio":"Guarapari","processo":""},"geometry":{"type":"MultiPoint","coordinates":[[-40.52754049,-20.62776648]]}},{"type":"Feature","properties":{"fonte":"IEMA","classificacao":null,"tipo_infracao":"ACIDENTE RODOVI�RIO COM DERRAMAMENTO DE SODA C�USTICA ATINGINDO O SOLO, VEGETA��O, CORPO H�DRICO E RODOVIA, ROD BR 101 KM 335","item":null,"gravidade":null,"data":"2014-08-07T00:00:00Z","municipio":"Guarapari","processo":"AI 10449"},"geometry":{"type":"MultiPoint","coordinates":[[-40.52750039,-20.6275952]]}},{"type":"Feature","properties":{"fonte":"IEMA","classificacao":null,"tipo_infracao":"ACIDENTE RODOVI�RIO COM DERRAMAMENTO DE SODA C�USTICA ATINGINDO O SOLO, VEGETA��O, CORPO H�DRICO E RODOVIA, ROD BR 101 KM 335.","item":null,"gravidade":null,"data":"2014-09-29T00:00:00Z","municipio":"Guarapari","processo":""},"geometry":{"type":"MultiPoint","coordinates":[[-40.52750039,-20.6275952]]}},{"type":"Feature","properties":{"fonte":"IEMA","classificacao":null,"tipo_infracao":"DISPOSI��O INADEQUADA DE RESIDUOS DE CONTRU��O CIVIL SEM LICEN�A AMBIENTAL","item":null,"gravidade":null,"data":"2012-02-01T00:00:00Z","municipio":"Guarapari","processo":""},"geometry":{"type":"MultiPoint","coordinates":[[-40.44280597,-20.62751042]]}},{"type":"Feature","properties":{"fonte":"IEMA","classificacao":null,"tipo_infracao":"OBRA EM APP DO RIO SEM LICEN�A AMBIENTAL, EM SANTA M�NICA.","item":null,"gravidade":null,"data":"2013-12-10T00:00:00Z","municipio":"Guarapari","processo":"RR 247/12"},"geometry":{"type":"MultiPoint","coordinates":[[-40.44417776,-20.62746282]]}},{"type":"Feature","properties":{"fonte":"IEMA","classificacao":null,"tipo_infracao":"OBRA EM APP DO RIO SEM LICEN�A AMBIENTAL, EM SANTA M�NICA.","item":null,"gravidade":null,"data":"2015-01-12T00:00:00Z","municipio":"Guarapari","processo":""},"geometry":{"type":"MultiPoint","coordinates":[[-40.44417776,-20.62746282]]}},{"type":"Feature","properties":{"fonte":"IEMA","classificacao":null,"tipo_infracao":"Triagem e armazenamento de res�duos recicl�veis","item":null,"gravidade":null,"data":"2019-08-22T00:00:00Z","municipio":"Guarapari","processo":"DEN�NCIA 459/19"},"geometry":{"type":"MultiPoint","coordinates":[[-40.47633684,-20.62577263]]}},{"type":"Feature","properties":{"fonte":"IEMA","classificacao":null,"tipo_infracao":"OBRA DENTRO DO RIO DESVIANDO O CURSO NATURAL DO RIO E DESMATAMENTO, DISTRITO DE CACHOEIRINHA","item":null,"gravidade":null,"data":"2009-08-28T00:00:00Z","municipio":"Guarapari","processo":"GFI 7981"},"geometry":{"type":"MultiPoint","coordinates":[[-40.54366852,-20.62466911]]}},{"type":"Feature","properties":{"fonte":"IEMA","classificacao":null,"tipo_infracao":"CONSTRU��O DE UM MURO DE CONTEN��O NO RIO CACHOEIRINHA E DESMATAMENTO DE MATA CILIAR, EM CACHOEIRINHA.","item":null,"gravidade":null,"data":"2010-01-19T00:00:00Z","municipio":"Guarapari","processo":"Prot. 16421/09"},"geometry":{"type":"MultiPoint","coordinates":[[-40.54366852,-20.62466911]]}},{"type":"Feature","properties":{"fonte":"IEMA","classificacao":null,"tipo_infracao":"�REA DE LAZER, CAMPING E POUSADA SEM LICEN�A AMBIENTAL, S�TIO RIACHO, EM CACHOEIRINHA.","item":null,"gravidade":null,"data":"2013-03-11T00:00:00Z","municipio":"Guarapari","processo":""},"geometry":{"type":"MultiPoint","coordinates":[[-40.54366852,-20.62466911]]}},{"type":"Feature","properties":{"fonte":"IEMA","classificacao":null,"tipo_infracao":"POLIMENTO, CORTE E ACABAMENTO DE ROCHAS ORNAMENTAIS SEM LICEN�A AMBIENTAL, ROD DO SOK KM 06, SETIBA","item":null,"gravidade":null,"data":"2011-08-02T00:00:00Z","municipio":"Guarapari","processo":"Prot. 10139/10"},"geometry":{"type":"MultiPoint","coordinates":[[-40.44031796,-20.62519141]]}},{"type":"Feature","properties":{"fonte":"IEMA","classificacao":null,"tipo_infracao":"FABRICA��O DE  ESTRUTURA  PR� MOLDADOS DE CONCRETO ARMADO","item":null,"gravidade":null,"data":"2010-07-07T00:00:00Z","municipio":"Guarapari","processo":""},"geometry":{"type":"MultiPoint","coordinates":[[-40.47181752,-20.62480845]]}},{"type":"Feature","properties":{"fonte":"IEMA","classificacao":null,"tipo_infracao":"CONSTRU��O EM �REA DE MANGUEZAL, RODOVIA DO SOL, PEROC�O.","item":null,"gravidade":null,"data":"2013-10-07T00:00:00Z","municipio":"Guarapari","processo":"PROT. 29499/11 B"},"geometry":{"type":"MultiPoint","coordinates":[[-40.46978881,-20.6243921]]}},{"type":"Feature","properties":{"fonte":"IEMA","classificacao":null,"tipo_infracao":"BENEFICIAMENTO DE ARGILA","item":null,"gravidade":null,"data":"2009-12-29T00:00:00Z","municipio":"Guarapari","processo":""},"geometry":{"type":"MultiPoint","coordinates":[[-40.44189792,-20.62381411]]}},{"type":"Feature","properties":{"fonte":"IEMA","classificacao":null,"tipo_infracao":"ACIDENTE RODOVIARIO COM TOMBAMENTO DE CARRETA TRANSPORTANDO MAM�O EM RECURSO HIDRICO QUE MARGEIA RODOVIA RESULTANDO EM VAZAMENTO DE OLEO NA AGUA.","item":null,"gravidade":null,"data":"2016-03-02T00:00:00Z","municipio":"Guarapari","processo":"GFI 306/16"},"geometry":{"type":"MultiPoint","coordinates":[[-40.52240782,-20.62305108]]}},{"type":"Feature","properties":{"fonte":"IEMA","classificacao":null,"tipo_infracao":"ACIDENTE RODOVIARIO COM TOMBAMENTO DE CARRETA TRANSPORTANDO MAM�O EM RECURSO HIDRICO QUE MARGEIA RODOVIA RESULTANDO EM VAZAMENTO DE OLEO NA AGUA.","item":null,"gravidade":null,"data":"2016-03-02T00:00:00Z","municipio":"Guarapari","processo":"GFI 306/16"},"geometry":{"type":"MultiPoint","coordinates":[[-40.52240782,-20.62305108]]}},{"type":"Feature","properties":{"fonte":"IEMA","classificacao":null,"tipo_infracao":"INSTALA��O DE EMPRESA DE ENSACAMENTO DE ARGILA NA APA DE SETIBA SEM LICEN�A AMBIENTAL.","item":null,"gravidade":null,"data":"2009-09-24T00:00:00Z","municipio":"Guarapari","processo":"PROT. 22623/08"},"geometry":{"type":"MultiPoint","coordinates":[[-40.44173276,-20.62359868]]}},{"type":"Feature","properties":{"fonte":"IEMA","classificacao":null,"tipo_infracao":"ACIDENTE RODOVI�RIO COM DERRAMAMENTO DE TINTA NO ACOSTAMENTO E VEGETA��O, BR 101 SUM KM 333","item":null,"gravidade":null,"data":"2014-01-21T00:00:00Z","municipio":"Guarapari","processo":"AI 7729"},"geometry":{"type":"MultiPoint","coordinates":[[-40.52062096,-20.62187437]]}},{"type":"Feature","properties":{"fonte":"IEMA","classificacao":null,"tipo_infracao":"Aterro","item":null,"gravidade":null,"data":"2015-08-24T00:00:00Z","municipio":"Guarapari","processo":"GFI 27719"},"geometry":{"type":"MultiPoint","coordinates":[[-40.44200291,-20.62171738]]}},{"type":"Feature","properties":{"fonte":"IEMA","classificacao":null,"tipo_infracao":"INVAS�O DE MANGUEZAL PARA COSNTRU��O DE MORADIAS, EM PEROC�O","item":null,"gravidade":null,"data":"2012-12-18T00:00:00Z","municipio":"Guarapari","processo":"Prot. 09453/11 B"},"geometry":{"type":"MultiPoint","coordinates":[[-40.46869413,-20.62131185]]}},{"type":"Feature","properties":{"fonte":"IEMA","classificacao":null,"tipo_infracao":"ATERRO EM AREA DE MANGUEZAL, NO BAIRRO PEROC�O","item":null,"gravidade":null,"data":"2012-11-29T00:00:00Z","municipio":"Guarapari","processo":"GFI 231/12"},"geometry":{"type":"MultiPoint","coordinates":[[-40.47338112,-20.62076605]]}},{"type":"Feature","properties":{"fonte":"IEMA","classificacao":null,"tipo_infracao":"BENEFICIAMENTO E COMERCIO DE AREIA, SANTA MONICA","item":null,"gravidade":null,"data":"2009-10-07T00:00:00Z","municipio":"Guarapari","processo":"AI/ 0930"},"geometry":{"type":"MultiPoint","coordinates":[[-40.45408227,-20.61851752]]}},{"type":"Feature","properties":{"fonte":"IEMA","classificacao":null,"tipo_infracao":"BENEFICIAMENTO E COMERCIO DE AREIA, SANTA MONICA","item":null,"gravidade":null,"data":"2012-02-08T00:00:00Z","municipio":"Guarapari","processo":""},"geometry":{"type":"MultiPoint","coordinates":[[-40.45408227,-20.61851752]]}},{"type":"Feature","properties":{"fonte":"IEMA","classificacao":null,"tipo_infracao":"OCUPA��O URBANA EM APP, EM PATUR�","item":null,"gravidade":null,"data":"2011-10-20T00:00:00Z","municipio":"Guarapari","processo":"GFI 175/10"},"geometry":{"type":"MultiPoint","coordinates":[[-40.4432913,-20.61587976]]}},{"type":"Feature","properties":{"fonte":"IEMA","classificacao":null,"tipo_infracao":"OCUPA��O URBANA EM APP, EM PATUR�.","item":null,"gravidade":null,"data":"2014-05-08T00:00:00Z","municipio":"Guarapari","processo":""},"geometry":{"type":"MultiPoint","coordinates":[[-40.4432913,-20.61587976]]}},{"type":"Feature","properties":{"fonte":"IEMA","classificacao":null,"tipo_infracao":"Aterro em APP","item":null,"gravidade":null,"data":"2015-08-28T00:00:00Z","municipio":"Guarapari","processo":"RR 704/07 A"},"geometry":{"type":"MultiPoint","coordinates":[[-40.57826017,-20.61348927]]}},{"type":"Feature","properties":{"fonte":"IEMA","classificacao":null,"tipo_infracao":"CAPTA��O DE �GUA PARA IRRIGA��O NA LOCALIDADE DE CACHOEIRINHA, NO RANCHO SONHO MEU","item":null,"gravidade":null,"data":"2009-06-15T00:00:00Z","municipio":"Guarapari","processo":"Prot. 06116/08"},"geometry":{"type":"MultiPoint","coordinates":[[-40.5431659,-20.61192724]]}},{"type":"Feature","properties":{"fonte":"IEMA","classificacao":null,"tipo_infracao":"CAPTA��O DE �GUA PARA IRRIGA��O, RANCHO SONHO MEU, CACHOEIRINHA.","item":null,"gravidade":null,"data":"2009-08-31T00:00:00Z","municipio":"Guarapari","processo":""},"geometry":{"type":"MultiPoint","coordinates":[[-40.5431659,-20.61192724]]}},{"type":"Feature","properties":{"fonte":"IEMA","classificacao":null,"tipo_infracao":"RES�DUOS S�LIDOS DE EMBALAGEM DE SANEAMENTO A BASE DE HIPOCLORITO DE S�DIOS NAS MARGENS DA BR 101 KM 330","item":null,"gravidade":null,"data":"2011-04-15T00:00:00Z","municipio":"Guarapari","processo":"AI 03359"},"geometry":{"type":"MultiPoint","coordinates":[[-40.51023742,-20.61104375]]}},{"type":"Feature","properties":{"fonte":"IEMA","classificacao":null,"tipo_infracao":"RES�DUOS S�LIDOS DE EMBALAGEM DE SANEAMENTO A BASE DE HIPOCLORITO DE S�DIOS NAS MARGENS DA BR 101 KM 330.","item":null,"gravidade":null,"data":"2012-05-04T00:00:00Z","municipio":"Guarapari","processo":""},"geometry":{"type":"MultiPoint","coordinates":[[-40.51023742,-20.61104375]]}},{"type":"Feature","properties":{"fonte":"IEMA","classificacao":null,"tipo_infracao":"TOMBAMENTO DE CAMINH�O COM SODA C�USTICA NAS MARGENS DA RODOVIA BR 101 KM 329 ATINGINDO O SOLO, VEGETA��O E CANAL DE DRENAGEM.","item":null,"gravidade":null,"data":"2014-12-17T00:00:00Z","municipio":"Serra","processo":""},"geometry":{"type":"MultiPoint","coordinates":[[-40.51023742,-20.61104375]]}},{"type":"Feature","properties":{"fonte":"IEMA","classificacao":null,"tipo_infracao":"ACIDENTE RODOVI�RIO COM TOMBAMENTO DE CAL VIRGEM, BR 262 KM 330","item":null,"gravidade":null,"data":"2011-06-21T00:00:00Z","municipio":"Guarapari","processo":"AI 03331"},"geometry":{"type":"MultiPoint","coordinates":[[-40.51026894,-20.61034788]]}},{"type":"Feature","properties":{"fonte":"IEMA","classificacao":null,"tipo_infracao":"ACIDENTE RODOVI�RIO COM TOMBAMENTO DE CAL VIRGEM, BR 262 KM 330.","item":null,"gravidade":null,"data":"2012-01-31T00:00:00Z","municipio":"Guarapari","processo":""},"geometry":{"type":"MultiPoint","coordinates":[[-40.51026894,-20.61034788]]}},{"type":"Feature","properties":{"fonte":"IEMA","classificacao":null,"tipo_infracao":"Interven��es em APP em propriedade rural","item":null,"gravidade":null,"data":"2017-04-27T00:00:00Z","municipio":"Guarapari","processo":"GFI 128/17"},"geometry":{"type":"MultiPoint","coordinates":[[-40.53455891,-20.60996228]]}},{"type":"Feature","properties":{"fonte":"IEMA","classificacao":null,"tipo_infracao":"Restaurante parcialmente em APP","item":null,"gravidade":null,"data":"2017-04-27T00:00:00Z","municipio":"Guarapari","processo":"GFI 126/17"},"geometry":{"type":"MultiPoint","coordinates":[[-40.53676894,-20.60263446]]}},{"type":"Feature","properties":{"fonte":"IEMA","classificacao":null,"tipo_infracao":"AREA DE SOLO EXPOSTO EM APP - BUENOS AIRES","item":null,"gravidade":null,"data":"2017-05-09T00:00:00Z","municipio":"Guarapari","processo":""},"geometry":{"type":"MultiPoint","coordinates":[[-40.53676894,-20.60263446]]}},{"type":"Feature","properties":{"fonte":"IEMA","classificacao":null,"tipo_infracao":"BARRAGEM","item":null,"gravidade":null,"data":"2014-10-02T00:00:00Z","municipio":"Guarapari","processo":"GFI 14852"},"geometry":{"type":"MultiPoint","coordinates":[[-40.4745784,-20.60259792]]}},{"type":"Feature","properties":{"fonte":"IEMA","classificacao":null,"tipo_infracao":"INTERVEN��O EM CORPO D'�GUA E ATERR SEM AUTORIZA��O AMBIENTAL.","item":null,"gravidade":null,"data":"2020-07-03T00:00:00Z","municipio":"Guarapari","processo":""},"geometry":{"type":"MultiPoint","coordinates":[[-40.56158917,-20.60076796]]}},{"type":"Feature","properties":{"fonte":"IEMA","classificacao":null,"tipo_infracao":"CURTUME E OUTRAS PREPARA��ES DE COURO","item":null,"gravidade":null,"data":"2015-08-24T00:00:00Z","municipio":"Guarapari","processo":"250/15"},"geometry":{"type":"MultiPoint","coordinates":[[-40.47201723,-20.59965665]]}},{"type":"Feature","properties":{"fonte":"IEMA","classificacao":null,"tipo_infracao":"beneficiamento de couros","item":null,"gravidade":null,"data":"2015-10-20T00:00:00Z","municipio":"Guarapari","processo":"GFI 250/15"},"geometry":{"type":"MultiPoint","coordinates":[[-40.47201723,-20.59965665]]}},{"type":"Feature","properties":{"fonte":"IEMA","classificacao":null,"tipo_infracao":"ACIDENTE COM CARGA DE VIDRO EM GUARAPARI","item":null,"gravidade":null,"data":"2016-04-06T00:00:00Z","municipio":"Guarapari","processo":"GFI 471/16"},"geometry":{"type":"MultiPoint","coordinates":[[-40.49778829,-20.58896524]]}},{"type":"Feature","properties":{"fonte":"IEMA","classificacao":null,"tipo_infracao":"OBRAS EM APP.","item":null,"gravidade":null,"data":"2012-04-04T00:00:00Z","municipio":"Guarapari","processo":"Prot. 20097/11"},"geometry":{"type":"MultiPoint","coordinates":[[-40.53853126,-20.58703582]]}},{"type":"Feature","properties":{"fonte":"IEMA","classificacao":null,"tipo_infracao":"OBRAS EM APP.","item":null,"gravidade":null,"data":"2014-12-30T00:00:00Z","municipio":"Guarapari","processo":""},"geometry":{"type":"MultiPoint","coordinates":[[-40.53853126,-20.58703582]]}},{"type":"Feature","properties":{"fonte":"IEMA","classificacao":null,"tipo_infracao":"Parcelamento do solo","item":null,"gravidade":null,"data":"2022-04-29T00:00:00Z","municipio":"Guarapari","processo":""},"geometry":{"type":"MultiPoint","coordinates":[[-40.54588339,-20.58645536]]}},{"type":"Feature","properties":{"fonte":"IEMA","classificacao":null,"tipo_infracao":"Acidente com material reciclavel","item":null,"gravidade":null,"data":"2020-02-20T00:00:00Z","municipio":"Guarapari","processo":"GFI 018/2020"},"geometry":{"type":"MultiPoint","coordinates":[[-40.49752967,-20.58605861]]}},{"type":"Feature","properties":{"fonte":"IEMA","classificacao":null,"tipo_infracao":"Acidente com material reciclavel","item":null,"gravidade":null,"data":"2020-02-20T00:00:00Z","municipio":"Guarapari","processo":"GFI 018/2020"},"geometry":{"type":"MultiPoint","coordinates":[[-40.49752967,-20.58605861]]}},{"type":"Feature","properties":{"fonte":"IEMA","classificacao":null,"tipo_infracao":"Acidente rodovi�rio com tambamento de carreta e rompimento do tanque de combustivel","item":null,"gravidade":null,"data":"2018-05-24T00:00:00Z","municipio":"Guarapari","processo":"105/18"},"geometry":{"type":"MultiPoint","coordinates":[[-40.49766387,-20.58604842]]}},{"type":"Feature","properties":{"fonte":"IEMA","classificacao":null,"tipo_infracao":"Acidente rodovi�rio com tambamento de carreta e rompimento do tanque de combustivel","item":null,"gravidade":null,"data":"2018-05-24T00:00:00Z","municipio":"Guarapari","processo":"105/18"},"geometry":{"type":"MultiPoint","coordinates":[[-40.49766387,-20.58604842]]}},{"type":"Feature","properties":{"fonte":"IEMA","classificacao":null,"tipo_infracao":"Acidente rodovi�rio com tambamento de carreta e rompimento do tanque de combustivel","item":null,"gravidade":null,"data":"2018-06-25T00:00:00Z","municipio":"Guarapari","processo":"105/18"},"geometry":{"type":"MultiPoint","coordinates":[[-40.49766387,-20.58604842]]}},{"type":"Feature","properties":{"fonte":"IEMA","classificacao":null,"tipo_infracao":"INTERVEN��O EM APP SEM AUTORIZA��O, EM BUENOS AIRES","item":null,"gravidade":null,"data":"2013-10-09T00:00:00Z","municipio":"Guarapari","processo":"GFI 15322"},"geometry":{"type":"MultiPoint","coordinates":[[-40.54586482,-20.58461267]]}},{"type":"Feature","properties":{"fonte":"IEMA","classificacao":null,"tipo_infracao":"INTERVEN��O EM APP SEM AUTORIZA��O, EM BUENOS AIRES.","item":null,"gravidade":null,"data":"2014-07-02T00:00:00Z","municipio":"Guarapari","processo":""},"geometry":{"type":"MultiPoint","coordinates":[[-40.54586482,-20.58461267]]}},{"type":"Feature","properties":{"fonte":"IEMA","classificacao":null,"tipo_infracao":"ACIDENTE COM DERRAMAMENTO DE CAMINH�O DE COMBUST�VEL COM VAZAMENTO DE �LEO LUBRIFICANTE, BR 101 KM 329","item":null,"gravidade":null,"data":"2014-03-19T00:00:00Z","municipio":"Guarapari","processo":"AI 10416"},"geometry":{"type":"MultiPoint","coordinates":[[-40.49572319,-20.58477338]]}},{"type":"Feature","properties":{"fonte":"IEMA","classificacao":null,"tipo_infracao":"Mortandade de Camar�es","item":null,"gravidade":null,"data":"2015-09-02T00:00:00Z","municipio":"Guarapari","processo":"27982/15"},"geometry":{"type":"MultiPoint","coordinates":[[-40.62194471,-20.58266957]]}},{"type":"Feature","properties":{"fonte":"IEMA","classificacao":null,"tipo_infracao":"BARRAGEM EM �REA DE FAZENDA PARA ABASTECIMENTO DA PROPRIEDADE, EM IGUAPE.","item":null,"gravidade":null,"data":"2012-03-20T00:00:00Z","municipio":"Guarapari","processo":""},"geometry":{"type":"MultiPoint","coordinates":[[-40.50218686,-20.58259445]]}},{"type":"Feature","properties":{"fonte":"IEMA","classificacao":null,"tipo_infracao":"BOVINO CULTURA, NA FAZENDA BELA VISTA EM BARRO BRANCO","item":null,"gravidade":null,"data":"2009-12-08T00:00:00Z","municipio":"Guarapari","processo":"GFI 038/08"},"geometry":{"type":"MultiPoint","coordinates":[[-40.45597537,-20.58042386]]}},{"type":"Feature","properties":{"fonte":"IEMA","classificacao":null,"tipo_infracao":"BARRAGENS E SUINOCULTURA EM APP, FAZ BOA VISTA, BARRO BRANCO.","item":null,"gravidade":null,"data":"2013-04-17T00:00:00Z","municipio":"Guarapari","processo":""},"geometry":{"type":"MultiPoint","coordinates":[[-40.45597537,-20.58042386]]}},{"type":"Feature","properties":{"fonte":"IEMA","classificacao":null,"tipo_infracao":"TRANSPORTE DE EUCALIPTOS","item":null,"gravidade":null,"data":"2015-08-24T00:00:00Z","municipio":"Guarapari","processo":"249/15"},"geometry":{"type":"MultiPoint","coordinates":[[-40.48892984,-20.57771336]]}},{"type":"Feature","properties":{"fonte":"IEMA","classificacao":null,"tipo_infracao":"ACIDENTE RODOVI�RIO","item":null,"gravidade":null,"data":"2015-08-26T00:00:00Z","municipio":"Guarapari","processo":"AI 12253"},"geometry":{"type":"MultiPoint","coordinates":[[-40.48892984,-20.57771336]]}},{"type":"Feature","properties":{"fonte":"IEMA","classificacao":null,"tipo_infracao":"ACIDENTE RODOVI�RIO COM DERRAMAMENTO DE �LEO LUBRIFICANTE E GRAXA NO SOLO E �REA DE ALAGADO E VEGETA��O, BR 101 KM 325","item":null,"gravidade":null,"data":"2014-12-10T00:00:00Z","municipio":"Guarapari","processo":"AI 04265"},"geometry":{"type":"MultiPoint","coordinates":[[-40.48624207,-20.57455657]]}},{"type":"Feature","properties":{"fonte":"IEMA","classificacao":null,"tipo_infracao":"PISCICULTURA SEM LICEN�A AMBIENTAL, EM BARRA DO LIM�O.","item":null,"gravidade":null,"data":"2014-11-20T00:00:00Z","municipio":"Guarapari","processo":""},"geometry":{"type":"MultiPoint","coordinates":[[-40.55241606,-20.56556542]]}},{"type":"Feature","properties":{"fonte":"IEMA","classificacao":null,"tipo_infracao":"Canaliza��o de �guas pluviais","item":null,"gravidade":null,"data":"2016-01-21T00:00:00Z","municipio":"Cariacica","processo":"PROT. 19096/15"},"geometry":{"type":"MultiPoint","coordinates":[[-41.18609942,-20.55583426]]}},{"type":"Feature","properties":{"fonte":"IEMA","classificacao":null,"tipo_infracao":"CIRCULA��O DE VE�CULOS NA APA","item":null,"gravidade":null,"data":"2016-05-04T00:00:00Z","municipio":"Guarapari","processo":"GFI 503 /16"},"geometry":{"type":"MultiPoint","coordinates":[[-40.41142053,-20.56325797]]}},{"type":"Feature","properties":{"fonte":"IEMA","classificacao":null,"tipo_infracao":"DERRAMAMENTO DE COMBUST�VEL AP�S ACIDENTE AFETANDO O SOLO, PLANTIO DE CAF� E PASTAGEM","item":null,"gravidade":null,"data":"2010-06-23T00:00:00Z","municipio":"Serra","processo":"AI/ 2060"},"geometry":{"type":"MultiPoint","coordinates":[[-41.18747172,-20.5538933]]}},{"type":"Feature","properties":{"fonte":"IEMA","classificacao":null,"tipo_infracao":"DERRAMAMENTO DE COMBUST�VEL AP�S ACIDENTE.. AFETANDO O SOLO, PLANTIO DE CAF� E PASTAGEM","item":null,"gravidade":null,"data":"2014-12-30T00:00:00Z","municipio":"Serra","processo":""},"geometry":{"type":"MultiPoint","coordinates":[[-41.18747172,-20.5538933]]}},{"type":"Feature","properties":{"fonte":"IEMA","classificacao":null,"tipo_infracao":"ARMAZENAMENTO DE TORAS DE MADEIRA CAMAR� EM SUA PROPRIEDADE","item":null,"gravidade":null,"data":"2009-07-17T00:00:00Z","municipio":"Guarapari","processo":"REP 03/2008"},"geometry":{"type":"MultiPoint","coordinates":[[-40.41575654,-20.56121702]]}},{"type":"Feature","properties":{"fonte":"IEMA","classificacao":null,"tipo_infracao":"DEP�SITO DE SUCATA SEM LICEN�A AMBIENTAL.","item":null,"gravidade":null,"data":"2014-12-15T00:00:00Z","municipio":"Guarapari","processo":""},"geometry":{"type":"MultiPoint","coordinates":[[-40.48645807,-20.55822161]]}},{"type":"Feature","properties":{"fonte":"IEMA","classificacao":null,"tipo_infracao":"EXTRA��O DE AREIA","item":null,"gravidade":null,"data":"2010-05-04T00:00:00Z","municipio":"Vila Velha","processo":"AI, TAD E TE 03490"},"geometry":{"type":"MultiPoint","coordinates":[[-40.4064324,-20.55694762]]}},{"type":"Feature","properties":{"fonte":"IEMA","classificacao":null,"tipo_infracao":"EXTRA��O DE AREIA","item":null,"gravidade":null,"data":"2010-09-03T00:00:00Z","municipio":"Vila Velha","processo":""},"geometry":{"type":"MultiPoint","coordinates":[[-40.4064324,-20.55694762]]}},{"type":"Feature","properties":{"fonte":"IEMA","classificacao":null,"tipo_infracao":"EXTRA��O DE AREIA, LAGOA DOURADA","item":null,"gravidade":null,"data":"2014-02-26T00:00:00Z","municipio":"Guarapari","processo":"GFI 561/13"},"geometry":{"type":"MultiPoint","coordinates":[[-40.40564916,-20.55625835]]}},{"type":"Feature","properties":{"fonte":"IEMA","classificacao":null,"tipo_infracao":"EXTRA��O DE BARRO EM TERRENO DE ENCOSTA, BAIRRO PRAIA DO SOL","item":null,"gravidade":null,"data":"2013-02-20T00:00:00Z","municipio":"Guarapari","processo":"Prot. 13202/11 B"},"geometry":{"type":"MultiPoint","coordinates":[[-40.4119923,-20.55449933]]}},{"type":"Feature","properties":{"fonte":"IEMA","classificacao":null,"tipo_infracao":"EXTRA��O DE BARRO EM TERRENO DE ENCOSTA, BAIRRO PRAIA DO SOL.","item":null,"gravidade":null,"data":"2013-11-18T00:00:00Z","municipio":"Guarapari","processo":""},"geometry":{"type":"MultiPoint","coordinates":[[-40.4119923,-20.55449933]]}},{"type":"Feature","properties":{"fonte":"IEMA","classificacao":null,"tipo_infracao":"ATERRO AREA DE PANTANO","item":null,"gravidade":null,"data":"2014-11-04T00:00:00Z","municipio":"Guarapari","processo":"GFI 19416"},"geometry":{"type":"MultiPoint","coordinates":[[-40.41113354,-20.55289827]]}},{"type":"Feature","properties":{"fonte":"IEMA","classificacao":null,"tipo_infracao":"LOTEAMENTO SEM LICEN�A AMBIENTAL, ESTRADA MANOEL LOYOLA, VILLAGE DO SOL.","item":null,"gravidade":null,"data":"2013-05-17T00:00:00Z","municipio":"Guarapari","processo":"RR 143/11"},"geometry":{"type":"MultiPoint","coordinates":[[-40.42047631,-20.54985876]]}},{"type":"Feature","properties":{"fonte":"IEMA","classificacao":null,"tipo_infracao":"LOTEAMENTO SEM LICEN�A AMBIENTAL, ESTRADA MANOEL LOYOLA, VILLAGE DO SOL.","item":null,"gravidade":null,"data":"2014-09-15T00:00:00Z","municipio":"Guarapari","processo":""},"geometry":{"type":"MultiPoint","coordinates":[[-40.42047631,-20.54985876]]}},{"type":"Feature","properties":{"fonte":"IEMA","classificacao":null,"tipo_infracao":"Ocupa��o urbana","item":null,"gravidade":null,"data":"2020-10-01T00:00:00Z","municipio":"Guarapari","processo":"DEN�NCIA 87/20"},"geometry":{"type":"MultiPoint","coordinates":[[-40.40130798,-20.54721429]]}},{"type":"Feature","properties":{"fonte":"IEMA","classificacao":null,"tipo_infracao":"ALAMBIQUE SEM LICEN�A AMBIENTAL, FAZENDA PARED�O, CABE�A QUEBRADA","item":null,"gravidade":null,"data":"2012-06-22T00:00:00Z","municipio":"Guarapari","processo":"AI 9517"},"geometry":{"type":"MultiPoint","coordinates":[[-40.63383977,-20.54030879]]}},{"type":"Feature","properties":{"fonte":"IEMA","classificacao":null,"tipo_infracao":"CONSTRU��O NA MARGEM EM APP DO RIO CACO DO POTE E MUROS DE CONCRETO DENTRO DO CURSO D' �GUA, EM TREZE DE MAIO, QUINTO TERRIT�RIO","item":null,"gravidade":null,"data":"2012-09-14T00:00:00Z","municipio":"Guarapari","processo":"AI 8986"},"geometry":{"type":"MultiPoint","coordinates":[[-40.70142025,-20.53953206]]}},{"type":"Feature","properties":{"fonte":"IEMA","classificacao":null,"tipo_infracao":"CONSTRU��O NA MARGEM EM APP DO RIO CACO DO POTE E MUROS DE CONCRETO DENTRO DO CURSO D' �GUA, EM TREZE DE MAIO, QUINTO TERRIT�RIO.","item":null,"gravidade":null,"data":"2013-10-17T00:00:00Z","municipio":"Guarapari","processo":""},"geometry":{"type":"MultiPoint","coordinates":[[-40.70142025,-20.53953206]]}},{"type":"Feature","properties":{"fonte":"IEMA","classificacao":null,"tipo_infracao":"CONSTRU��O DE PO�O ESCAVADO","item":null,"gravidade":null,"data":"2010-10-06T00:00:00Z","municipio":"Guarapari","processo":"AI/ 04633"},"geometry":{"type":"MultiPoint","coordinates":[[-40.61500939,-20.53798303]]}},{"type":"Feature","properties":{"fonte":"IEMA","classificacao":null,"tipo_infracao":"CONSTRU��O DE PO�O ESCAVADO","item":null,"gravidade":null,"data":"2010-10-06T00:00:00Z","municipio":"Guarapari","processo":"AI E TE/ 1661"},"geometry":{"type":"MultiPoint","coordinates":[[-40.61500939,-20.53798303]]}},{"type":"Feature","properties":{"fonte":"IEMA","classificacao":null,"tipo_infracao":"CONSTRU��O DE PO�O ESCAVADO","item":null,"gravidade":null,"data":"2012-05-14T00:00:00Z","municipio":"Guarapari","processo":""},"geometry":{"type":"MultiPoint","coordinates":[[-40.61500939,-20.53798303]]}},{"type":"Feature","properties":{"fonte":"IEMA","classificacao":null,"tipo_infracao":"CONSTRU��O DE PO�O ESCAVADO","item":null,"gravidade":null,"data":"2012-05-16T00:00:00Z","municipio":"Guarapari","processo":""},"geometry":{"type":"MultiPoint","coordinates":[[-40.61500939,-20.53798303]]}},{"type":"Feature","properties":{"fonte":"IEMA","classificacao":null,"tipo_infracao":"HOTEL SEM LICEN�A AMBIENTAL.","item":null,"gravidade":null,"data":"2010-03-15T00:00:00Z","municipio":"Guarapari","processo":""},"geometry":{"type":"MultiPoint","coordinates":[[-40.45302929,-20.53670643]]}},{"type":"Feature","properties":{"fonte":"IEMA","classificacao":null,"tipo_infracao":"ATERRO DO C�RREGO D'ULE NA APA DE SETIBA.","item":null,"gravidade":null,"data":"2011-10-06T00:00:00Z","municipio":"Guarapari","processo":""},"geometry":{"type":"MultiPoint","coordinates":[[-40.38337051,-20.53633678]]}},{"type":"Feature","properties":{"fonte":"IEMA","classificacao":null,"tipo_infracao":"TERRAPLANAGEM, CORTE E ATERRO EM APP, EM BARRO BRANCO","item":null,"gravidade":null,"data":"2013-08-07T00:00:00Z","municipio":"Guarapari","processo":"GFI 15360"},"geometry":{"type":"MultiPoint","coordinates":[[-40.48286191,-20.53542395]]}},{"type":"Feature","properties":{"fonte":"IEMA","classificacao":null,"tipo_infracao":"TERRAPLANAGEM, CORTE E ATERRO EM APP, EM BARRO BRANCO.","item":null,"gravidade":null,"data":"2014-08-06T00:00:00Z","municipio":"Guarapari","processo":""},"geometry":{"type":"MultiPoint","coordinates":[[-40.48286191,-20.53542395]]}},{"type":"Feature","properties":{"fonte":"IEMA","classificacao":null,"tipo_infracao":"Terraplanagem","item":null,"gravidade":null,"data":"2023-01-18T00:00:00Z","municipio":"Guarapari","processo":""},"geometry":{"type":"MultiPoint","coordinates":[[-40.48286191,-20.53542395]]}},{"type":"Feature","properties":{"fonte":"IEMA","classificacao":null,"tipo_infracao":"PARQUE E HOTEL SEM LICEN�A AMBIENTAL, EM AMARELOS.","item":null,"gravidade":null,"data":"2012-03-29T00:00:00Z","municipio":"Guarapari","processo":""},"geometry":{"type":"MultiPoint","coordinates":[[-40.45703517,-20.53437819]]}},{"type":"Feature","properties":{"fonte":"IEMA","classificacao":null,"tipo_infracao":"IMPLANTA��O DE CONDOMINIO","item":null,"gravidade":null,"data":"2014-02-13T00:00:00Z","municipio":"Guarapari","processo":""},"geometry":{"type":"MultiPoint","coordinates":[[-40.39283914,-20.53452641]]}},{"type":"Feature","properties":{"fonte":"IEMA","classificacao":null,"tipo_infracao":"ATERRO APP","item":null,"gravidade":null,"data":"2016-05-04T00:00:00Z","municipio":"Guarapari","processo":"GFI 501/16"},"geometry":{"type":"MultiPoint","coordinates":[[-40.39771742,-20.53417096]]}},{"type":"Feature","properties":{"fonte":"IEMA","classificacao":null,"tipo_infracao":"APREEN��O DE ANIMAIS SILVESTRE","item":null,"gravidade":null,"data":"2013-05-16T00:00:00Z","municipio":"Guarapari","processo":"GFI 445/13"},"geometry":{"type":"MultiPoint","coordinates":[[-40.39996811,-20.53383661]]}},{"type":"Feature","properties":{"fonte":"IEMA","classificacao":null,"tipo_infracao":"ANIMAIS SILVESTRE EM CATIVEIRO","item":null,"gravidade":null,"data":"2013-05-16T00:00:00Z","municipio":"Guarapari","processo":"GFI 446/13"},"geometry":{"type":"MultiPoint","coordinates":[[-40.39844271,-20.53377664]]}},{"type":"Feature","properties":{"fonte":"IEMA","classificacao":null,"tipo_infracao":"ATERRO NA LAGOA DOURADA, S�TIO DO MARCOS, ZONA RURAL.","item":null,"gravidade":null,"data":"2013-10-09T00:00:00Z","municipio":"Guarapari","processo":"PROT. 6972/13 B"},"geometry":{"type":"MultiPoint","coordinates":[[-40.46190262,-20.53290986]]}},{"type":"Feature","properties":{"fonte":"IEMA","classificacao":null,"tipo_infracao":"ATERRO NA LAGOA DOURADA, S�TIO DO MARCOS, ZONA RURAL.","item":null,"gravidade":null,"data":"2014-12-02T00:00:00Z","municipio":"Guarapari","processo":""},"geometry":{"type":"MultiPoint","coordinates":[[-40.46190262,-20.53290986]]}},{"type":"Feature","properties":{"fonte":"IEMA","classificacao":null,"tipo_infracao":"CATIVEIRO DE ANOMAIS SILVESTRE","item":null,"gravidade":null,"data":"2013-07-24T00:00:00Z","municipio":"Guarapari","processo":"GFI 573/13"},"geometry":{"type":"MultiPoint","coordinates":[[-40.38962606,-20.53343197]]}},{"type":"Feature","properties":{"fonte":"IEMA","classificacao":null,"tipo_infracao":"DISPOSI��O INADEQUADA DE RES�DUOS DE CONSTRU��O CIVIL, EM NOVA PONTA DA FRUTA","item":null,"gravidade":null,"data":"2014-08-25T00:00:00Z","municipio":"Vila Velha","processo":"GFI 14850 B"},"geometry":{"type":"MultiPoint","coordinates":[[-40.37760487,-20.53293165]]}},{"type":"Feature","properties":{"fonte":"IEMA","classificacao":null,"tipo_infracao":"EST�O JOGANDO MUITO LIXO NA AREIA DA PRAIA","item":null,"gravidade":null,"data":"2011-05-05T00:00:00Z","municipio":"Vila Velha","processo":"GFI 9474"},"geometry":{"type":"MultiPoint","coordinates":[[-40.37545345,-20.53150326]]}},{"type":"Feature","properties":{"fonte":"IEMA","classificacao":null,"tipo_infracao":"FAZENDO QUEIMADAS E DEVASTANDO �REA RESTINGADA PRAIA DA SEREIA","item":null,"gravidade":null,"data":"2011-04-08T00:00:00Z","municipio":"Guarapari","processo":"GFI 6039"},"geometry":{"type":"MultiPoint","coordinates":[[-40.3754242,-20.53144929]]}},{"type":"Feature","properties":{"fonte":"IEMA","classificacao":null,"tipo_infracao":"LIMPEZA DE CORREGO SEM AUTORIZA��O","item":null,"gravidade":null,"data":"2011-11-10T00:00:00Z","municipio":"Guarapari","processo":""},"geometry":{"type":"MultiPoint","coordinates":[[-40.37574487,-20.52870036]]}},{"type":"Feature","properties":{"fonte":"IEMA","classificacao":null,"tipo_infracao":"PASS�RO SILVESTRE EM CATIVEIRO","item":null,"gravidade":null,"data":"2013-04-17T00:00:00Z","municipio":"Guarapari","processo":"GFI195/13"},"geometry":{"type":"MultiPoint","coordinates":[[-40.38176587,-20.52852601]]}},{"type":"Feature","properties":{"fonte":"IEMA","classificacao":null,"tipo_infracao":"PISCICULTURA SEM LICEN�A AMBIENTAL, EM PONTA FRUTA DA FRUTA.","item":null,"gravidade":null,"data":"2010-04-13T00:00:00Z","municipio":"Vila Velha","processo":""},"geometry":{"type":"MultiPoint","coordinates":[[-40.38454159,-20.52792568]]}},{"type":"Feature","properties":{"fonte":"IEMA","classificacao":null,"tipo_infracao":"IMPLANTA��O DE LOTEAMENTO SEM LICEN�A AMBIENTAL CONDOMINIO VIVENDAS DO SOL, EM NOVA PONTA DA FRUTA.","item":null,"gravidade":null,"data":"2014-12-10T00:00:00Z","municipio":"Guarapari","processo":""},"geometry":{"type":"MultiPoint","coordinates":[[-40.384522,-20.52788067]]}},{"type":"Feature","properties":{"fonte":"IEMA","classificacao":null,"tipo_infracao":"Oficina mec�nica","item":null,"gravidade":null,"data":"2017-08-21T00:00:00Z","municipio":"Vila Velha","processo":"PROT. 3348/13 E"},"geometry":{"type":"MultiPoint","coordinates":[[-40.37936427,-20.52700029]]}},{"type":"Feature","properties":{"fonte":"IEMA","classificacao":null,"tipo_infracao":"Quiosque na praia","item":null,"gravidade":null,"data":"2015-07-21T00:00:00Z","municipio":"Vila Velha","processo":""},"geometry":{"type":"MultiPoint","coordinates":[[-40.37113367,-20.5267313]]}},{"type":"Feature","properties":{"fonte":"IEMA","classificacao":null,"tipo_infracao":"ACIDENTE RODOVI�RIO COM DERRAMAMENTO DE ALCOOL NA RODOVIA, VEGETA��O, SOLO E CURSO H�DRICO, BR 101 SUL KM 322","item":null,"gravidade":null,"data":"2014-10-28T00:00:00Z","municipio":"Guarapari","processo":"AI 10546"},"geometry":{"type":"MultiPoint","coordinates":[[-40.48088493,-20.5253139]]}},{"type":"Feature","properties":{"fonte":"IEMA","classificacao":null,"tipo_infracao":"ACIDENTE RODOVI�RIO COM DERRAMAMENTO DE ALCOOL NA RODOVIA, VEGETA��O, SOLO E CURSO H�DRICO, BR 101 SUL KM 322.","item":null,"gravidade":null,"data":"2015-01-02T00:00:00Z","municipio":"Guarapari","processo":""},"geometry":{"type":"MultiPoint","coordinates":[[-40.48088493,-20.5253139]]}},{"type":"Feature","properties":{"fonte":"IEMA","classificacao":null,"tipo_infracao":"OCUPA��O DA PRAIA DE NOVA PONTA DA FRUTA COM QUIOSQUES, UTILIZADOS COMO MORADIAS, EM NOVA PONTA DA FRUTA","item":null,"gravidade":null,"data":"2011-08-02T00:00:00Z","municipio":"Vila Velha","processo":"GFI 9280"},"geometry":{"type":"MultiPoint","coordinates":[[-40.37003941,-20.52446333]]}},{"type":"Feature","properties":{"fonte":"IEMA","classificacao":null,"tipo_infracao":"SERVI�OS DE LANTERNAGEM, FUNELARIA, PINTURA DE VEICULOS","item":null,"gravidade":null,"data":"2018-07-10T00:00:00Z","municipio":"Vila Velha","processo":"AI E AE/I 13687"},"geometry":{"type":"MultiPoint","coordinates":[[-40.37001693,-20.5240931]]}},{"type":"Feature","properties":{"fonte":"IEMA","classificacao":null,"tipo_infracao":"BAR ERIGIDO EM FITOFISIOLOGIA DE RESTINGA EM APP","item":null,"gravidade":null,"data":"2018-08-06T00:00:00Z","municipio":"Vila Velha","processo":""},"geometry":{"type":"MultiPoint","coordinates":[[-40.37003571,-20.52404779]]}},{"type":"Feature","properties":{"fonte":"IEMA","classificacao":null,"tipo_infracao":"OCUPA��O DE RESTINGA DESORDENADA POR CONSTRU��O CIVIL, EM PONTA DA FRUTA.","item":null,"gravidade":null,"data":"2012-04-24T00:00:00Z","municipio":"Vila Velha","processo":"RR 091/10"},"geometry":{"type":"MultiPoint","coordinates":[[-40.36976384,-20.5236705]]}},{"type":"Feature","properties":{"fonte":"IEMA","classificacao":null,"tipo_infracao":"EDIFICA��O EM APP, S�TIO NOVA ESPERAN�A","item":null,"gravidade":null,"data":"2011-02-25T00:00:00Z","municipio":"Guarapari","processo":"GFI 14/11"},"geometry":{"type":"MultiPoint","coordinates":[[-40.56589841,-20.52188415]]}},{"type":"Feature","properties":{"fonte":"IEMA","classificacao":null,"tipo_infracao":"CONSTRU��O EM APP, SITIO NOVA ESPERAN�A ZONA RURAL","item":null,"gravidade":null,"data":"2013-08-09T00:00:00Z","municipio":"Guarapari","processo":""},"geometry":{"type":"MultiPoint","coordinates":[[-40.56589841,-20.52188415]]}},{"type":"Feature","properties":{"fonte":"IEMA","classificacao":null,"tipo_infracao":"POCILGA FUNCIONANDO SEM LICEN�A AMBIENTAL ROD DO SOL KM 27.","item":null,"gravidade":null,"data":"2011-03-02T00:00:00Z","municipio":"Vila Velha","processo":""},"geometry":{"type":"MultiPoint","coordinates":[[-40.37821697,-20.52310665]]}},{"type":"Feature","properties":{"fonte":"IEMA","classificacao":null,"tipo_infracao":"OBRAS DE DRENAGEM E PAVIMENTA��O SEM LICEN�A AMBIENTAL, EM PONTA DA FRUTA .","item":null,"gravidade":null,"data":"2011-06-22T00:00:00Z","municipio":"Vila Velha","processo":""},"geometry":{"type":"MultiPoint","coordinates":[[-40.37147481,-20.52304265]]}},{"type":"Feature","properties":{"fonte":"IEMA","classificacao":null,"tipo_infracao":"LAVADOR DE VE�CULOS SEM LICEN�A AMBIENTAL, RODOVIA BR 101 KM 319, EM AMARELOS","item":null,"gravidade":null,"data":"2014-08-19T00:00:00Z","municipio":"Guarapari","processo":"AE/I 10967"},"geometry":{"type":"MultiPoint","coordinates":[[-40.4775994,-20.52170128]]}},{"type":"Feature","properties":{"fonte":"IEMA","classificacao":null,"tipo_infracao":"OFICINA MEC�NICA SEM CONTROLE AMBIENTAL, RODOVIA BR 101 KM 319, EM AMARELOS","item":null,"gravidade":null,"data":"2014-10-08T00:00:00Z","municipio":"Guarapari","processo":"AI E AE/I 10968"},"geometry":{"type":"MultiPoint","coordinates":[[-40.4775994,-20.52170128]]}},{"type":"Feature","properties":{"fonte":"IEMA","classificacao":null,"tipo_infracao":"LAVADOR DE VE�CULOS SEM LICEN�A AMBIENTAL, RODOVIA BR 101 KM 319, EM AMARELOS.","item":null,"gravidade":null,"data":"2014-11-06T00:00:00Z","municipio":"Guarapari","processo":""},"geometry":{"type":"MultiPoint","coordinates":[[-40.4775994,-20.52170128]]}},{"type":"Feature","properties":{"fonte":"IEMA","classificacao":null,"tipo_infracao":"Oficina mec�nica","item":null,"gravidade":null,"data":"2015-08-28T00:00:00Z","municipio":"Cariacica","processo":"AI E AE/I 10968"},"geometry":{"type":"MultiPoint","coordinates":[[-40.4775994,-20.52170128]]}},{"type":"Feature","properties":{"fonte":"IEMA","classificacao":null,"tipo_infracao":"LAVA JATO SEM LICEN�A","item":null,"gravidade":null,"data":"2012-11-29T00:00:00Z","municipio":"Guarapari","processo":"GFI 232/12"},"geometry":{"type":"MultiPoint","coordinates":[[-40.47765676,-20.52168272]]}},{"type":"Feature","properties":{"fonte":"IEMA","classificacao":null,"tipo_infracao":"TRANSPORTE DE PRODUTO PERIGOSO","item":null,"gravidade":null,"data":"2010-03-03T00:00:00Z","municipio":"Serra","processo":"AI 04257"},"geometry":{"type":"MultiPoint","coordinates":[[-40.47833629,-20.52054769]]}},{"type":"Feature","properties":{"fonte":"IEMA","classificacao":null,"tipo_infracao":"LAN�AMENTO DE ESGOTO na praia","item":null,"gravidade":null,"data":"2023-02-27T00:00:00Z","municipio":"Vila Velha","processo":"PROT. 002224/2023"},"geometry":{"type":"MultiPoint","coordinates":[[-40.36830556,-20.52144153]]}},{"type":"Feature","properties":{"fonte":"IEMA","classificacao":null,"tipo_infracao":"ESGOTOS DOM�STICOS SENDO LAN�ADOS NO MAR, EM PONTA DA FRUTA","item":null,"gravidade":null,"data":"2011-10-13T00:00:00Z","municipio":"Vila Velha","processo":"GFI 9621"},"geometry":{"type":"MultiPoint","coordinates":[[-40.35930824,-20.51901882]]}},{"type":"Feature","properties":{"fonte":"IEMA","classificacao":null,"tipo_infracao":"ESGOTOS DOM�STICOS SENDO LAN�ADOS NO MAR, EM PONTA DA FRUTA.","item":null,"gravidade":null,"data":"2014-04-16T00:00:00Z","municipio":"Vila Velha","processo":""},"geometry":{"type":"MultiPoint","coordinates":[[-40.35930824,-20.51901882]]}},{"type":"Feature","properties":{"fonte":"IEMA","classificacao":null,"tipo_infracao":"Lan�amento de esgoto no mar","item":null,"gravidade":null,"data":"2015-07-21T00:00:00Z","municipio":"Vila Velha","processo":""},"geometry":{"type":"MultiPoint","coordinates":[[-40.35930824,-20.51901882]]}},{"type":"Feature","properties":{"fonte":"IEMA","classificacao":null,"tipo_infracao":"Esgotamento sanit�rio","item":null,"gravidade":null,"data":"2016-03-17T00:00:00Z","municipio":"Vila Velha","processo":""},"geometry":{"type":"MultiPoint","coordinates":[[-40.35930824,-20.51901882]]}},{"type":"Feature","properties":{"fonte":"IEMA","classificacao":null,"tipo_infracao":"QUEIMADA EM LOTE CAUSANDO POLUI��O ATMOSF�RICA, EM BALNE�RIO DA PONTA DA FRUTA.","item":null,"gravidade":null,"data":"2012-04-09T00:00:00Z","municipio":"Vila Velha","processo":"RR 533/10"},"geometry":{"type":"MultiPoint","coordinates":[[-40.36884553,-20.51314387]]}},{"type":"Feature","properties":{"fonte":"IEMA","classificacao":null,"tipo_infracao":"LAN�AMENTO DE ESGOTO CLANDESTINO EM VIA P�BLICA E NA PRAIA, PONTA DA FRUTA.","item":null,"gravidade":null,"data":"2011-06-30T00:00:00Z","municipio":"Vila Velha","processo":"RR 699/10"},"geometry":{"type":"MultiPoint","coordinates":[[-40.36269628,-20.51284898]]}},{"type":"Feature","properties":{"fonte":"IEMA","classificacao":null,"tipo_infracao":"LAN�AMENTO DE ESGOTO CLANDESTINO EM VIA P�BLICA E NA PRAIA, PONTA DA FRUTA.","item":null,"gravidade":null,"data":"2011-10-24T00:00:00Z","municipio":"Vila Velha","processo":""},"geometry":{"type":"MultiPoint","coordinates":[[-40.36269628,-20.51284898]]}},{"type":"Feature","properties":{"fonte":"IEMA","classificacao":null,"tipo_infracao":"CONSTRU��O DE LOTES E ABERTURAS DE ESTRADAS PERTO DE NASCENTES, EM PONTA DA FRUTA","item":null,"gravidade":null,"data":"2009-11-06T00:00:00Z","municipio":"Vila Velha","processo":"Prot. 12239/08 B"},"geometry":{"type":"MultiPoint","coordinates":[[-40.38121786,-20.51020007]]}},{"type":"Feature","properties":{"fonte":"IEMA","classificacao":null,"tipo_infracao":"MOVIMENTA��O DE TERRA � BEIRA DE LAGO SEM LICEN�A AMBIENTAL, BALNE�RIO PONTA DA FRUTA.","item":null,"gravidade":null,"data":"2014-10-10T00:00:00Z","municipio":"Vila Velha","processo":""},"geometry":{"type":"MultiPoint","coordinates":[[-40.38121786,-20.51020007]]}},{"type":"Feature","properties":{"fonte":"IEMA","classificacao":null,"tipo_infracao":"VISTORIA REF. LOTEAMENTO FUNCIONANDO SEM LICEN�A AMBIENTAL","item":null,"gravidade":null,"data":"2016-12-20T00:00:00Z","municipio":"Vila Velha","processo":""},"geometry":{"type":"MultiPoint","coordinates":[[-40.38121786,-20.51020007]]}},{"type":"Feature","properties":{"fonte":"IEMA","classificacao":null,"tipo_infracao":"ATERRO NA MARGEM DA LAGOA, EM RUA DA MELANCIA","item":null,"gravidade":null,"data":"2013-08-07T00:00:00Z","municipio":"Vila Velha","processo":"GFI 14290 A"},"geometry":{"type":"MultiPoint","coordinates":[[-40.37157872,-20.50779211]]}},{"type":"Feature","properties":{"fonte":"IEMA","classificacao":null,"tipo_infracao":"ATERRO NA MARGEM DA LAGOA, EM RUA DA MELANCIA.","item":null,"gravidade":null,"data":"2014-10-10T00:00:00Z","municipio":"Vila Velha","processo":""},"geometry":{"type":"MultiPoint","coordinates":[[-40.37157872,-20.50779211]]}},{"type":"Feature","properties":{"fonte":"IEMA","classificacao":null,"tipo_infracao":"CONSTRU��O NA MARGEM DA LAGOA, EM RUA DO ABACATE","item":null,"gravidade":null,"data":"2014-09-03T00:00:00Z","municipio":"Vila Velha","processo":"GFI 14290 B"},"geometry":{"type":"MultiPoint","coordinates":[[-40.37195217,-20.50773496]]}},{"type":"Feature","properties":{"fonte":"IEMA","classificacao":null,"tipo_infracao":"CONSTRU��O NA MARGEM DA LAGOA, EM RUA DO ABACATE.","item":null,"gravidade":null,"data":"2014-11-20T00:00:00Z","municipio":"Vila Velha","processo":""},"geometry":{"type":"MultiPoint","coordinates":[[-40.37195217,-20.50773496]]}},{"type":"Feature","properties":{"fonte":"IEMA","classificacao":null,"tipo_infracao":"CONSTRU��O DE TANQUE E MURO DE CONCRETO ARMADO EM APP, EM BALNE�RIO PONTA DA FRUTA","item":null,"gravidade":null,"data":"2014-10-09T00:00:00Z","municipio":"Vila Velha","processo":"GFI 19472"},"geometry":{"type":"MultiPoint","coordinates":[[-40.3713839,-20.50745035]]}},{"type":"Feature","properties":{"fonte":"IEMA","classificacao":null,"tipo_infracao":"CONSTRU��O DE TANQUE E MURO DE CONCRETO ARMADO EM APP, EM BALNE�RIO PONTA DA FRUTA.","item":null,"gravidade":null,"data":"2014-11-05T00:00:00Z","municipio":"Vila Velha","processo":""},"geometry":{"type":"MultiPoint","coordinates":[[-40.3713839,-20.50745035]]}},{"type":"Feature","properties":{"fonte":"IEMA","classificacao":null,"tipo_infracao":"BARRAGEM SEM AUTORIZA��O, EM SANTA LUZIA.","item":null,"gravidade":null,"data":"2012-02-24T00:00:00Z","municipio":"Vila Velha","processo":""},"geometry":{"type":"MultiPoint","coordinates":[[-40.64219261,-20.50435849]]}},{"type":"Feature","properties":{"fonte":"IEMA","classificacao":null,"tipo_infracao":"LAN�AMENTO DE ENTULHO  AS MARGENS DA RUA","item":null,"gravidade":null,"data":"2010-08-17T00:00:00Z","municipio":"Vila Velha","processo":"AI/ 03492"},"geometry":{"type":"MultiPoint","coordinates":[[-40.35929593,-20.50675947]]}},{"type":"Feature","properties":{"fonte":"IEMA","classificacao":null,"tipo_infracao":"LAN�AMENTO DE ENTULHO  AS MARGENS DA RUA","item":null,"gravidade":null,"data":"2010-10-15T00:00:00Z","municipio":"Vila Velha","processo":""},"geometry":{"type":"MultiPoint","coordinates":[[-40.35929593,-20.50675947]]}},{"type":"Feature","properties":{"fonte":"IEMA","classificacao":null,"tipo_infracao":"Loeamento urbano","item":null,"gravidade":null,"data":"2019-08-22T00:00:00Z","municipio":"Vila Velha","processo":"PROT. 13141/19"},"geometry":{"type":"MultiPoint","coordinates":[[-40.35951132,-20.50400234]]}},{"type":"Feature","properties":{"fonte":"IEMA","classificacao":null,"tipo_infracao":"Loteamento irregular","item":null,"gravidade":null,"data":"2022-09-26T00:00:00Z","municipio":"Vila Velha","processo":"GFI 193/19"},"geometry":{"type":"MultiPoint","coordinates":[[-40.35951132,-20.50400234]]}},{"type":"Feature","properties":{"fonte":"IEMA","classificacao":null,"tipo_infracao":"ATERRO EM APP, BR 101 KM 317, DISTRITO DE AMARELOS","item":null,"gravidade":null,"data":"2014-11-20T00:00:00Z","municipio":"Guarapari","processo":"GFI 19669"},"geometry":{"type":"MultiPoint","coordinates":[[-40.47468372,-20.50261942]]}},{"type":"Feature","properties":{"fonte":"IEMA","classificacao":null,"tipo_infracao":"ATERRO EM APP, BR 101 KM 317, DISTRITO DE AMARELOS.","item":null,"gravidade":null,"data":"2015-01-05T00:00:00Z","municipio":"Guarapari","processo":""},"geometry":{"type":"MultiPoint","coordinates":[[-40.47468372,-20.50261942]]}},{"type":"Feature","properties":{"fonte":"IEMA","classificacao":null,"tipo_infracao":"ABERTURA DE VALA DIRETAMENTE PARA O MAR PARA SECAR A LAGOA BRANCA, RODOVIA DO SOL KM 19","item":null,"gravidade":null,"data":"2012-07-12T00:00:00Z","municipio":"Vila Velha","processo":"Prot. 14032/09 B"},"geometry":{"type":"MultiPoint","coordinates":[[-40.35701026,-20.50309139]]}},{"type":"Feature","properties":{"fonte":"IEMA","classificacao":null,"tipo_infracao":"DRENAGEM NA LAGOA GRANDE EM PONTA DA FRUTA","item":null,"gravidade":null,"data":"2012-02-24T00:00:00Z","municipio":"Vila Velha","processo":"GFI 119/09"},"geometry":{"type":"MultiPoint","coordinates":[[-40.35914191,-20.50234294]]}},{"type":"Feature","properties":{"fonte":"IEMA","classificacao":null,"tipo_infracao":"DRENAGEM NA LAGOA GRANDE EM PONTA DA FRUTA.","item":null,"gravidade":null,"data":"2014-07-21T00:00:00Z","municipio":"Vila Velha","processo":""},"geometry":{"type":"MultiPoint","coordinates":[[-40.35914191,-20.50234294]]}},{"type":"Feature","properties":{"fonte":"IEMA","classificacao":null,"tipo_infracao":"MINIST. P�BL. DE VILA VELHA, SOLICITA INFORMA��O SE O SR. FL�VIO ABAURRE APRESENTOU PROPOSTA DE PROJETO DE RECUPERA��O DE �REAS DEGRADADAS PRAD A APP DA LAGOA DE PONTA DA FRUTA. REF. AUTODE INTIMA��O N�03176.","item":null,"gravidade":null,"data":"2014-12-12T00:00:00Z","municipio":"Vila Velha","processo":"PROT. 17182/14"},"geometry":{"type":"MultiPoint","coordinates":[[-40.37293255,-20.50153878]]}},{"type":"Feature","properties":{"fonte":"IEMA","classificacao":null,"tipo_infracao":"ALTIAMENTO E MANUTEN��O DE VIAS DE ACESSO EM APP DE LAGOA, EM PONTA DA FRUTA.","item":null,"gravidade":null,"data":"2014-12-18T00:00:00Z","municipio":"Vila Velha","processo":""},"geometry":{"type":"MultiPoint","coordinates":[[-40.37293255,-20.50153878]]}},{"type":"Feature","properties":{"fonte":"IEMA","classificacao":null,"tipo_infracao":"REF. EMP. SPA SOCIEDADE PRODUTORA DE ALIMENTOS LTDA CRIME AMBIENTAL","item":null,"gravidade":null,"data":"2014-12-30T00:00:00Z","municipio":"Cariacica","processo":"PROT. 19599/14"},"geometry":{"type":"MultiPoint","coordinates":[[-40.37293255,-20.50153878]]}},{"type":"Feature","properties":{"fonte":"IEMA","classificacao":null,"tipo_infracao":"ATERRO AS MARGENS DA LAGOA E LAN�AMENTO DE ESGOTO, LAGOA GRANDE","item":null,"gravidade":null,"data":"2012-08-07T00:00:00Z","municipio":"Vila Velha","processo":"RR 285/10"},"geometry":{"type":"MultiPoint","coordinates":[[-40.3626449,-20.50053573]]}},{"type":"Feature","properties":{"fonte":"IEMA","classificacao":null,"tipo_infracao":"SOLICITAM INFORMA��OES SOBRE O PROCESSO 34757198.","item":null,"gravidade":null,"data":"2014-07-24T00:00:00Z","municipio":"Vila Velha","processo":"PROT. 27001/12"},"geometry":{"type":"MultiPoint","coordinates":[[-40.35831753,-20.49910609]]}},{"type":"Feature","properties":{"fonte":"IEMA","classificacao":null,"tipo_infracao":"LOTEAMENTO EM �REA RURAL SEM LICEN�A AMBIENTAL, EM ALTO TODOS OS SANTOS","item":null,"gravidade":null,"data":"2013-03-28T00:00:00Z","municipio":"Guarapari","processo":"AI E AE/I 8347"},"geometry":{"type":"MultiPoint","coordinates":[[-40.67010851,-20.4934419]]}},{"type":"Feature","properties":{"fonte":"IEMA","classificacao":null,"tipo_infracao":"LOTEAMENTO EM �REA RURAL SEM LICEN�A AMBIENTAL, EM ALTO TODOS OS SANTOS","item":null,"gravidade":null,"data":"2013-03-28T00:00:00Z","municipio":"Guarapari","processo":"AI E AE/I 8348"},"geometry":{"type":"MultiPoint","coordinates":[[-40.67010851,-20.4934419]]}},{"type":"Feature","properties":{"fonte":"IEMA","classificacao":null,"tipo_infracao":"SOLICITA��O DE VISTORIA.","item":null,"gravidade":null,"data":"2013-04-22T00:00:00Z","municipio":"Guarapari","processo":"PROT. 431/13"},"geometry":{"type":"MultiPoint","coordinates":[[-40.67010851,-20.4934419]]}},{"type":"Feature","properties":{"fonte":"IEMA","classificacao":null,"tipo_infracao":"LOTEAMENTO EM �REA RURAL SEM LICEN�A AMBIENTAL, EM ALTO TODOS OS SANTOS.","item":null,"gravidade":null,"data":"2014-08-18T00:00:00Z","municipio":"Guarapari","processo":""},"geometry":{"type":"MultiPoint","coordinates":[[-40.67010851,-20.4934419]]}},{"type":"Feature","properties":{"fonte":"IEMA","classificacao":null,"tipo_infracao":"LOTEAMENTO EM �REA RURAL SEM LICEN�A AMBIENTAL, EM ALTO TODOS OS SANTOS.","item":null,"gravidade":null,"data":"2014-12-02T00:00:00Z","municipio":"Guarapari","processo":""},"geometry":{"type":"MultiPoint","coordinates":[[-40.67010851,-20.4934419]]}},{"type":"Feature","properties":{"fonte":"IEMA","classificacao":null,"tipo_infracao":"Interven��es em APP","item":null,"gravidade":null,"data":"2017-04-18T00:00:00Z","municipio":"Viana","processo":"DEN�NCIA 9/17"},"geometry":{"type":"MultiPoint","coordinates":[[-40.55438709,-20.49293551]]}},{"type":"Feature","properties":{"fonte":"IEMA","classificacao":null,"tipo_infracao":"ACIDENTE RODOVI�RIO COM CARRETA DE TECIDO EM RECURSO H�DRICO, BR 101 KM 318","item":null,"gravidade":null,"data":"2014-12-10T00:00:00Z","municipio":"Vila Velha","processo":"AI 11271"},"geometry":{"type":"MultiPoint","coordinates":[[-40.47722465,-20.49162163]]}},{"type":"Feature","properties":{"fonte":"IEMA","classificacao":null,"tipo_infracao":"IMPLANTA��O DE LOTEAMENTO SEM LICEN�A AMBIENTAL, LOCALIDADE DE XIRU.","item":null,"gravidade":null,"data":"2017-09-19T00:00:00Z","municipio":"Vila Velha","processo":""},"geometry":{"type":"MultiPoint","coordinates":[[-40.43456192,-20.47944006]]}},{"type":"Feature","properties":{"fonte":"IEMA","classificacao":null,"tipo_infracao":"CONSTRU��O EM APP, AV ATL�NTICA.","item":null,"gravidade":null,"data":"2012-11-01T00:00:00Z","municipio":"Vila Velha","processo":"RR 314/12"},"geometry":{"type":"MultiPoint","coordinates":[[-40.3482063,-20.47877646]]}},{"type":"Feature","properties":{"fonte":"IEMA","classificacao":null,"tipo_infracao":"CONSTRU��O EM APP, AV ATL�NTICA.","item":null,"gravidade":null,"data":"2014-12-11T00:00:00Z","municipio":"Vila Velha","processo":""},"geometry":{"type":"MultiPoint","coordinates":[[-40.3482063,-20.47877646]]}},{"type":"Feature","properties":{"fonte":"IEMA","classificacao":null,"tipo_infracao":"TERRAPLANAGEM E DESMATE EM AREA DE PRESERVA��O APP SEM LICEN�A AMBIENTAL E PRAD","item":null,"gravidade":null,"data":"2013-07-26T00:00:00Z","municipio":"Vila Velha","processo":"GFI 592/13"},"geometry":{"type":"MultiPoint","coordinates":[[-40.77787249,-20.47348417]]}},{"type":"Feature","properties":{"fonte":"IEMA","classificacao":null,"tipo_infracao":"ATERRO EM ALAGADO EM APP PARA CONSTRU��O DE SERRALHERIA INDUSTRIAL, EM NORMILHA.","item":null,"gravidade":null,"data":"2012-04-12T00:00:00Z","municipio":"Vila Velha","processo":""},"geometry":{"type":"MultiPoint","coordinates":[[-40.35244433,-20.47118183]]}},{"type":"Feature","properties":{"fonte":"IEMA","classificacao":null,"tipo_infracao":"OBRA DE TERRAPLANAGEM EM APP, SITIO BOM JESUS, COSTA PEREIRA","item":null,"gravidade":null,"data":"2010-08-23T00:00:00Z","municipio":"Guarapari","processo":"AI E TE/ 03409"},"geometry":{"type":"MultiPoint","coordinates":[[-40.63965333,-20.46752632]]}},{"type":"Feature","properties":{"fonte":"IEMA","classificacao":null,"tipo_infracao":"OBRA DE TERRAPLANAGEM EM APP, SITIO BOM JESUS, COSTA PEREIRA","item":null,"gravidade":null,"data":"2012-06-12T00:00:00Z","municipio":"Guarapari","processo":""},"geometry":{"type":"MultiPoint","coordinates":[[-40.63965333,-20.46752632]]}},{"type":"Feature","properties":{"fonte":"IEMA","classificacao":null,"tipo_infracao":"MINIST. P�BL. DE VILA VELHA, SOLICITA INFORMA��ES ATUALIZADAS SOBRE OS SUPOSTOS DANOS AMBIENTAIS OCASIONADOS PELO CLUBE CAPIXA DE CA�A E TIRO, RETIRO DO CONGO, VILA VELHA ES.","item":null,"gravidade":null,"data":"2014-11-14T00:00:00Z","municipio":"Vila Velha","processo":"PROT. 18389/14"},"geometry":{"type":"MultiPoint","coordinates":[[-40.36512463,-20.46762258]]}},{"type":"Feature","properties":{"fonte":"IEMA","classificacao":null,"tipo_infracao":"MINIST. P�BL. DE VILA VELHA, SOLICITA INFORMA��ES ATUALIZADAS SOBRE OS SUPOSTOS DANOS AMBIENTAIS OCASIONADOS PELO CLUBE CAPIXA DE CA�A E TIRO, RETIRO DO CONGO, VILA VELHA ES.","item":null,"gravidade":null,"data":"2014-11-17T00:00:00Z","municipio":"Vila Velha","processo":"PROT. 18389/14 A"},"geometry":{"type":"MultiPoint","coordinates":[[-40.36512463,-20.46762258]]}},{"type":"Feature","properties":{"fonte":"IEMA","classificacao":null,"tipo_infracao":"Terraplanagem","item":null,"gravidade":null,"data":"2015-06-25T00:00:00Z","municipio":"Vila Velha","processo":"Prot. 9105/15"},"geometry":{"type":"MultiPoint","coordinates":[[-40.36506935,-20.46679186]]}},{"type":"Feature","properties":{"fonte":"IEMA","classificacao":null,"tipo_infracao":"LOTEAMENTO CLANDESTINO E DESORDENADO NO BAIRRO ARA�ATIBA","item":null,"gravidade":null,"data":"2011-07-26T00:00:00Z","municipio":"Viana","processo":"GFI 9923"},"geometry":{"type":"MultiPoint","coordinates":[[-40.48757223,-20.46207381]]}},{"type":"Feature","properties":{"fonte":"IEMA","classificacao":null,"tipo_infracao":"Acidente rodovi�rio na BR 101 Km 317, com ocorrencia de vazamento do combust�vel e oleos sobre o solo e vegeta��o marginal. Respons�vel Edson 24 999556854.","item":null,"gravidade":null,"data":"2019-01-15T00:00:00Z","municipio":"Vila Velha","processo":"GFI 014/19"},"geometry":{"type":"MultiPoint","coordinates":[[-40.46532792,-20.46046495]]}},{"type":"Feature","properties":{"fonte":"IEMA","classificacao":null,"tipo_infracao":"Acidente rodovi�rio na BR 101 Km 317, com ocorrencia de vazamento do combust�vel e oleos sobre o solo e vegeta��o marginal. Respons�vel Edson 24 999556854.","item":null,"gravidade":null,"data":"2019-01-17T00:00:00Z","municipio":"Vila Velha","processo":"GFI 014/19"},"geometry":{"type":"MultiPoint","coordinates":[[-40.46532792,-20.46046495]]}},{"type":"Feature","properties":{"fonte":"IEMA","classificacao":null,"tipo_infracao":"ACIDENTE RODOVI�RIO COM DERRAMAMENTO DE �LEO SOB O SOLO E VEGETA��O, BR 101 KM 312","item":null,"gravidade":null,"data":"2014-01-29T00:00:00Z","municipio":"Viana","processo":"GFI 861/13"},"geometry":{"type":"MultiPoint","coordinates":[[-40.4653208,-20.45971519]]}},{"type":"Feature","properties":{"fonte":"IEMA","classificacao":null,"tipo_infracao":"COMUNICADO DE ACIDENTE COM FOGO NA CTRVV no dia 20/11/2021-celula Classe 1, c3 esta��o de tratamento de residuos estrada Airton Senna-churi-VV","item":null,"gravidade":null,"data":"2021-11-22T00:00:00Z","municipio":"Vila Velha","processo":"GFI 100/21"},"geometry":{"type":"MultiPoint","coordinates":[[-40.38370221,-20.45899257]]}},{"type":"Feature","properties":{"fonte":"IEMA","classificacao":null,"tipo_infracao":"COMUNICADO DE ACIDENTE COM FOGO NA CTRVV no dia 20/11/2021-celula Classe 1, c3 esta��o de tratamento de residuos estrada Airton Senna-churi-VV","item":null,"gravidade":null,"data":"2021-11-22T00:00:00Z","municipio":"Vila Velha","processo":"GFI 100/21"},"geometry":{"type":"MultiPoint","coordinates":[[-40.38370221,-20.45899257]]}},{"type":"Feature","properties":{"fonte":"IEMA","classificacao":null,"tipo_infracao":"extra��o de areia","item":null,"gravidade":null,"data":"2018-04-23T00:00:00Z","municipio":"Vila Velha","processo":"OGE 2018030357"},"geometry":{"type":"MultiPoint","coordinates":[[-40.34370755,-20.45867382]]}},{"type":"Feature","properties":{"fonte":"IEMA","classificacao":null,"tipo_infracao":"DRAGAGEM EM CURSO DAGUA.","item":null,"gravidade":null,"data":"2015-05-06T00:00:00Z","municipio":"Vila Velha","processo":"GFI 27469"},"geometry":{"type":"MultiPoint","coordinates":[[-40.35044906,-20.45678763]]}},{"type":"Feature","properties":{"fonte":"IEMA","classificacao":null,"tipo_infracao":"ATERRO EM CURSO DAGUA","item":null,"gravidade":null,"data":"2015-05-06T00:00:00Z","municipio":"Vila Velha","processo":"GFI 27468"},"geometry":{"type":"MultiPoint","coordinates":[[-40.35044906,-20.45678763]]}},{"type":"Feature","properties":{"fonte":"IEMA","classificacao":null,"tipo_infracao":"EXTRA��O DE AREIA SEM LICEN�A AMBIENTAL, BAIRRO TERRA VERMELHA l","item":null,"gravidade":null,"data":"2010-08-23T00:00:00Z","municipio":"Vila Velha","processo":"TAD E TE/ 03499"},"geometry":{"type":"MultiPoint","coordinates":[[-40.34108187,-20.45656198]]}},{"type":"Feature","properties":{"fonte":"IEMA","classificacao":null,"tipo_infracao":"EXTRA��O DE AREIA SEM LICEN�A AMBIENTAL, BAIRRO TERRA VERMELHA l","item":null,"gravidade":null,"data":"2013-08-15T00:00:00Z","municipio":"Vila Velha","processo":""},"geometry":{"type":"MultiPoint","coordinates":[[-40.34108187,-20.45656198]]}},{"type":"Feature","properties":{"fonte":"IEMA","classificacao":null,"tipo_infracao":"TERRAPLANAGEM EM APP, EM BARRA DO JUCU.","item":null,"gravidade":null,"data":"2012-01-11T00:00:00Z","municipio":"Vila Velha","processo":"RR 405/11 A"},"geometry":{"type":"MultiPoint","coordinates":[[-40.34090354,-20.45589482]]}},{"type":"Feature","properties":{"fonte":"IEMA","classificacao":null,"tipo_infracao":"TERRAPLANAGEM EM APP, EM BARRA DO JUCU.","item":null,"gravidade":null,"data":"2014-08-27T00:00:00Z","municipio":"Vila Velha","processo":""},"geometry":{"type":"MultiPoint","coordinates":[[-40.34090354,-20.45589482]]}},{"type":"Feature","properties":{"fonte":"IEMA","classificacao":null,"tipo_infracao":"BARRAGEM SEM LICEN�A AMBIENTAL ESTRADA DO XIR� JABAETE","item":null,"gravidade":null,"data":"2009-06-03T00:00:00Z","municipio":"Vila Velha","processo":""},"geometry":{"type":"MultiPoint","coordinates":[[-40.38349173,-20.4547572]]}},{"type":"Feature","properties":{"fonte":"IEMA","classificacao":null,"tipo_infracao":"ATERRO EM APP COM MANILHAMENTO DE CURSO H�DRICO, BARRA DO JUCU.","item":null,"gravidade":null,"data":"2012-03-02T00:00:00Z","municipio":"Vila Velha","processo":"RR 405/11 B"},"geometry":{"type":"MultiPoint","coordinates":[[-40.3409075,-20.45414213]]}},{"type":"Feature","properties":{"fonte":"IEMA","classificacao":null,"tipo_infracao":"ATERRO EM APP COM MANILHAMENTO DE CURSO H�DRICO, BARRA DO JUCU.","item":null,"gravidade":null,"data":"2012-05-25T00:00:00Z","municipio":"Vila Velha","processo":""},"geometry":{"type":"MultiPoint","coordinates":[[-40.3409075,-20.45414213]]}},{"type":"Feature","properties":{"fonte":"IEMA","classificacao":null,"tipo_infracao":"Aterro e Manilhamento em APP","item":null,"gravidade":null,"data":"2015-09-30T00:00:00Z","municipio":"Vila Velha","processo":""},"geometry":{"type":"MultiPoint","coordinates":[[-40.3409075,-20.45414213]]}},{"type":"Feature","properties":{"fonte":"IEMA","classificacao":null,"tipo_infracao":"�REA SEM SISTEMA DE DRENAGEM PLUVIAL COM DISPOSI��O DE RES�DUOS DIVERSOS, EM ULISSES GUIMAR�ES.","item":null,"gravidade":null,"data":"2012-09-21T00:00:00Z","municipio":"Vila Velha","processo":"RR 405/11 C"},"geometry":{"type":"MultiPoint","coordinates":[[-40.34177854,-20.44847991]]}},{"type":"Feature","properties":{"fonte":"IEMA","classificacao":null,"tipo_infracao":"�REA SEM SISTEMA DE DRENAGEM PLUVIAL COM DISPOSI��O DE RES�DUOS DIVERSOS, EM ULISSES GUIMAR�ES.","item":null,"gravidade":null,"data":"2014-03-24T00:00:00Z","municipio":"Vila Velha","processo":""},"geometry":{"type":"MultiPoint","coordinates":[[-40.34177854,-20.44847991]]}},{"type":"Feature","properties":{"fonte":"IEMA","classificacao":null,"tipo_infracao":"EXTRA��O DE ARGILA SEM LICEN�A AMBIENTAL, EM MORADA DA BARRA.","item":null,"gravidade":null,"data":"2014-05-05T00:00:00Z","municipio":"Vila Velha","processo":""},"geometry":{"type":"MultiPoint","coordinates":[[-40.3653275,-20.44827862]]}},{"type":"Feature","properties":{"fonte":"IEMA","classificacao":null,"tipo_infracao":"extra��o de argila","item":null,"gravidade":null,"data":"2017-03-20T00:00:00Z","municipio":"Vila Velha","processo":""},"geometry":{"type":"MultiPoint","coordinates":[[-40.3653275,-20.44827862]]}},{"type":"Feature","properties":{"fonte":"IEMA","classificacao":null,"tipo_infracao":"LOTEAMENTO SEM LICEN�A AMBIENTAL, EM TERRA VERMELHA","item":null,"gravidade":null,"data":"2012-02-14T00:00:00Z","municipio":"Vila Velha","processo":"AI E AE/I 06625"},"geometry":{"type":"MultiPoint","coordinates":[[-40.34829469,-20.44827595]]}},{"type":"Feature","properties":{"fonte":"IEMA","classificacao":null,"tipo_infracao":"LOTEAMENTO SEM LICEN�A AMBIENTAL EM TERRA VERMELHA.","item":null,"gravidade":null,"data":"2012-07-03T00:00:00Z","municipio":"Vila Velha","processo":""},"geometry":{"type":"MultiPoint","coordinates":[[-40.34829469,-20.44827595]]}},{"type":"Feature","properties":{"fonte":"IEMA","classificacao":null,"tipo_infracao":"LOTEAMENTO SEM LICEN�A AMBIENTAL, EM TERRA VERMELHA","item":null,"gravidade":null,"data":"2018-10-19T00:00:00Z","municipio":"Vila Velha","processo":"AI E AE/I 06625"},"geometry":{"type":"MultiPoint","coordinates":[[-40.34829469,-20.44827595]]}},{"type":"Feature","properties":{"fonte":"IEMA","classificacao":null,"tipo_infracao":"EXTRA��O DE AREIA IRREGULAR EM �REA DE DOM�NIO P�BLICO E DISPOSI��O IRREGULAR DE RES�DUOS, BARRA DO JUCU.","item":null,"gravidade":null,"data":"2011-10-14T00:00:00Z","municipio":"Vila Velha","processo":"PROT. 22849/10"},"geometry":{"type":"MultiPoint","coordinates":[[-40.3425622,-20.44821187]]}},{"type":"Feature","properties":{"fonte":"IEMA","classificacao":null,"tipo_infracao":"INSTALA��O DE CONDOM�NIO VERTICAL SEM LICEN�A AMBIENTAL, TERRA VERMELHA","item":null,"gravidade":null,"data":"2013-04-12T00:00:00Z","municipio":"Vila Velha","processo":"AI 8231"},"geometry":{"type":"MultiPoint","coordinates":[[-40.34445915,-20.44810688]]}},{"type":"Feature","properties":{"fonte":"IEMA","classificacao":null,"tipo_infracao":"INSTALA��O DE CONDOM�NIO VERTICAL SEM LICEN�A AMBIENTAL, TERRA VERMELHA.","item":null,"gravidade":null,"data":"2014-09-02T00:00:00Z","municipio":"Vila Velha","processo":""},"geometry":{"type":"MultiPoint","coordinates":[[-40.34445915,-20.44810688]]}},{"type":"Feature","properties":{"fonte":"IEMA","classificacao":null,"tipo_infracao":"P�SSARO EM CATIVEIRO.","item":null,"gravidade":null,"data":"2014-06-04T00:00:00Z","municipio":"Vila Velha","processo":"PROT. 9042/14 E"},"geometry":{"type":"MultiPoint","coordinates":[[-40.33579285,-20.44795681]]}},{"type":"Feature","properties":{"fonte":"IEMA","classificacao":null,"tipo_infracao":"EXTRA��O DE ARGILA","item":null,"gravidade":null,"data":"2009-06-29T00:00:00Z","municipio":"Vila Velha","processo":"TE/ 1622"},"geometry":{"type":"MultiPoint","coordinates":[[-40.34404922,-20.44726082]]}},{"type":"Feature","properties":{"fonte":"IEMA","classificacao":null,"tipo_infracao":"EXTRA��O DE ARGILA","item":null,"gravidade":null,"data":"2013-08-29T00:00:00Z","municipio":"Vila Velha","processo":""},"geometry":{"type":"MultiPoint","coordinates":[[-40.34404922,-20.44726082]]}},{"type":"Feature","properties":{"fonte":"IEMA","classificacao":null,"tipo_infracao":"EXTRA��O MINERAL EM DESACORDO COM A LICEN�A AMBIENTAL, TERRA VERMELHA","item":null,"gravidade":null,"data":"2012-01-03T00:00:00Z","municipio":"Vila Velha","processo":"AI E AE/I  9026"},"geometry":{"type":"MultiPoint","coordinates":[[-40.34548648,-20.44610235]]}},{"type":"Feature","properties":{"fonte":"IEMA","classificacao":null,"tipo_infracao":"EXTRA��O MINERAL E TERRAPLANAGEM EM DESACORDO COM A LICEN�A AMBIENTAL, TERRA VERMELHA","item":null,"gravidade":null,"data":"2012-01-03T00:00:00Z","municipio":"Vila Velha","processo":"AI E AE/I 9027"},"geometry":{"type":"MultiPoint","coordinates":[[-40.34521843,-20.44503837]]}},{"type":"Feature","properties":{"fonte":"IEMA","classificacao":null,"tipo_infracao":"EMPRESA DE EMBALAGEM DE PRODUTOS DE LIMPEZA SEM LICEN�A AMBIENTAL, EM TERRA VERMELHA.","item":null,"gravidade":null,"data":"2012-07-09T00:00:00Z","municipio":"Vila Velha","processo":""},"geometry":{"type":"MultiPoint","coordinates":[[-40.35049311,-20.44318161]]}},{"type":"Feature","properties":{"fonte":"IEMA","classificacao":null,"tipo_infracao":"OCUPA��O URBANA ATRAV�S DA CONSTRU��O DE RESIDENCIAL MULTIFAMILIAR EM ZONA URBANA, PRAIA DOS RECIFES, BARRA DO JUCU.","item":null,"gravidade":null,"data":"2011-02-17T00:00:00Z","municipio":"Vila Velha","processo":"RR 669/10"},"geometry":{"type":"MultiPoint","coordinates":[[-40.33092093,-20.4431969]]}},{"type":"Feature","properties":{"fonte":"IEMA","classificacao":null,"tipo_infracao":"CONSTRU��O DE UM CONJUNTO DE APARTAMENTOS DISTANTE 50 METROS DA PRAIA DOS RECIFES, BARRA DO JUCU.","item":null,"gravidade":null,"data":"2012-09-19T00:00:00Z","municipio":"Vila Velha","processo":"PROT. 28895/10 J"},"geometry":{"type":"MultiPoint","coordinates":[[-40.33092093,-20.4431969]]}},{"type":"Feature","properties":{"fonte":"IEMA","classificacao":null,"tipo_infracao":"TERRAPLANAGEM E EXTRA��O IRREGULAR DO SOLO SEM LICEN�A AMBIENTAL, RESIDENCIAL JABAER�, TERRA VERMELHA","item":null,"gravidade":null,"data":"2013-11-29T00:00:00Z","municipio":"Vila Velha","processo":"GFI 769/13"},"geometry":{"type":"MultiPoint","coordinates":[[-40.36110918,-20.44273752]]}},{"type":"Feature","properties":{"fonte":"IEMA","classificacao":null,"tipo_infracao":"TERRAPLANAGEM E EXTRA��O IRREGULAR DO SOLO SEM LICEN�A AMBIENTAL, RESIDENCIAL JABAER�, TERRA VERMELHA.","item":null,"gravidade":null,"data":"2014-09-25T00:00:00Z","municipio":"Vila Velha","processo":""},"geometry":{"type":"MultiPoint","coordinates":[[-40.36110918,-20.44273752]]}},{"type":"Feature","properties":{"fonte":"IEMA","classificacao":null,"tipo_infracao":"DENUNCIA REFERENTE A UMA EMPRESA DE CURTUME LOCALIZADA NA ESTRADA AIRTON SENA DA SILVA, NO BAIRRO MORADA DA BARRA.","item":null,"gravidade":null,"data":"2011-03-02T00:00:00Z","municipio":"Vila Velha","processo":""},"geometry":{"type":"MultiPoint","coordinates":[[-40.36265584,-20.44204784]]}},{"type":"Feature","properties":{"fonte":"IEMA","classificacao":null,"tipo_infracao":"FABRICA DE BLOCOS EM AREA RESIDENCIAL CAUSANDO MUITO POEIRA COM P� DE BRITA, AV TRANSMAZ�NICA, 248  BAIRRO BARRAMARES","item":null,"gravidade":null,"data":"2011-01-25T00:00:00Z","municipio":"Vila Velha","processo":"GFI 10668"},"geometry":{"type":"MultiPoint","coordinates":[[-40.34731509,-20.43925824]]}},{"type":"Feature","properties":{"fonte":"IEMA","classificacao":null,"tipo_infracao":"FABRICA��O DE BLOCOS DE CIMENTO SEM LICEN�A AMBIENTAL, EM ARA�AS.","item":null,"gravidade":null,"data":"2012-10-22T00:00:00Z","municipio":"Vila Velha","processo":""},"geometry":{"type":"MultiPoint","coordinates":[[-40.34731509,-20.43925824]]}},{"type":"Feature","properties":{"fonte":"IEMA","classificacao":null,"tipo_infracao":"MOENDO BARRO CAUSANDO POLUI��O, EM JO�O GOULART.","item":null,"gravidade":null,"data":"2011-06-13T00:00:00Z","municipio":"Vila Velha","processo":"PROT. 2683/10 C"},"geometry":{"type":"MultiPoint","coordinates":[[-40.36272086,-20.43855106]]}},{"type":"Feature","properties":{"fonte":"IEMA","classificacao":null,"tipo_infracao":"MOENDO BARRO CAUSANDO POLUI��O, EM JO�O GOULART.","item":null,"gravidade":null,"data":"2013-08-08T00:00:00Z","municipio":"Vila Velha","processo":""},"geometry":{"type":"MultiPoint","coordinates":[[-40.36272086,-20.43855106]]}},{"type":"Feature","properties":{"fonte":"IEMA","classificacao":null,"tipo_infracao":"Constru��o Civil, Projetos e Montagem de Estrutura Met�lica","item":null,"gravidade":null,"data":"2023-11-27T00:00:00Z","municipio":"Vila Velha","processo":"pe"},"geometry":{"type":"MultiPoint","coordinates":[[-40.33348702,-20.43844324]]}},{"type":"Feature","properties":{"fonte":"IEMA","classificacao":null,"tipo_infracao":"FABRICA��O DE BARRO REFINADO SEM LICEN�A AMBIENTAL, EM BARRAMARES","item":null,"gravidade":null,"data":"2014-03-13T00:00:00Z","municipio":"Vila Velha","processo":"GFI 11146"},"geometry":{"type":"MultiPoint","coordinates":[[-40.35103444,-20.43712441]]}},{"type":"Feature","properties":{"fonte":"IEMA","classificacao":null,"tipo_infracao":"FABRICA��O DE BARRO REFINADO SEM LICEN�A AMBIENTAL, BAIRRO BARRAMARES VILA VELHA / ES .","item":null,"gravidade":null,"data":"2014-12-02T00:00:00Z","municipio":"Vila Velha","processo":""},"geometry":{"type":"MultiPoint","coordinates":[[-40.35103444,-20.43712441]]}},{"type":"Feature","properties":{"fonte":"IEMA","classificacao":null,"tipo_infracao":"RECICLAGEM DE PLASTICO SEM LICEN�A AMBIENTAL, EM JO�O GOULART.","item":null,"gravidade":null,"data":"2010-08-12T00:00:00Z","municipio":"Vila Velha","processo":""},"geometry":{"type":"MultiPoint","coordinates":[[-40.35366677,-20.43454724]]}},{"type":"Feature","properties":{"fonte":"IEMA","classificacao":null,"tipo_infracao":"ACIDENTE RODOVI�RIO COM VAZAMENTO DE �LEO LUBRIFICANTE NA CANALETA DA RODOVIA E NO SOLO, BR 101 KM 309","item":null,"gravidade":null,"data":"2014-12-22T00:00:00Z","municipio":"Vila Velha","processo":"AI 7542"},"geometry":{"type":"MultiPoint","coordinates":[[-40.4596194,-20.43353745]]}},{"type":"Feature","properties":{"fonte":"IEMA","classificacao":null,"tipo_infracao":"Extra��o de areia e deposi��o de res�duos","item":null,"gravidade":null,"data":"2019-08-22T00:00:00Z","municipio":"Vila Velha","processo":"GFI 263/17"},"geometry":{"type":"MultiPoint","coordinates":[[-40.32620357,-20.43407204]]}},{"type":"Feature","properties":{"fonte":"IEMA","classificacao":null,"tipo_infracao":"PAVIMENTA��O ASF�LTICA DE ESTRADA VICINAL","item":null,"gravidade":null,"data":"2011-04-06T00:00:00Z","municipio":"Viana","processo":"AI 04597"},"geometry":{"type":"MultiPoint","coordinates":[[-40.50841791,-20.4323174]]}},{"type":"Feature","properties":{"fonte":"IEMA","classificacao":null,"tipo_infracao":"PAVIMENTA��O ASFALTICA DE ESTRADA VICINAL, PEDRA DA MULATA.","item":null,"gravidade":null,"data":"2013-06-18T00:00:00Z","municipio":"Viana","processo":""},"geometry":{"type":"MultiPoint","coordinates":[[-40.50841791,-20.4323174]]}},{"type":"Feature","properties":{"fonte":"IEMA","classificacao":null,"tipo_infracao":"FOI CONSTATADO UM MONTE DE AREIA AS MARGENS DO RIO JUCU SIM HAVIA EXTRA��O NO MOMENTO DA VISTORIA, EM JUCU","item":null,"gravidade":null,"data":"2012-08-03T00:00:00Z","municipio":"Viana","processo":"AI E AE/I 06695"},"geometry":{"type":"MultiPoint","coordinates":[[-40.45904799,-20.43188901]]}},{"type":"Feature","properties":{"fonte":"IEMA","classificacao":null,"tipo_infracao":"FOI CONSTATADO UM MONTE DE AREIA AS MARGENS DO RIO JUCU. SIM HAVIA EXTRA��O NO MOMENTO DA VISTORIA, EM JUCU.","item":null,"gravidade":null,"data":"2014-09-09T00:00:00Z","municipio":"Viana","processo":""},"geometry":{"type":"MultiPoint","coordinates":[[-40.45904799,-20.43188901]]}},{"type":"Feature","properties":{"fonte":"IEMA","classificacao":null,"tipo_infracao":"EXTRA��O DE AREIA SEM LICEN�A AMBIENTAL, RIO JUCU","item":null,"gravidade":null,"data":"2010-08-23T00:00:00Z","municipio":"Viana","processo":"AI E TE/ 03500"},"geometry":{"type":"MultiPoint","coordinates":[[-40.44847744,-20.43193212]]}},{"type":"Feature","properties":{"fonte":"IEMA","classificacao":null,"tipo_infracao":"EXTRA��O DE AREIA SEM LICEN�A AMBIENTAL, RIO JUCU","item":null,"gravidade":null,"data":"2010-10-15T00:00:00Z","municipio":"Viana","processo":""},"geometry":{"type":"MultiPoint","coordinates":[[-40.44847744,-20.43193212]]}},{"type":"Feature","properties":{"fonte":"IEMA","classificacao":null,"tipo_infracao":"TRANSPORTE E ARMAZENAMENTO DE RES�DUO OLEOSO SEM LICEN�A AMBIENTAL, EM JACARAIPE.","item":null,"gravidade":null,"data":"2014-08-13T00:00:00Z","municipio":"Serra","processo":""},"geometry":{"type":"MultiPoint","coordinates":[[-40.3556239,-20.4325806]]}},{"type":"Feature","properties":{"fonte":"IEMA","classificacao":null,"tipo_infracao":"EXTRA��O DE AREIA","item":null,"gravidade":null,"data":"2017-09-19T00:00:00Z","municipio":"Vila Velha","processo":"GFI 266/17"},"geometry":{"type":"MultiPoint","coordinates":[[-40.33540835,-20.43229417]]}},{"type":"Feature","properties":{"fonte":"IEMA","classificacao":null,"tipo_infracao":"CATIVEIRO DE ANIMAIS SILVESTRE","item":null,"gravidade":null,"data":"2013-06-27T00:00:00Z","municipio":"Vila Velha","processo":"GFI 517/13"},"geometry":{"type":"MultiPoint","coordinates":[[-40.35052097,-20.43210531]]}},{"type":"Feature","properties":{"fonte":"IEMA","classificacao":null,"tipo_infracao":"EXTRA��O DE AREIA , AV ALVARES DE AZEVEDO , PORTAL DA BARRA, CIDADE DA BARRA","item":null,"gravidade":null,"data":"2009-06-29T00:00:00Z","municipio":"Vila Velha","processo":"AI, TAD E TE 2106"},"geometry":{"type":"MultiPoint","coordinates":[[-40.33470735,-20.43213693]]}},{"type":"Feature","properties":{"fonte":"IEMA","classificacao":null,"tipo_infracao":"EXTRA��O DE AREIA , AV ALVARES DE AZEVEDO , PORTAL DA BARRA, CIDADE DA BARRA","item":null,"gravidade":null,"data":"2009-06-30T00:00:00Z","municipio":"Vila Velha","processo":"AI, TAD E TE 2107"},"geometry":{"type":"MultiPoint","coordinates":[[-40.33470735,-20.43213693]]}},{"type":"Feature","properties":{"fonte":"IEMA","classificacao":null,"tipo_infracao":"EXTRA��O DE AREIA , AV ALVARES DE AZEVEDO , PORTAL DA BARRA, CIDADE DA BARRA","item":null,"gravidade":null,"data":"2009-06-30T00:00:00Z","municipio":"Vila Velha","processo":"AI, TAD E TE 2107"},"geometry":{"type":"MultiPoint","coordinates":[[-40.33470735,-20.43213693]]}},{"type":"Feature","properties":{"fonte":"IEMA","classificacao":null,"tipo_infracao":"EXTRA��O DE AREIA , AV ALVARES DE AZEVEDO , PORTAL DA BARRA, CIDADE DA BARRA","item":null,"gravidade":null,"data":"2009-07-01T00:00:00Z","municipio":"Vila Velha","processo":"AI, TAD E TE 03315"},"geometry":{"type":"MultiPoint","coordinates":[[-40.33470735,-20.43213693]]}},{"type":"Feature","properties":{"fonte":"IEMA","classificacao":null,"tipo_infracao":"EXTRA��O DE AREIA , AV. ALVARES DE AZEVEDO , PORTAL DA BARRA, CIDADE DA BARRA","item":null,"gravidade":null,"data":"2010-08-05T00:00:00Z","municipio":"Vila Velha","processo":""},"geometry":{"type":"MultiPoint","coordinates":[[-40.33470735,-20.43213693]]}},{"type":"Feature","properties":{"fonte":"IEMA","classificacao":null,"tipo_infracao":"EXTRA��O DE AREIA , AV. ALVARES DE AZEVEDO , PORTAL DA BARRA, CIDADE DA BARRA","item":null,"gravidade":null,"data":"2010-11-29T00:00:00Z","municipio":"Vila Velha","processo":""},"geometry":{"type":"MultiPoint","coordinates":[[-40.33470735,-20.43213693]]}},{"type":"Feature","properties":{"fonte":"IEMA","classificacao":null,"tipo_infracao":"EXTRA��O DE AREIA , AV. ALVARES DE AZEVEDO , PORTAL DA BARRA, CIDADE DA BARRA","item":null,"gravidade":null,"data":"2012-09-04T00:00:00Z","municipio":"Vila Velha","processo":""},"geometry":{"type":"MultiPoint","coordinates":[[-40.33470735,-20.43213693]]}},{"type":"Feature","properties":{"fonte":"IEMA","classificacao":null,"tipo_infracao":"EXTRA��O DE AREIA , AV. ALVARES DE AZEVEDO , PORTAL DA BARRA, CIDADE DA BARRA","item":null,"gravidade":null,"data":"2014-07-01T00:00:00Z","municipio":"Vila Velha","processo":""},"geometry":{"type":"MultiPoint","coordinates":[[-40.33470735,-20.43213693]]}},{"type":"Feature","properties":{"fonte":"IEMA","classificacao":null,"tipo_infracao":"APREENS�O DE PASSAROS SILVESTRE EM CATIVEIRO.","item":null,"gravidade":null,"data":"2014-11-07T00:00:00Z","municipio":"Vila Velha","processo":"PROT. 13391/14 D"},"geometry":{"type":"MultiPoint","coordinates":[[-40.32738768,-20.43021436]]}},{"type":"Feature","properties":{"fonte":"IEMA","classificacao":null,"tipo_infracao":"Armaz�m ou dep�sito de cargas gerais","item":null,"gravidade":null,"data":"2022-09-26T00:00:00Z","municipio":"Vila Velha","processo":"Den�ncia 525/2022"},"geometry":{"type":"MultiPoint","coordinates":[[-40.43292131,-20.42866405]]}},{"type":"Feature","properties":{"fonte":"IEMA","classificacao":null,"tipo_infracao":"COLETA E TRANSPORTE DE RES�DUOS DE CONSTRU��O CIVIL, BAIRRO BARRAMARES","item":null,"gravidade":null,"data":"2012-08-23T00:00:00Z","municipio":"Vila Velha","processo":"AI 06547"},"geometry":{"type":"MultiPoint","coordinates":[[-40.35466719,-20.42730297]]}},{"type":"Feature","properties":{"fonte":"IEMA","classificacao":null,"tipo_infracao":"LS PARA COLETA E TRANSPORTE DE RES�DUOS DE CONSTRU��O CIVIL, BAIRRO BARRAMARES.","item":null,"gravidade":null,"data":"2013-02-06T00:00:00Z","municipio":"Vila Velha","processo":""},"geometry":{"type":"MultiPoint","coordinates":[[-40.35466719,-20.42730297]]}},{"type":"Feature","properties":{"fonte":"IEMA","classificacao":null,"tipo_infracao":"ATERRO EM �REA DE PRESERVA��O PERMANENTE APP ZR S�O FLORIANO DOMINGOS MARTINS/ ES","item":null,"gravidade":null,"data":"2014-12-15T00:00:00Z","municipio":"Vila Velha","processo":""},"geometry":{"type":"MultiPoint","coordinates":[[-40.95778142,-20.42136736]]}},{"type":"Feature","properties":{"fonte":"IEMA","classificacao":null,"tipo_infracao":"Realizar vistoria conjunta com a PRF para verificar licenciamento ambiental em ve�culo aprrendido por eles em Viana.","item":null,"gravidade":null,"data":"2019-04-15T00:00:00Z","municipio":"Vila Velha","processo":"GFI 063/19"},"geometry":{"type":"MultiPoint","coordinates":[[-40.43288663,-20.4259541]]}},{"type":"Feature","properties":{"fonte":"IEMA","classificacao":null,"tipo_infracao":"EXTRA��O DE AREIA E POLUI��O ATMOSF�RICA, COMUNIDADE DE SANTA PAULA II","item":null,"gravidade":null,"data":"2013-08-16T00:00:00Z","municipio":"Vila Velha","processo":"GFI 627/13"},"geometry":{"type":"MultiPoint","coordinates":[[-40.33938496,-20.42666231]]}},{"type":"Feature","properties":{"fonte":"IEMA","classificacao":null,"tipo_infracao":"IRRIGA��O","item":null,"gravidade":null,"data":"2015-11-17T00:00:00Z","municipio":"Viana","processo":"357/15 A"},"geometry":{"type":"MultiPoint","coordinates":[[-40.50517022,-20.42455831]]}},{"type":"Feature","properties":{"fonte":"IEMA","classificacao":null,"tipo_infracao":"CONSTRU��O DE ALVENARIA EM �REA DE PRESERVA��O AMBIENTAL NAS MARGENS DO RIO JUCU, PEDAR MULATA.","item":null,"gravidade":null,"data":"2010-08-18T00:00:00Z","municipio":"Viana","processo":""},"geometry":{"type":"MultiPoint","coordinates":[[-40.50468046,-20.42445414]]}},{"type":"Feature","properties":{"fonte":"IEMA","classificacao":null,"tipo_infracao":"FABRICA��O DE PAREDES DE ISOPOR E CIMENTO SEM LICEN�A AMBIENTAL, EM BARRA DO JUCU","item":null,"gravidade":null,"data":"2014-09-03T00:00:00Z","municipio":"Vila Velha","processo":"GFI 14837"},"geometry":{"type":"MultiPoint","coordinates":[[-40.32608271,-20.42556255]]}},{"type":"Feature","properties":{"fonte":"IEMA","classificacao":null,"tipo_infracao":"FABRICA��O DE PAREDES DE ISOPOR E CIMENTO SEM LICEN�A AMBIENTAL, EM BARRA DO JUCU.","item":null,"gravidade":null,"data":"2014-09-03T00:00:00Z","municipio":"Vila Velha","processo":""},"geometry":{"type":"MultiPoint","coordinates":[[-40.32608271,-20.42556255]]}},{"type":"Feature","properties":{"fonte":"IEMA","classificacao":null,"tipo_infracao":"CONSTRU��O DE LAVA JATO, BARRA DO JUCU.","item":null,"gravidade":null,"data":"2012-03-22T00:00:00Z","municipio":"Vila Velha","processo":"RR 347/10"},"geometry":{"type":"MultiPoint","coordinates":[[-40.3287577,-20.42457548]]}},{"type":"Feature","properties":{"fonte":"IEMA","classificacao":null,"tipo_infracao":"MORTANDADE DE PEIXE NA F�Z DO RIO JUCU","item":null,"gravidade":null,"data":"2016-11-03T00:00:00Z","municipio":"Vila Velha","processo":"GFI 29153, 29152"},"geometry":{"type":"MultiPoint","coordinates":[[-40.32418485,-20.42441156]]}},{"type":"Feature","properties":{"fonte":"IEMA","classificacao":null,"tipo_infracao":"TOMBAMENTO DE CARRETA DE FERTILIZANTES, ROD BR 262 KM 63","item":null,"gravidade":null,"data":"2011-12-08T00:00:00Z","municipio":"Viana","processo":"AI 9075"},"geometry":{"type":"MultiPoint","coordinates":[[-40.81583229,-20.41742264]]}},{"type":"Feature","properties":{"fonte":"IEMA","classificacao":null,"tipo_infracao":"EXTRA��O DE AREIA EM APP, FAZENDA  ICARAIS, ZONA RURAL","item":null,"gravidade":null,"data":"2009-07-16T00:00:00Z","municipio":"Viana","processo":"AI E TE/ 1153"},"geometry":{"type":"MultiPoint","coordinates":[[-40.40481012,-20.42104244]]}},{"type":"Feature","properties":{"fonte":"IEMA","classificacao":null,"tipo_infracao":"EXTRA��O DE AREIA EM APP, FAZENDA ICARAIS, ZONA RURAL","item":null,"gravidade":null,"data":"2010-02-18T00:00:00Z","municipio":"Viana","processo":""},"geometry":{"type":"MultiPoint","coordinates":[[-40.40481012,-20.42104244]]}},{"type":"Feature","properties":{"fonte":"IEMA","classificacao":null,"tipo_infracao":"ACIDENTE RODOVI�RIO COM DERRAMAMENTO DA CARGA NA MARGEM DA RODOVIA ATINGINDO O SOLO E VEGETA��O, BR 262 KM 64","item":null,"gravidade":null,"data":"2012-03-23T00:00:00Z","municipio":"Serra","processo":"AI 06626"},"geometry":{"type":"MultiPoint","coordinates":[[-40.81563613,-20.41703628]]}},{"type":"Feature","properties":{"fonte":"IEMA","classificacao":null,"tipo_infracao":"CARRETA TRANSPORTADORA DE VERTILIZANTE TOMBOU NA ROD. RESULTANDO QUEDA DA CARGA SOBRE CANALETA DE DRENAGEM E SOLO","item":null,"gravidade":null,"data":"2021-09-16T00:00:00Z","municipio":"Viana","processo":"GFI 83/2021"},"geometry":{"type":"MultiPoint","coordinates":[[-40.81327702,-20.41686213]]}},{"type":"Feature","properties":{"fonte":"IEMA","classificacao":null,"tipo_infracao":"CARRETA TRANSPORTADORA DE VERTILIZANTE TOMBOU NA ROD. RESULTANDO QUEDA DA CARGA SOBRE CANALETA DE DRENAGEM E SOLO","item":null,"gravidade":null,"data":"2021-09-16T00:00:00Z","municipio":"Viana","processo":"GFI 83/2021"},"geometry":{"type":"MultiPoint","coordinates":[[-40.81327702,-20.41686213]]}},{"type":"Feature","properties":{"fonte":"IEMA","classificacao":null,"tipo_infracao":"BARRAGEM, FAZENDA PAZ DO PARA�ZO, VCTOR HUGO","item":null,"gravidade":null,"data":"2010-05-04T00:00:00Z","municipio":"Vila Velha","processo":"AI /1229"},"geometry":{"type":"MultiPoint","coordinates":[[-40.91595441,-20.41559123]]}},{"type":"Feature","properties":{"fonte":"IEMA","classificacao":null,"tipo_infracao":"BARRAGEM, FAZENDA PAZ DO PARA�ZO, VCTOR HUGO","item":null,"gravidade":null,"data":"2012-02-24T00:00:00Z","municipio":"Vila Velha","processo":""},"geometry":{"type":"MultiPoint","coordinates":[[-40.91595441,-20.41559123]]}},{"type":"Feature","properties":{"fonte":"IEMA","classificacao":null,"tipo_infracao":"Remo��o e guarda de ve�culos","item":null,"gravidade":null,"data":"2017-01-06T00:00:00Z","municipio":"Vila Velha","processo":"GFI 20/17"},"geometry":{"type":"MultiPoint","coordinates":[[-40.32938758,-20.42092077]]}},{"type":"Feature","properties":{"fonte":"IEMA","classificacao":null,"tipo_infracao":"CONSTRU��O DE P�ER SEM LICEN�A AMBIENTAL, BARRA DO JUC�","item":null,"gravidade":null,"data":"2012-05-16T00:00:00Z","municipio":"Vila Velha","processo":"AI E AE/I 05461"},"geometry":{"type":"MultiPoint","coordinates":[[-40.32619755,-20.41995131]]}},{"type":"Feature","properties":{"fonte":"IEMA","classificacao":null,"tipo_infracao":"CONSTRU��O DE P�ER SEM LICEN�A AMBIENTAL, BARRA DO JUC�.","item":null,"gravidade":null,"data":"2014-10-08T00:00:00Z","municipio":"Vila Velha","processo":""},"geometry":{"type":"MultiPoint","coordinates":[[-40.32619755,-20.41995131]]}},{"type":"Feature","properties":{"fonte":"IEMA","classificacao":null,"tipo_infracao":"ATIVIDADE DE LAZER RECREATIVO SME LICEN�A AMBIENTAL, EM MORADA DA BARRA","item":null,"gravidade":null,"data":"2012-10-10T00:00:00Z","municipio":"Vila Velha","processo":"GFI 11277"},"geometry":{"type":"MultiPoint","coordinates":[[-40.37531264,-20.41889283]]}},{"type":"Feature","properties":{"fonte":"IEMA","classificacao":null,"tipo_infracao":"ATIVIDADE DE LAZER RECREATIVO SME LICEN�A AMBIENTAL, EM MORADA DA BARRA.","item":null,"gravidade":null,"data":"2014-11-06T00:00:00Z","municipio":"Vila Velha","processo":""},"geometry":{"type":"MultiPoint","coordinates":[[-40.37531264,-20.41889283]]}},{"type":"Feature","properties":{"fonte":"IEMA","classificacao":null,"tipo_infracao":"PINTURA DE CONTAINERS AO AR LIVRE CAUSANDO POLUI��O ATMOSF�RICA, EM SANTA PAULA I","item":null,"gravidade":null,"data":"2011-04-15T00:00:00Z","municipio":"Vila Velha","processo":"GFI 129/10"},"geometry":{"type":"MultiPoint","coordinates":[[-40.33171365,-20.41726214]]}},{"type":"Feature","properties":{"fonte":"IEMA","classificacao":null,"tipo_infracao":"PINTURA DE CONTAINERS AO AR LIVRE CAUSANDO POLUI��O ATMOSF�RICA, EM SANTA PAULA I.","item":null,"gravidade":null,"data":"2013-10-07T00:00:00Z","municipio":"Vila Velha","processo":""},"geometry":{"type":"MultiPoint","coordinates":[[-40.33171365,-20.41726214]]}},{"type":"Feature","properties":{"fonte":"IEMA","classificacao":null,"tipo_infracao":"SOLICITA O ENCAMINHAMENTO DA DECLARA��O DO CUMPRIMENTO DO PRAD DO AUTOR NOIL PINTO.","item":null,"gravidade":null,"data":"2013-02-27T00:00:00Z","municipio":"Viana","processo":"PROT. 27996/12"},"geometry":{"type":"MultiPoint","coordinates":[[-40.43161029,-20.41644265]]}},{"type":"Feature","properties":{"fonte":"IEMA","classificacao":null,"tipo_infracao":"EXTRA��O DE AREIA SEM LICEN�A AMBIENTAL, SITIO LARANJEIRAS, COMUNIDADE DO CONGONGO.","item":null,"gravidade":null,"data":"2013-04-12T00:00:00Z","municipio":"Viana","processo":""},"geometry":{"type":"MultiPoint","coordinates":[[-40.43161029,-20.41644265]]}},{"type":"Feature","properties":{"fonte":"IEMA","classificacao":null,"tipo_infracao":"ACIDENTE TRANSPORTANDO PRODUTOS CALCARIO E FERTILIZANTES, BR 262  KM 69, MARECHAL FLORIANO","item":null,"gravidade":null,"data":"2011-05-31T00:00:00Z","municipio":"Viana","processo":"AI 03282"},"geometry":{"type":"MultiPoint","coordinates":[[-40.85823702,-20.41237774]]}},{"type":"Feature","properties":{"fonte":"IEMA","classificacao":null,"tipo_infracao":"ACIDENTE TRANSPORTANDO PRODUTOS CALCARIO E FERTILIZANTES, BR 262 KM 69, MARECHAL FLORIANO","item":null,"gravidade":null,"data":"2011-11-09T00:00:00Z","municipio":"Serra","processo":"AI 03283"},"geometry":{"type":"MultiPoint","coordinates":[[-40.85823702,-20.41237774]]}},{"type":"Feature","properties":{"fonte":"IEMA","classificacao":null,"tipo_infracao":"SUINOCULTURA E AVICULTURA COM LAN�AMENTO DE EFLUENTES EM CURSO DE �GUA SEM LICEN�A AMBIENTAL, FAZENDA PARA�SO, EM PEIXE VERDE.","item":null,"gravidade":null,"data":"2014-04-17T00:00:00Z","municipio":"Viana","processo":""},"geometry":{"type":"MultiPoint","coordinates":[[-40.6241356,-20.4147178]]}},{"type":"Feature","properties":{"fonte":"IEMA","classificacao":null,"tipo_infracao":"SUINOCULTURA E AVICULTURA COM LAN�AMENTO DE EFLUENTES EM CURSO D'�GUA, FAZENDA PARA�SO, PEIXE VERDE","item":null,"gravidade":null,"data":"2011-07-20T00:00:00Z","municipio":"Viana","processo":"AI E AE/I 9776"},"geometry":{"type":"MultiPoint","coordinates":[[-40.54748412,-20.41541563]]}},{"type":"Feature","properties":{"fonte":"IEMA","classificacao":null,"tipo_infracao":"TOMBAMENTO DE VE�CULO COM DERRAMAMENTO DE DE COQUI, BR 262 KM 55","item":null,"gravidade":null,"data":"2009-06-16T00:00:00Z","municipio":"Viana","processo":"AI 02557"},"geometry":{"type":"MultiPoint","coordinates":[[-40.75184997,-20.41273946]]}},{"type":"Feature","properties":{"fonte":"IEMA","classificacao":null,"tipo_infracao":"BENEFICIAMENTO MINERAL","item":null,"gravidade":null,"data":"2018-05-22T00:00:00Z","municipio":"Vila Velha","processo":""},"geometry":{"type":"MultiPoint","coordinates":[[-40.33610305,-20.41618054]]}},{"type":"Feature","properties":{"fonte":"IEMA","classificacao":null,"tipo_infracao":"Extra��o de areia","item":null,"gravidade":null,"data":"2016-06-21T00:00:00Z","municipio":"Viana","processo":""},"geometry":{"type":"MultiPoint","coordinates":[[-40.43281502,-20.41511377]]}},{"type":"Feature","properties":{"fonte":"IEMA","classificacao":null,"tipo_infracao":"COMERCIO DE AREIA E ARGILA","item":null,"gravidade":null,"data":"2011-02-18T00:00:00Z","municipio":"Vila Velha","processo":""},"geometry":{"type":"MultiPoint","coordinates":[[-40.34072798,-20.41574749]]}},{"type":"Feature","properties":{"fonte":"IEMA","classificacao":null,"tipo_infracao":"F�BRICA DE ARTEFATOS DE MADEIRA SEM LICEN�A AMBIENTAL, EM BARRA DO JUCU.","item":null,"gravidade":null,"data":"2011-10-18T00:00:00Z","municipio":"Vila Velha","processo":"RR 93/11"},"geometry":{"type":"MultiPoint","coordinates":[[-40.33847606,-20.41465358]]}},{"type":"Feature","properties":{"fonte":"IEMA","classificacao":null,"tipo_infracao":"F�BRICA DE ARTEFATOS DE MADEIRA SEM LICEN�A AMBIENTAL, EM BARRA DO JUCU.","item":null,"gravidade":null,"data":"2012-03-30T00:00:00Z","municipio":"Vila Velha","processo":""},"geometry":{"type":"MultiPoint","coordinates":[[-40.33847606,-20.41465358]]}},{"type":"Feature","properties":{"fonte":"IEMA","classificacao":null,"tipo_infracao":"ACIDENTE RODOVI�RIO COM CARRETA QUE TRANSPORTAVA CHOCOLATE (EM CAIXAS) E CAIXAS DE FOSFORO NA BR 262 EM VICTOR HUGO","item":null,"gravidade":null,"data":"2009-11-06T00:00:00Z","municipio":"Vila Velha","processo":"AI 02670"},"geometry":{"type":"MultiPoint","coordinates":[[-40.88697403,-20.4095126]]}},{"type":"Feature","properties":{"fonte":"IEMA","classificacao":null,"tipo_infracao":"TERRAPLANAGEM E CONTRI��O SEM LICEN�A AMBIENTAL E PRAD","item":null,"gravidade":null,"data":"2013-07-26T00:00:00Z","municipio":"Vila Velha","processo":"GFI 589/13"},"geometry":{"type":"MultiPoint","coordinates":[[-40.72547448,-20.40954303]]}},{"type":"Feature","properties":{"fonte":"IEMA","classificacao":null,"tipo_infracao":"EXTRA��O DE AREIA BARRA DO JUCU","item":null,"gravidade":null,"data":"2014-03-21T00:00:00Z","municipio":"Vila Velha","processo":""},"geometry":{"type":"MultiPoint","coordinates":[[-40.34517603,-20.41150318]]}},{"type":"Feature","properties":{"fonte":"IEMA","classificacao":null,"tipo_infracao":"LAN�AMENTO DE EFLUENTES , ESGOTO COLETIVO MUNICIPAL, CENTRO","item":null,"gravidade":null,"data":"2014-12-19T00:00:00Z","municipio":"Viana","processo":"AI 10928"},"geometry":{"type":"MultiPoint","coordinates":[[-40.45851877,-20.41031116]]}},{"type":"Feature","properties":{"fonte":"IEMA","classificacao":null,"tipo_infracao":"LAN�AMENTO DE EFLUENTES ESGOTO MUNICIPAL","item":null,"gravidade":null,"data":"2017-02-14T00:00:00Z","municipio":"Viana","processo":""},"geometry":{"type":"MultiPoint","coordinates":[[-40.45851877,-20.41031116]]}},{"type":"Feature","properties":{"fonte":"IEMA","classificacao":null,"tipo_infracao":"LAN�AMENTO DE EFLUENTES, ESGOTO MUNICIPAL","item":null,"gravidade":null,"data":"2017-02-16T00:00:00Z","municipio":"Viana","processo":""},"geometry":{"type":"MultiPoint","coordinates":[[-40.45851877,-20.41031116]]}},{"type":"Feature","properties":{"fonte":"IEMA","classificacao":null,"tipo_infracao":"MULTA DIARIA -  203/17 - COORD. 347818/7742437","item":null,"gravidade":null,"data":"2017-08-11T00:00:00Z","municipio":"Viana","processo":""},"geometry":{"type":"MultiPoint","coordinates":[[-40.45851877,-20.41031116]]}},{"type":"Feature","properties":{"fonte":"IEMA","classificacao":null,"tipo_infracao":"LAN�AMENTO DE EFLUENTES, ESGOTO MUNICIPAL","item":null,"gravidade":null,"data":"2018-10-19T00:00:00Z","municipio":"Viana","processo":""},"geometry":{"type":"MultiPoint","coordinates":[[-40.45851877,-20.41031116]]}},{"type":"Feature","properties":{"fonte":"IEMA","classificacao":null,"tipo_infracao":"TERRAPLANAGEM, ATERRO E CONSTRU��O DE BARREIRA DE PNEUS EM APP, BEIRA DO RIO JUCU BRA�O SUL EM PEIXE VERDE","item":null,"gravidade":null,"data":"2012-09-05T00:00:00Z","municipio":"Viana","processo":"AI E AE/I 06537"},"geometry":{"type":"MultiPoint","coordinates":[[-40.55706449,-20.4085369]]}},{"type":"Feature","properties":{"fonte":"IEMA","classificacao":null,"tipo_infracao":"TERRAPLANAGEM, ATERRO E CONSTRU��O DE BARREIRA DE PNEUS EM APP, BEIRA DO RIO JUCU BRA�O SUL EM PEIXE VERDE.","item":null,"gravidade":null,"data":"2013-10-16T00:00:00Z","municipio":"Viana","processo":""},"geometry":{"type":"MultiPoint","coordinates":[[-40.55706449,-20.4085369]]}},{"type":"Feature","properties":{"fonte":"IEMA","classificacao":null,"tipo_infracao":"Extra��o de areia","item":null,"gravidade":null,"data":"2017-04-18T00:00:00Z","municipio":"Viana","processo":"PROT. 4018/17"},"geometry":{"type":"MultiPoint","coordinates":[[-40.39871365,-20.40708848]]}},{"type":"Feature","properties":{"fonte":"IEMA","classificacao":null,"tipo_infracao":"Deposi��o de res�duos","item":null,"gravidade":null,"data":"2020-02-28T00:00:00Z","municipio":"Vila Velha","processo":""},"geometry":{"type":"MultiPoint","coordinates":[[-40.33697729,-20.40533256]]}},{"type":"Feature","properties":{"fonte":"IEMA","classificacao":null,"tipo_infracao":"LAVANDO CAMINH�ES DE LIMPA FOSSA E DESPEJANDO OS DEJETOS NA BACIA DO RIO JUC�","item":null,"gravidade":null,"data":"2013-06-12T00:00:00Z","municipio":"Vila Velha","processo":"Prot. 04498/12 H"},"geometry":{"type":"MultiPoint","coordinates":[[-40.33822509,-20.40335348]]}},{"type":"Feature","properties":{"fonte":"IEMA","classificacao":null,"tipo_infracao":"LAVRA CLANDESTINA SEM AUTORIZA��O DO DNPM, EM BARRA DO JUCU.","item":null,"gravidade":null,"data":"2013-09-18T00:00:00Z","municipio":"Vila Velha","processo":"Prot. 2500/13"},"geometry":{"type":"MultiPoint","coordinates":[[-40.36017087,-20.40250602]]}},{"type":"Feature","properties":{"fonte":"IEMA","classificacao":null,"tipo_infracao":"ACIDENTE RODOVI�RIO COM TOMBAMENTO DE CARRETA TANQUE DE COMBUST�VEL NA MARGEM DA RODOVIA ATINGINDO A LAGOA E C�RREGO, ROD BR 101 SUL KM 305","item":null,"gravidade":null,"data":"2014-12-29T00:00:00Z","municipio":"Serra","processo":"AI 03433"},"geometry":{"type":"MultiPoint","coordinates":[[-40.4554098,-20.40170061]]}},{"type":"Feature","properties":{"fonte":"IEMA","classificacao":null,"tipo_infracao":"Derrame de �leo","item":null,"gravidade":null,"data":"2015-07-23T00:00:00Z","municipio":"Viana","processo":"AI 8585/15 via azul"},"geometry":{"type":"MultiPoint","coordinates":[[-40.43703998,-20.37676528]]}},{"type":"Feature","properties":{"fonte":"IEMA","classificacao":null,"tipo_infracao":"POLUI��O NO RIO FORMATE, BAIRRO VILA RICA.","item":null,"gravidade":null,"data":"2015-01-15T00:00:00Z","municipio":"Cariacica","processo":"RR 640/10"},"geometry":{"type":"MultiPoint","coordinates":[[-40.37008096,-20.39948321]]}},{"type":"Feature","properties":{"fonte":"IEMA","classificacao":null,"tipo_infracao":"SUINOCULTURA COM LAN�AMENTO DE EFLUENTE EM APP, EM COQUEIRAL DE VIANA","item":null,"gravidade":null,"data":"2012-03-22T00:00:00Z","municipio":"Viana","processo":"AI E AE/I 8965"},"geometry":{"type":"MultiPoint","coordinates":[[-40.37956147,-20.3977642]]}},{"type":"Feature","properties":{"fonte":"IEMA","classificacao":null,"tipo_infracao":"SUINOCULTURA COM LAN�AMENTO DE EFLUENTE EM APP, EM COQUEIRAL DE VIANA.","item":null,"gravidade":null,"data":"2013-05-08T00:00:00Z","municipio":"Viana","processo":""},"geometry":{"type":"MultiPoint","coordinates":[[-40.37956147,-20.3977642]]}},{"type":"Feature","properties":{"fonte":"IEMA","classificacao":null,"tipo_infracao":"SUINOCULTURA EM APP DO RIO FORMATE E CAPTA��O DE �GUA SUPERFICIAL, EM CA�AROCA","item":null,"gravidade":null,"data":"2012-03-08T00:00:00Z","municipio":"Cariacica","processo":"AI E AE/I 05169"},"geometry":{"type":"MultiPoint","coordinates":[[-40.37363376,-20.39707923]]}},{"type":"Feature","properties":{"fonte":"IEMA","classificacao":null,"tipo_infracao":"SUINOCULTURA EM APP DO RIO FORMATE E CAPTA��O DE �GUA SUPERFICIAL, EM CA�AROCA.","item":null,"gravidade":null,"data":"2014-12-19T00:00:00Z","municipio":"Cariacica","processo":""},"geometry":{"type":"MultiPoint","coordinates":[[-40.37363376,-20.39707923]]}},{"type":"Feature","properties":{"fonte":"IEMA","classificacao":null,"tipo_infracao":"Acidente rodovi�rio na ES 060 km 11 com caminh�o transportando �cido. Na ocasi�o o produto atingiu o solo, vegeta��o e recurso hidrico.","item":null,"gravidade":null,"data":"2019-01-02T00:00:00Z","municipio":"Vila Velha","processo":"GFI 02/19"},"geometry":{"type":"MultiPoint","coordinates":[[-40.31979042,-20.39570636]]}},{"type":"Feature","properties":{"fonte":"IEMA","classificacao":null,"tipo_infracao":"DEP�SITO DE LIXO E QUEIMA CONSTANTES DESSES MATERIAIS CAUSANDO POLUI��O ATMOSF�RICA, BAIRRO PONTAL DAS GAR�AS","item":null,"gravidade":null,"data":"2012-07-02T00:00:00Z","municipio":"Vila Velha","processo":"GFI 10475"},"geometry":{"type":"MultiPoint","coordinates":[[-40.33926177,-20.39469057]]}},{"type":"Feature","properties":{"fonte":"IEMA","classificacao":null,"tipo_infracao":"SUINOCULTURA EM APP, LADEIRA GRANDE.","item":null,"gravidade":null,"data":"2014-12-10T00:00:00Z","municipio":"Viana","processo":""},"geometry":{"type":"MultiPoint","coordinates":[[-40.44318392,-20.39354511]]}},{"type":"Feature","properties":{"fonte":"IEMA","classificacao":null,"tipo_infracao":"EXTRA��O IRREGULAR DE AREIA","item":null,"gravidade":null,"data":"2017-11-20T00:00:00Z","municipio":"Viana","processo":"GFI 15886"},"geometry":{"type":"MultiPoint","coordinates":[[-40.53928981,-20.39214493]]}},{"type":"Feature","properties":{"fonte":"IEMA","classificacao":null,"tipo_infracao":"ATIVIDADE DE FABRICA��O DE PE�AS DE GESSO SEM LICEN�A AMBIENTAL, EM ARA�AS","item":null,"gravidade":null,"data":"2009-11-23T00:00:00Z","municipio":"Vila Velha","processo":"AI E AE/I 02925"},"geometry":{"type":"MultiPoint","coordinates":[[-40.32127213,-20.39304804]]}},{"type":"Feature","properties":{"fonte":"IEMA","classificacao":null,"tipo_infracao":"FABRICA��O DE PRE MOLDADOS DE GESSO EM APP, EM ARA�AS.","item":null,"gravidade":null,"data":"2012-10-31T00:00:00Z","municipio":"Vila Velha","processo":""},"geometry":{"type":"MultiPoint","coordinates":[[-40.32127213,-20.39304804]]}},{"type":"Feature","properties":{"fonte":"IEMA","classificacao":null,"tipo_infracao":"FABRICA��O DE PRE MOLDADOS DE GESSO EM APP SEM LICEN�A AMBIENTAL, EM ARA�AS.","item":null,"gravidade":null,"data":"2014-12-09T00:00:00Z","municipio":"Vila Velha","processo":""},"geometry":{"type":"MultiPoint","coordinates":[[-40.32127213,-20.39304804]]}},{"type":"Feature","properties":{"fonte":"IEMA","classificacao":null,"tipo_infracao":"LAVADOR SEM LICEN�A","item":null,"gravidade":null,"data":"2017-08-21T00:00:00Z","municipio":"Viana","processo":"DEN�NCIA 213/17"},"geometry":{"type":"MultiPoint","coordinates":[[-40.49332245,-20.39046689]]}},{"type":"Feature","properties":{"fonte":"IEMA","classificacao":null,"tipo_infracao":"GARAGEM DE VEICULOS SEM LICEN�A AMBIENTAL - RUA ASPAZIA VAREJ�O - CENTRO","item":null,"gravidade":null,"data":"2017-11-22T00:00:00Z","municipio":"Viana","processo":""},"geometry":{"type":"MultiPoint","coordinates":[[-40.49332245,-20.39046689]]}},{"type":"Feature","properties":{"fonte":"IEMA","classificacao":null,"tipo_infracao":"LAVA JATO, AV. FLORENTINO AVIDOS, 362","item":null,"gravidade":null,"data":"2011-08-08T00:00:00Z","municipio":"Viana","processo":""},"geometry":{"type":"MultiPoint","coordinates":[[-40.49676221,-20.38948883]]}},{"type":"Feature","properties":{"fonte":"IEMA","classificacao":null,"tipo_infracao":"ATERRO AS MARGENS DO RIO MARINHO, EM JARDIM BOT�NICO","item":null,"gravidade":null,"data":"2014-06-26T00:00:00Z","municipio":"Cariacica","processo":"Prot. 08267/09"},"geometry":{"type":"MultiPoint","coordinates":[[-40.36861588,-20.389828]]}},{"type":"Feature","properties":{"fonte":"IEMA","classificacao":null,"tipo_infracao":"ATERRO COM ENTULHO E MATERIAL DE CONTRU��O NO BAIRRO CIDADE NOVA.","item":null,"gravidade":null,"data":"2011-11-10T00:00:00Z","municipio":"Vila Velha","processo":"PROT. 24314/08"},"geometry":{"type":"MultiPoint","coordinates":[[-40.34065669,-20.38979224]]}},{"type":"Feature","properties":{"fonte":"IEMA","classificacao":null,"tipo_infracao":"LOTEAMENTO COM ATERRO EM APP, AV DARLY SANTOS.","item":null,"gravidade":null,"data":"2014-12-02T00:00:00Z","municipio":"Vila Velha","processo":""},"geometry":{"type":"MultiPoint","coordinates":[[-40.34065669,-20.38979224]]}},{"type":"Feature","properties":{"fonte":"IEMA","classificacao":null,"tipo_infracao":"EMPRESA DE GALVANIZA��O FUNCIONANDO SEM LICEN�A AMBIENTAL, DARLY SANTOS","item":null,"gravidade":null,"data":"2012-07-02T00:00:00Z","municipio":"Vila Velha","processo":"AI 06552"},"geometry":{"type":"MultiPoint","coordinates":[[-40.33797005,-20.38935212]]}},{"type":"Feature","properties":{"fonte":"IEMA","classificacao":null,"tipo_infracao":"EMPRESA DE GALVANIZA��O FUNCIONANDO SEM LICEN�A AMBIENTAL, DARLY SANTOS.","item":null,"gravidade":null,"data":"2013-01-22T00:00:00Z","municipio":"Vila Velha","processo":""},"geometry":{"type":"MultiPoint","coordinates":[[-40.33797005,-20.38935212]]}},{"type":"Feature","properties":{"fonte":"IEMA","classificacao":null,"tipo_infracao":"ATERRO EM �REA DE APP NOVA ITAPARICA.","item":null,"gravidade":null,"data":"2010-04-26T00:00:00Z","municipio":"Vila Velha","processo":""},"geometry":{"type":"MultiPoint","coordinates":[[-40.63418468,-20.3863129]]}},{"type":"Feature","properties":{"fonte":"IEMA","classificacao":null,"tipo_infracao":"EXECUTAR OBRA DE CONSTRU��O EM APP, BR 262 KM 42, PARQUE DOS ALPES","item":null,"gravidade":null,"data":"2011-05-04T00:00:00Z","municipio":"Vila Velha","processo":""},"geometry":{"type":"MultiPoint","coordinates":[[-40.66010624,-20.38604999]]}},{"type":"Feature","properties":{"fonte":"IEMA","classificacao":null,"tipo_infracao":"FUNCIONAMENTO DE GASODUTO SEM LICEN�A AMBIENTAL, EM VILA NOVA","item":null,"gravidade":null,"data":"2011-10-18T00:00:00Z","municipio":"Viana","processo":"GFI 11514"},"geometry":{"type":"MultiPoint","coordinates":[[-40.47870986,-20.38731208]]}},{"type":"Feature","properties":{"fonte":"IEMA","classificacao":null,"tipo_infracao":"FUNCIONAMENTO DE GASODUTO SEM LICEN�A AMBIENTAL, EM VILA NOVA.","item":null,"gravidade":null,"data":"2012-09-06T00:00:00Z","municipio":"Viana","processo":""},"geometry":{"type":"MultiPoint","coordinates":[[-40.47870986,-20.38731208]]}},{"type":"Feature","properties":{"fonte":"IEMA","classificacao":null,"tipo_infracao":"ACIDENTE RODOVIARIOTOMBAMENTO DE CAMINH�O COM DERRAME DE OLEO MINERAL DA VIA.","item":null,"gravidade":null,"data":"2016-12-08T00:00:00Z","municipio":"Viana","processo":"GFI 1589/16"},"geometry":{"type":"MultiPoint","coordinates":[[-40.55453084,-20.38521632]]}},{"type":"Feature","properties":{"fonte":"IEMA","classificacao":null,"tipo_infracao":"ACIDENTE RODOVIARIOTOMBAMENTO DE CAMINH�O COM DERRAME DE OLEO MINERAL DA VIA.","item":null,"gravidade":null,"data":"2016-12-08T00:00:00Z","municipio":"Viana","processo":"GFI 1589/16"},"geometry":{"type":"MultiPoint","coordinates":[[-40.55453084,-20.38521632]]}},{"type":"Feature","properties":{"fonte":"IEMA","classificacao":null,"tipo_infracao":"DISPOSI��O INADEQUADA DE RES�DUOS DE CONSTRU��O CIVIL, BAIRRO DARLY SANTOS","item":null,"gravidade":null,"data":"2012-08-23T00:00:00Z","municipio":"Vila Velha","processo":"AI 06542"},"geometry":{"type":"MultiPoint","coordinates":[[-40.3362726,-20.38695294]]}},{"type":"Feature","properties":{"fonte":"IEMA","classificacao":null,"tipo_infracao":"DISPOSI��O INADEQUADA DE RES�DUOS DE CONSTRU��O CIVIL, BAIRRO DARLY SANTOS","item":null,"gravidade":null,"data":"2012-08-23T00:00:00Z","municipio":"Vila Velha","processo":"AI 06541"},"geometry":{"type":"MultiPoint","coordinates":[[-40.3362726,-20.38695294]]}},{"type":"Feature","properties":{"fonte":"IEMA","classificacao":null,"tipo_infracao":"DISPOSI��O INADEQUADA DE RES�DUOS DE CONSTRU��O CIVIL, BAIRRO DARLY SANTOS","item":null,"gravidade":null,"data":"2012-08-24T00:00:00Z","municipio":"Vila Velha","processo":"AI 07269"},"geometry":{"type":"MultiPoint","coordinates":[[-40.3362726,-20.38695294]]}},{"type":"Feature","properties":{"fonte":"IEMA","classificacao":null,"tipo_infracao":"TRANSPORTE DE RES�DUOS DE CONSTRU��O CIVIL SEM LICEN�A AMBIENTAL, BAIRRO DARLY SANTOS","item":null,"gravidade":null,"data":"2012-09-05T00:00:00Z","municipio":"Vila Velha","processo":"AI 06546"},"geometry":{"type":"MultiPoint","coordinates":[[-40.3362726,-20.38695294]]}},{"type":"Feature","properties":{"fonte":"IEMA","classificacao":null,"tipo_infracao":"TRANSPORTE DE RES�DUOS E DISPOSI��O INADEQUDA DOS MESMOS, BAIRRO DARLY SANTOS","item":null,"gravidade":null,"data":"2012-09-21T00:00:00Z","municipio":"Vila Velha","processo":"AI 06545"},"geometry":{"type":"MultiPoint","coordinates":[[-40.3362726,-20.38695294]]}},{"type":"Feature","properties":{"fonte":"IEMA","classificacao":null,"tipo_infracao":"DISPOSI��O INADEQUADA DE RES�DUOS DE CONSTRU��O CIVIL, BAIRRO DARLY SANTOS","item":null,"gravidade":null,"data":"2012-09-26T00:00:00Z","municipio":"Vila Velha","processo":"AI 06544"},"geometry":{"type":"MultiPoint","coordinates":[[-40.3362726,-20.38695294]]}},{"type":"Feature","properties":{"fonte":"IEMA","classificacao":null,"tipo_infracao":"TRANSPORTE DE RES�DUOS DE CONSTRU��O CIVIL SEM LICEN�A AMBIENTAL, BAIRRO DARLY SANTOS.","item":null,"gravidade":null,"data":"2012-10-22T00:00:00Z","municipio":"Vila Velha","processo":""},"geometry":{"type":"MultiPoint","coordinates":[[-40.3362726,-20.38695294]]}},{"type":"Feature","properties":{"fonte":"IEMA","classificacao":null,"tipo_infracao":"TRANSPORTE DE RES�DUOS E DISPOSI��O INADEQUDA DOS MESMOS, BAIRRO DARLY SANTOS","item":null,"gravidade":null,"data":"2013-01-10T00:00:00Z","municipio":"Vila Velha","processo":"AI E AE/I 06543"},"geometry":{"type":"MultiPoint","coordinates":[[-40.3362726,-20.38695294]]}},{"type":"Feature","properties":{"fonte":"IEMA","classificacao":null,"tipo_infracao":"DISPOSI��O INADEQUADA DE RES�DUOS DE CONSTRU��O CIVIL EM DESACORDO COM A LICEN�A AMBIENTAL, BAIRRO DARLY SANTOS","item":null,"gravidade":null,"data":"2013-01-11T00:00:00Z","municipio":"Vila Velha","processo":"AI 07270"},"geometry":{"type":"MultiPoint","coordinates":[[-40.3362726,-20.38695294]]}},{"type":"Feature","properties":{"fonte":"IEMA","classificacao":null,"tipo_infracao":"LS PARA COLETA TRANSPORTES RODOVI�RIO DE RES�DUOS DA CONSTRU��O CIVIL, EM ARIBIRI.","item":null,"gravidade":null,"data":"2013-07-03T00:00:00Z","municipio":"Vila Velha","processo":""},"geometry":{"type":"MultiPoint","coordinates":[[-40.3362726,-20.38695294]]}},{"type":"Feature","properties":{"fonte":"IEMA","classificacao":null,"tipo_infracao":"LS PARA COLETA E TRANSPORTE DE RES�DUOS DE CONSTRU��O CIVIL, EM JARDIM COLORADO.","item":null,"gravidade":null,"data":"2013-11-12T00:00:00Z","municipio":"Vila Velha","processo":""},"geometry":{"type":"MultiPoint","coordinates":[[-40.3362726,-20.38695294]]}},{"type":"Feature","properties":{"fonte":"IEMA","classificacao":null,"tipo_infracao":"LS PARA COLETA E TRANSPORTE RODOVI�RIO DE RES�DUOS DA CONSTRU��O CIVIL, PRAIA DE ITAPARICA.","item":null,"gravidade":null,"data":"2013-11-29T00:00:00Z","municipio":"Vila Velha","processo":""},"geometry":{"type":"MultiPoint","coordinates":[[-40.3362726,-20.38695294]]}},{"type":"Feature","properties":{"fonte":"IEMA","classificacao":null,"tipo_infracao":"TRANSPORTE DE RES�DUOS E DISPOSI��O INADEQUDA DOS MESMOS, BAIRRO DARLY SANTOS.","item":null,"gravidade":null,"data":"2014-12-22T00:00:00Z","municipio":"Vila Velha","processo":""},"geometry":{"type":"MultiPoint","coordinates":[[-40.3362726,-20.38695294]]}},{"type":"Feature","properties":{"fonte":"IEMA","classificacao":null,"tipo_infracao":"ATERRO E TERRAPLANAGEM EM VARZEA E ALAGADO SEM LICEN�A AMBIENTAL, BR 262","item":null,"gravidade":null,"data":"2013-10-11T00:00:00Z","municipio":"Viana","processo":"GFI 732/13"},"geometry":{"type":"MultiPoint","coordinates":[[-40.47291788,-20.38577111]]}},{"type":"Feature","properties":{"fonte":"IEMA","classificacao":null,"tipo_infracao":"ATERRO E TERRAPLANAGEM EM VARZEA E ALAGADO SEM LICEN�A AMBIENTAL, BR 262.","item":null,"gravidade":null,"data":"2013-11-21T00:00:00Z","municipio":"Viana","processo":""},"geometry":{"type":"MultiPoint","coordinates":[[-40.47291788,-20.38577111]]}},{"type":"Feature","properties":{"fonte":"IEMA","classificacao":null,"tipo_infracao":"TERRAPLANAGEM E SUPRESS�O DE VEGETA��O EM APP SEM LICEN�A AMBIENTAL, BAIRRO ALZIRA RAMOS","item":null,"gravidade":null,"data":"2012-09-21T00:00:00Z","municipio":"Cariacica","processo":"AI E AE/I 06538"},"geometry":{"type":"MultiPoint","coordinates":[[-40.3801379,-20.38609637]]}},{"type":"Feature","properties":{"fonte":"IEMA","classificacao":null,"tipo_infracao":"TERRAPLANAGEM E SUPRESS�O DE VEGETA��O EM APP SEM LICEN�A AMBIENTAL, BAIRRO ALZIRA RAMOS.","item":null,"gravidade":null,"data":"2014-12-17T00:00:00Z","municipio":"Cariacica","processo":""},"geometry":{"type":"MultiPoint","coordinates":[[-40.3801379,-20.38609637]]}},{"type":"Feature","properties":{"fonte":"IEMA","classificacao":null,"tipo_infracao":"EXTRA��O DE AREIA, RUA S�VIA, BAIRRO DARLY SANTOS","item":null,"gravidade":null,"data":"2010-08-23T00:00:00Z","municipio":"Vila Velha","processo":"AI, TAD E TE/ 03495"},"geometry":{"type":"MultiPoint","coordinates":[[-40.33390874,-20.38615794]]}},{"type":"Feature","properties":{"fonte":"IEMA","classificacao":null,"tipo_infracao":"EXTRA��O DE AREIA, RUA S�VIA, BAIRRO DARLY SANTOS","item":null,"gravidade":null,"data":"2012-08-27T00:00:00Z","municipio":"Vila Velha","processo":""},"geometry":{"type":"MultiPoint","coordinates":[[-40.33390874,-20.38615794]]}},{"type":"Feature","properties":{"fonte":"IEMA","classificacao":null,"tipo_infracao":"transporte rodovi�rio","item":null,"gravidade":null,"data":"2015-10-01T00:00:00Z","municipio":"Viana","processo":"GFI 283"},"geometry":{"type":"MultiPoint","coordinates":[[-40.5520392,-20.3841906]]}},{"type":"Feature","properties":{"fonte":"IEMA","classificacao":null,"tipo_infracao":"ACIDENTE RODOVIARIO COM INCENDIO DE CARRETA, QUEIMA DE FREIO E PNEUS (CARNE-BAU FRIGORIFICO), BR 262 KM 26, BIQUINHA.","item":null,"gravidade":null,"data":"2015-10-02T00:00:00Z","municipio":"Viana","processo":"GFI 283/15"},"geometry":{"type":"MultiPoint","coordinates":[[-40.5520392,-20.3841906]]}},{"type":"Feature","properties":{"fonte":"IEMA","classificacao":null,"tipo_infracao":"DISPOSI��O INADEQUADA DE RES�DUOS S�LIDOS CAUSANDO INCOMODOS AOS MORADORES, BAIRRO RAMOS I.","item":null,"gravidade":null,"data":"2009-10-01T00:00:00Z","municipio":"Cariacica","processo":""},"geometry":{"type":"MultiPoint","coordinates":[[-40.3676019,-20.38567113]]}},{"type":"Feature","properties":{"fonte":"IEMA","classificacao":null,"tipo_infracao":"oficina de caminh�es","item":null,"gravidade":null,"data":"2017-04-18T00:00:00Z","municipio":"Viana","processo":""},"geometry":{"type":"MultiPoint","coordinates":[[-40.46375954,-20.38486351]]}},{"type":"Feature","properties":{"fonte":"IEMA","classificacao":null,"tipo_infracao":"EXTRA��O MINERAL, ROD. DARLY SANTOS , BAIRRO ARA�AS","item":null,"gravidade":null,"data":"2013-08-01T00:00:00Z","municipio":"Vila Velha","processo":""},"geometry":{"type":"MultiPoint","coordinates":[[-40.33084955,-20.3836065]]}},{"type":"Feature","properties":{"fonte":"IEMA","classificacao":null,"tipo_infracao":"EXTRA��O DE AREIA","item":null,"gravidade":null,"data":"2011-12-26T00:00:00Z","municipio":"Vila Velha","processo":"AI, TA E TE/ 03488"},"geometry":{"type":"MultiPoint","coordinates":[[-40.31288168,-20.38324577]]}},{"type":"Feature","properties":{"fonte":"IEMA","classificacao":null,"tipo_infracao":"TERRAPLANAGEM COM INTERFER�NCIA EM RECURSO H�DRICO EM APP, LOTEAMENTO NELSON RAMOS, BAIRRO ALZIRA RAMOS","item":null,"gravidade":null,"data":"2012-06-27T00:00:00Z","municipio":"Cariacica","processo":"GFI 12830"},"geometry":{"type":"MultiPoint","coordinates":[[-40.37071542,-20.38237627]]}},{"type":"Feature","properties":{"fonte":"IEMA","classificacao":null,"tipo_infracao":"TERRAPLANAGEM COM INTERFER�NCIA EM RECURSO H�DRICO EM APP, LOTEAMENTO NELSON RAMOS, BAIRRO ALZIRA RAMOS.","item":null,"gravidade":null,"data":"2013-01-22T00:00:00Z","municipio":"Cariacica","processo":""},"geometry":{"type":"MultiPoint","coordinates":[[-40.37071542,-20.38237627]]}},{"type":"Feature","properties":{"fonte":"IEMA","classificacao":null,"tipo_infracao":"ACIDENTE: RELAT�RIO DE VISTORIA DE RETORNO A ACIDENTE REFERENTE AO AI 8354","item":null,"gravidade":null,"data":"2013-01-15T00:00:00Z","municipio":"Viana","processo":"GFI 340/12"},"geometry":{"type":"MultiPoint","coordinates":[[-40.43602145,-20.38161596]]}},{"type":"Feature","properties":{"fonte":"IEMA","classificacao":null,"tipo_infracao":"ACIDENTE RODOVI�RIO COM DERRAMAMENTO DE �LEO NO SOLO E VEGETA��O, BR 101","item":null,"gravidade":null,"data":"2015-01-12T00:00:00Z","municipio":"Viana","processo":"AI 8354"},"geometry":{"type":"MultiPoint","coordinates":[[-40.43602145,-20.38161596]]}},{"type":"Feature","properties":{"fonte":"IEMA","classificacao":null,"tipo_infracao":"Derrame de �leo","item":null,"gravidade":null,"data":"2015-06-23T00:00:00Z","municipio":"Viana","processo":"AI 8354"},"geometry":{"type":"MultiPoint","coordinates":[[-40.43602145,-20.38161596]]}},{"type":"Feature","properties":{"fonte":"IEMA","classificacao":null,"tipo_infracao":"Derrame de �leo","item":null,"gravidade":null,"data":"2015-09-14T00:00:00Z","municipio":"Viana","processo":""},"geometry":{"type":"MultiPoint","coordinates":[[-40.43602145,-20.38161596]]}},{"type":"Feature","properties":{"fonte":"IEMA","classificacao":null,"tipo_infracao":"EXTRA��O DE AREIA SEM LICEN�A AMBIENTAL ESTRADA DE VALE ENCANTADO.","item":null,"gravidade":null,"data":"2014-08-12T00:00:00Z","municipio":"Vila Velha","processo":""},"geometry":{"type":"MultiPoint","coordinates":[[-40.34218206,-20.38226388]]}},{"type":"Feature","properties":{"fonte":"IEMA","classificacao":null,"tipo_infracao":"ATIVIDADE DE BENEFICIAMENTO DE MARMORES E GRANITOS CAUSANDO POLUI��O ATMOSFERICA, EM ITAPARICA","item":null,"gravidade":null,"data":"2011-03-29T00:00:00Z","municipio":"Vila Velha","processo":"AI 8735"},"geometry":{"type":"MultiPoint","coordinates":[[-40.31132228,-20.38239019]]}},{"type":"Feature","properties":{"fonte":"IEMA","classificacao":null,"tipo_infracao":"DEPOSITO E COMERCIO DE AREIA, ROD BR 262, KM 7,5","item":null,"gravidade":null,"data":"2010-09-20T00:00:00Z","municipio":"Viana","processo":"AI E TE/ 03398"},"geometry":{"type":"MultiPoint","coordinates":[[-40.50539542,-20.38067872]]}},{"type":"Feature","properties":{"fonte":"IEMA","classificacao":null,"tipo_infracao":"DEPOSITO E COMERCIO DE AREIA, ROD. BR 262, KM 7,5","item":null,"gravidade":null,"data":"2014-10-13T00:00:00Z","municipio":"Viana","processo":""},"geometry":{"type":"MultiPoint","coordinates":[[-40.50539542,-20.38067872]]}},{"type":"Feature","properties":{"fonte":"IEMA","classificacao":null,"tipo_infracao":"ACIDENTE RODOVI�RIO COM DERRAMAMENTO DE �CIDO CLOR�DRICO, POLICLORETO DE ALUM�NIO E SULFATO DE ALUM�NIO NA MARGEM DA RODOVIA, BR 101 KM 14, BAIRRO RIBEIRA","item":null,"gravidade":null,"data":"2013-02-14T00:00:00Z","municipio":"Viana","processo":"AI 07246"},"geometry":{"type":"MultiPoint","coordinates":[[-40.45629829,-20.38102325]]}},{"type":"Feature","properties":{"fonte":"IEMA","classificacao":null,"tipo_infracao":"ACIDENTE RODOVI�RIO COM DERRAMAMENTO DE �CIDO CLOR�DRICO, POLICLORETO DE ALUM�NIO E SULFATO DE ALUM�NIO NA MARGEM DA RODOVIA, BR 101 KM 14, BAIRRO RIBEIRA.","item":null,"gravidade":null,"data":"2013-07-17T00:00:00Z","municipio":"Viana","processo":""},"geometry":{"type":"MultiPoint","coordinates":[[-40.45629829,-20.38102325]]}},{"type":"Feature","properties":{"fonte":"IEMA","classificacao":null,"tipo_infracao":"EXTRA��O DE AREIA","item":null,"gravidade":null,"data":"2010-05-04T00:00:00Z","municipio":"Vila Velha","processo":"AI, TAD E TE/03491"},"geometry":{"type":"MultiPoint","coordinates":[[-40.32856525,-20.38202482]]}},{"type":"Feature","properties":{"fonte":"IEMA","classificacao":null,"tipo_infracao":"EXTRA��O DE AREIA","item":null,"gravidade":null,"data":"2011-10-13T00:00:00Z","municipio":"Vila Velha","processo":""},"geometry":{"type":"MultiPoint","coordinates":[[-40.32856525,-20.38202482]]}},{"type":"Feature","properties":{"fonte":"IEMA","classificacao":null,"tipo_infracao":"FABRICA��O DE ESQUADRIAS DE MADEIRAS E PINTURA SEM LICEN�A AMBIENTAL, EM PRAIA DE ITAPARICA","item":null,"gravidade":null,"data":"2013-07-05T00:00:00Z","municipio":"Vila Velha","processo":"AE/I 7988"},"geometry":{"type":"MultiPoint","coordinates":[[-40.30995596,-20.3817048]]}},{"type":"Feature","properties":{"fonte":"IEMA","classificacao":null,"tipo_infracao":"EXTRA��O DE AREA IRREGULAR","item":null,"gravidade":null,"data":"2014-12-05T00:00:00Z","municipio":"Vila Velha","processo":"GFI 19758"},"geometry":{"type":"MultiPoint","coordinates":[[-40.33458671,-20.38143679]]}},{"type":"Feature","properties":{"fonte":"IEMA","classificacao":null,"tipo_infracao":"EXTRA��O DE AREIA, JOQUEI DE ITAPARICA","item":null,"gravidade":null,"data":"2010-05-04T00:00:00Z","municipio":"Vila Velha","processo":"AI E TAD/ 06455"},"geometry":{"type":"MultiPoint","coordinates":[[-40.31836398,-20.3812078]]}},{"type":"Feature","properties":{"fonte":"IEMA","classificacao":null,"tipo_infracao":"EXTRA��O DE AREIA, JOQUEI DE ITAPARICA","item":null,"gravidade":null,"data":"2010-05-04T00:00:00Z","municipio":"Vila Velha","processo":"AI/ 06453"},"geometry":{"type":"MultiPoint","coordinates":[[-40.31807657,-20.38120997]]}},{"type":"Feature","properties":{"fonte":"IEMA","classificacao":null,"tipo_infracao":"EXTRA��O DE AREIA, JOQUEI DE ITAPARICA","item":null,"gravidade":null,"data":"2010-05-04T00:00:00Z","municipio":"Vila Velha","processo":"AI/ 06452"},"geometry":{"type":"MultiPoint","coordinates":[[-40.31807657,-20.38120997]]}},{"type":"Feature","properties":{"fonte":"IEMA","classificacao":null,"tipo_infracao":"EXTRA��O DE AREIA, JOQUEI DE ITAPARICA","item":null,"gravidade":null,"data":"2010-05-04T00:00:00Z","municipio":"Vila Velha","processo":"AI/ 06454"},"geometry":{"type":"MultiPoint","coordinates":[[-40.31807657,-20.38120997]]}},{"type":"Feature","properties":{"fonte":"IEMA","classificacao":null,"tipo_infracao":"EXTRA��O DE AREIA, JOQUEI DE ITAPARICA","item":null,"gravidade":null,"data":"2012-02-08T00:00:00Z","municipio":"Vila Velha","processo":""},"geometry":{"type":"MultiPoint","coordinates":[[-40.31807657,-20.38120997]]}},{"type":"Feature","properties":{"fonte":"IEMA","classificacao":null,"tipo_infracao":"EXTRA��O DE AREIA, JOQUEI DE ITAPARICA","item":null,"gravidade":null,"data":"2012-02-08T00:00:00Z","municipio":"Vila Velha","processo":""},"geometry":{"type":"MultiPoint","coordinates":[[-40.31807657,-20.38120997]]}},{"type":"Feature","properties":{"fonte":"IEMA","classificacao":null,"tipo_infracao":"EXTRA��O DE AREIA, JOQUEI DE ITAPARICA","item":null,"gravidade":null,"data":"2012-02-08T00:00:00Z","municipio":"Vila Velha","processo":""},"geometry":{"type":"MultiPoint","coordinates":[[-40.31807657,-20.38120997]]}},{"type":"Feature","properties":{"fonte":"IEMA","classificacao":null,"tipo_infracao":"TERRAPLANAGEM E �REA DE LAZER SEM LICEN�A AMBIENTAL, BR 262 KM 25,8, EM VARGEM GRANDE","item":null,"gravidade":null,"data":"2012-08-27T00:00:00Z","municipio":"Viana","processo":"GFI 13161"},"geometry":{"type":"MultiPoint","coordinates":[[-40.54586825,-20.37927682]]}},{"type":"Feature","properties":{"fonte":"IEMA","classificacao":null,"tipo_infracao":"ENCAMINHAM DOCUMENTA��O EM ATENDIMENTO AO AI 06536.","item":null,"gravidade":null,"data":"2014-01-23T00:00:00Z","municipio":"Viana","processo":"PROT. 756/14"},"geometry":{"type":"MultiPoint","coordinates":[[-40.54586825,-20.37927682]]}},{"type":"Feature","properties":{"fonte":"IEMA","classificacao":null,"tipo_infracao":"LAR PARA EMPREENDIMENTO DESPORTIVO TUR�STICO OU DE LAZER EM GERAL TERRAPLANAGEM E �REA DE LAZER SEM LICEN�A AMBIENTAL, BR 262 KM 25,8, EM VARGEM GRANDE.","item":null,"gravidade":null,"data":"2014-08-12T00:00:00Z","municipio":"Viana","processo":""},"geometry":{"type":"MultiPoint","coordinates":[[-40.54586825,-20.37927682]]}},{"type":"Feature","properties":{"fonte":"IEMA","classificacao":null,"tipo_infracao":"EXTRA��O DE AREIA","item":null,"gravidade":null,"data":"2012-05-14T00:00:00Z","municipio":"Vila Velha","processo":""},"geometry":{"type":"MultiPoint","coordinates":[[-40.32666762,-20.38083768]]}},{"type":"Feature","properties":{"fonte":"IEMA","classificacao":null,"tipo_infracao":"Extra��o e deposito de areia","item":null,"gravidade":null,"data":"2015-06-23T00:00:00Z","municipio":"Vila Velha","processo":""},"geometry":{"type":"MultiPoint","coordinates":[[-40.32666762,-20.38083768]]}},{"type":"Feature","properties":{"fonte":"IEMA","classificacao":null,"tipo_infracao":"DISPOSI��O DE RES�DUOS S�LIDOS EM LOCAL SIM LICENCIADO CAUSANDO DEGRADA��O AMBIENTAL, BAIRRO SIMMER","item":null,"gravidade":null,"data":"2009-12-07T00:00:00Z","municipio":"Viana","processo":"AI 04270"},"geometry":{"type":"MultiPoint","coordinates":[[-40.41182569,-20.38009698]]}},{"type":"Feature","properties":{"fonte":"IEMA","classificacao":null,"tipo_infracao":"DISPOSI��O DE RES�DUOS S�LIDOS EM LIX�O, BAIRRO SIMMER.","item":null,"gravidade":null,"data":"2010-05-27T00:00:00Z","municipio":"Cariacica","processo":""},"geometry":{"type":"MultiPoint","coordinates":[[-40.41182569,-20.38009698]]}},{"type":"Feature","properties":{"fonte":"IEMA","classificacao":null,"tipo_infracao":"DISPOSI��O DE RES�DUOS S�LIDOS EM LOCAL SIM LICENCIADO CAUSANDO DEGRADA��O AMBIENTAL, BAIRRO SIMMER.","item":null,"gravidade":null,"data":"2014-12-10T00:00:00Z","municipio":"Viana","processo":""},"geometry":{"type":"MultiPoint","coordinates":[[-40.41182569,-20.38009698]]}},{"type":"Feature","properties":{"fonte":"IEMA","classificacao":null,"tipo_infracao":"EXTRA��O DE AREIA A C�U ABERTO SEM LICEN�A AMBIENTAL, ESTRADA DE VALE ENCANTADO","item":null,"gravidade":null,"data":"2009-06-16T00:00:00Z","municipio":"Vila Velha","processo":"AI E AE/I 02722"},"geometry":{"type":"MultiPoint","coordinates":[[-40.34098492,-20.38010483]]}},{"type":"Feature","properties":{"fonte":"IEMA","classificacao":null,"tipo_infracao":"DEP�SITO DE RES�DUOS SEM LICEN�A AMBIENTAL, EM VALE ENCANTADO","item":null,"gravidade":null,"data":"2013-12-13T00:00:00Z","municipio":"Vila Velha","processo":"AI E AE/I 06529"},"geometry":{"type":"MultiPoint","coordinates":[[-40.33677619,-20.37979382]]}},{"type":"Feature","properties":{"fonte":"IEMA","classificacao":null,"tipo_infracao":"DEP�SITO DE RES�DUOS SEM LICEN�A AMBIENTAL, EM VALE ENCANTADO.","item":null,"gravidade":null,"data":"2014-10-06T00:00:00Z","municipio":"Vila Velha","processo":""},"geometry":{"type":"MultiPoint","coordinates":[[-40.33677619,-20.37979382]]}},{"type":"Feature","properties":{"fonte":"IEMA","classificacao":null,"tipo_infracao":"TOMBAMENTO DE CAMINH�O TRANSPORTANDO RESINA L�QUIDA E XILENO, BR 262 KM 29.","item":null,"gravidade":null,"data":"2012-06-04T00:00:00Z","municipio":"Viana","processo":""},"geometry":{"type":"MultiPoint","coordinates":[[-40.56087416,-20.3776978]]}},{"type":"Feature","properties":{"fonte":"IEMA","classificacao":null,"tipo_infracao":"TOMBAMENTO DE CAMINH�O TRANSPORTANDO RESINA L�QUIDA E XILENO, BR 262 KM 29","item":null,"gravidade":null,"data":"2012-06-04T00:00:00Z","municipio":"Viana","processo":"AI 05065"},"geometry":{"type":"MultiPoint","coordinates":[[-40.56087416,-20.3776978]]}},{"type":"Feature","properties":{"fonte":"IEMA","classificacao":null,"tipo_infracao":"CONSTRU��O DE MURO EM CIMA DO CURSO D'AGUA, BAIRRO RIBEIRA","item":null,"gravidade":null,"data":"2012-04-12T00:00:00Z","municipio":"Viana","processo":"GFI 12724"},"geometry":{"type":"MultiPoint","coordinates":[[-41.41366438,-20.36790223]]}},{"type":"Feature","properties":{"fonte":"IEMA","classificacao":null,"tipo_infracao":"CONSTRU��O DE MURO EM CIMA DO CURSO D'AGUA, BAIRRO RIBEIRA.","item":null,"gravidade":null,"data":"2013-01-02T00:00:00Z","municipio":"Viana","processo":""},"geometry":{"type":"MultiPoint","coordinates":[[-41.41366438,-20.36790223]]}},{"type":"Feature","properties":{"fonte":"IEMA","classificacao":null,"tipo_infracao":"ACIDENTE RODOVI�RIO NO TRANSPORTE DE REVSOL COM DERRAME DO PRODUTO SOBRE O SOLO E VEGETA��O, BR 262 KM 29","item":null,"gravidade":null,"data":"2009-07-10T00:00:00Z","municipio":"Viana","processo":"AI 02528"},"geometry":{"type":"MultiPoint","coordinates":[[-40.55914345,-20.37707188]]}},{"type":"Feature","properties":{"fonte":"IEMA","classificacao":null,"tipo_infracao":"TERRAPLANAGEM E MANILHAMENTO DE C�RREGO EM APP SEM LICEN�A AMBIENTAL, EM PADRE GABRIEL","item":null,"gravidade":null,"data":"2012-09-03T00:00:00Z","municipio":"Cariacica","processo":"GFI 13361"},"geometry":{"type":"MultiPoint","coordinates":[[-40.44908883,-20.37743352]]}},{"type":"Feature","properties":{"fonte":"IEMA","classificacao":null,"tipo_infracao":"TERRAPLANAGEM E MANILHAMENTO DE C�RREGO EM APP SEM LICEN�A AMBIENTAL, EM PADRE GABRIEL.","item":null,"gravidade":null,"data":"2012-12-26T00:00:00Z","municipio":"Cariacica","processo":""},"geometry":{"type":"MultiPoint","coordinates":[[-40.44908883,-20.37743352]]}},{"type":"Feature","properties":{"fonte":"IEMA","classificacao":null,"tipo_infracao":"LIMPEZA DE �REA VERDE COM CORTE RASO DA VEGETA��O NATIVA, BAIRRO CANGUENDE","item":null,"gravidade":null,"data":"2014-05-14T00:00:00Z","municipio":"Cariacica","processo":"GFI 125/12"},"geometry":{"type":"MultiPoint","coordinates":[[-40.44908883,-20.37743352]]}},{"type":"Feature","properties":{"fonte":"IEMA","classificacao":null,"tipo_infracao":"Acidente rodovi�rio com carreta transportando derivados de tinta na BR 101 Km 14, derramendo a carga na pista e vegeta��o marginal","item":null,"gravidade":null,"data":"2021-02-24T00:00:00Z","municipio":"Viana","processo":"GFI 24/2021"},"geometry":{"type":"MultiPoint","coordinates":[[-40.44683507,-20.3771812]]}},{"type":"Feature","properties":{"fonte":"IEMA","classificacao":null,"tipo_infracao":"EXTRA��O DE AREIA SME LICEN�A AMBIENTAL E ESTOCANDO �S MARGENS DA PISTA, BAIRRO VALE ENCANTADO.","item":null,"gravidade":null,"data":"2011-12-07T00:00:00Z","municipio":"Vila Velha","processo":"RR 403/10"},"geometry":{"type":"MultiPoint","coordinates":[[-40.33326384,-20.37801382]]}},{"type":"Feature","properties":{"fonte":"IEMA","classificacao":null,"tipo_infracao":"EXTRA��O DE AREIA SME LICEN�A AMBIENTAL E ESTOCANDO �S MARGENS DA PISTA, BAIRRO VALE ENCANTADO.","item":null,"gravidade":null,"data":"2014-10-08T00:00:00Z","municipio":"Vila Velha","processo":""},"geometry":{"type":"MultiPoint","coordinates":[[-40.33326384,-20.37801382]]}},{"type":"Feature","properties":{"fonte":"IEMA","classificacao":null,"tipo_infracao":"SUCAT�O DE CAMINH�ES A C�U ABERTO E AO LADO DE MATA FECHADA E SEM NENHUM PREPARO PARA O SOLO, EM VALE ENCANTADO","item":null,"gravidade":null,"data":"2011-10-06T00:00:00Z","municipio":"Vila Velha","processo":"GFI 140/10"},"geometry":{"type":"MultiPoint","coordinates":[[-40.34781608,-20.37789297]]}},{"type":"Feature","properties":{"fonte":"IEMA","classificacao":null,"tipo_infracao":"Termel�trica","item":null,"gravidade":null,"data":"2015-09-02T00:00:00Z","municipio":"Viana","processo":"AI 8585/15"},"geometry":{"type":"MultiPoint","coordinates":[[-40.43703998,-20.37676528]]}},{"type":"Feature","properties":{"fonte":"IEMA","classificacao":null,"tipo_infracao":"Termel�trica","item":null,"gravidade":null,"data":"2015-09-14T00:00:00Z","municipio":"Viana","processo":"AI 8585/15"},"geometry":{"type":"MultiPoint","coordinates":[[-40.43703998,-20.37676528]]}},{"type":"Feature","properties":{"fonte":"IEMA","classificacao":null,"tipo_infracao":"DEP�SITO DE RES�DUOS EM TERRENO DE SUA PROPRIEDADE, EM VALE ENCANTADO","item":null,"gravidade":null,"data":"2013-02-20T00:00:00Z","municipio":"Vila Velha","processo":"AI E AE/I 05094"},"geometry":{"type":"MultiPoint","coordinates":[[-40.33463959,-20.37756061]]}},{"type":"Feature","properties":{"fonte":"IEMA","classificacao":null,"tipo_infracao":"DEP�SITO DE RES�DUOS EM TERRENO DE SUA PROPRIEDADE, EM VALE ENCANTADO.","item":null,"gravidade":null,"data":"2013-08-16T00:00:00Z","municipio":"Vila Velha","processo":""},"geometry":{"type":"MultiPoint","coordinates":[[-40.33463959,-20.37756061]]}},{"type":"Feature","properties":{"fonte":"IEMA","classificacao":null,"tipo_infracao":"ACIDENTE RODOVI�RIO NA BR 262 KM 29 COM TOMBAMENTO DE CARGA DE COQUE METAL�RGICO NA MARGEM DA RODOVIA BEM COMO O COMBUST�VEL DO TANQUE, BAIRRO RIBEIRA.","item":null,"gravidade":null,"data":"2012-02-08T00:00:00Z","municipio":"Viana","processo":""},"geometry":{"type":"MultiPoint","coordinates":[[-40.56029258,-20.37511935]]}},{"type":"Feature","properties":{"fonte":"IEMA","classificacao":null,"tipo_infracao":"ACIDENTE RODOVI�RIO COM DERRAME DE UR�IA, ROD BR 262 KM 12,5, BAIRRO RIBEIRA","item":null,"gravidade":null,"data":"2011-12-08T00:00:00Z","municipio":"Viana","processo":"AI 9750"},"geometry":{"type":"MultiPoint","coordinates":[[-40.56006178,-20.37503107]]}},{"type":"Feature","properties":{"fonte":"IEMA","classificacao":null,"tipo_infracao":"EXTRA��O DE AREIA SEM LICEN�A AMBIENTAL, EM RIO MARINHO.","item":null,"gravidade":null,"data":"2009-10-07T00:00:00Z","municipio":"Vila Velha","processo":""},"geometry":{"type":"MultiPoint","coordinates":[[-40.35851671,-20.37667164]]}},{"type":"Feature","properties":{"fonte":"IEMA","classificacao":null,"tipo_infracao":"QUEIMA DE RES�DUOS A C�R ABERTO, SERRALHERIA, PINTURA E MONTAGEM SEM LICEN�A AMBIENTAL, EM NOVA ITAPARICA","item":null,"gravidade":null,"data":"2012-06-04T00:00:00Z","municipio":"Vila Velha","processo":"AI E AE/I 06527"},"geometry":{"type":"MultiPoint","coordinates":[[-40.31677245,-20.37656707]]}},{"type":"Feature","properties":{"fonte":"IEMA","classificacao":null,"tipo_infracao":"QUEIMA DE RES�DUOS A C�R ABERTO, SERRALHERIA, PINTURA E MONTAGEM SEM LICEN�A AMBIENTAL, EM NOVA ITAPARICA.","item":null,"gravidade":null,"data":"2013-06-12T00:00:00Z","municipio":"Vila Velha","processo":""},"geometry":{"type":"MultiPoint","coordinates":[[-40.31677245,-20.37656707]]}},{"type":"Feature","properties":{"fonte":"IEMA","classificacao":null,"tipo_infracao":"PINTURA DE ESTRUTURAS MET�LICAS POR ASPERS�O SEM LICEN�A AMBIENTAL, EM NOVA ITAPARICA.","item":null,"gravidade":null,"data":"2013-06-12T00:00:00Z","municipio":"Vila Velha","processo":""},"geometry":{"type":"MultiPoint","coordinates":[[-40.31677245,-20.37656707]]}},{"type":"Feature","properties":{"fonte":"IEMA","classificacao":null,"tipo_infracao":"TERRAPLANAGEM E MANILHAMENTO DE C�RREGO EM APP SEM LICEN�A AMBIENTAL, EM PADRE GABRIEL.","item":null,"gravidade":null,"data":"2021-10-11T00:00:00Z","municipio":"Cariacica","processo":""},"geometry":{"type":"MultiPoint","coordinates":[[-40.40015553,-20.37576426]]}},{"type":"Feature","properties":{"fonte":"IEMA","classificacao":null,"tipo_infracao":"SERVI�O DE TERRAPLANAGEM","item":null,"gravidade":null,"data":"2009-11-26T00:00:00Z","municipio":"Vila Velha","processo":"AI E TE/ 1691"},"geometry":{"type":"MultiPoint","coordinates":[[-41.08491877,-20.36852802]]}},{"type":"Feature","properties":{"fonte":"IEMA","classificacao":null,"tipo_infracao":"ACIDENTE RODOVI�RIO COM DERRAMAMENTO DE PRODUTO NA MARGEM DA RODOVIA , BR 262 KM 23","item":null,"gravidade":null,"data":"2011-06-29T00:00:00Z","municipio":"Viana","processo":"AI 03311"},"geometry":{"type":"MultiPoint","coordinates":[[-40.52053508,-20.37409722]]}},{"type":"Feature","properties":{"fonte":"IEMA","classificacao":null,"tipo_infracao":"ARMAZENAMENTO E DESCARTE INDEVIDO DE DEJETOS, EM NOVA ITAPARICA.","item":null,"gravidade":null,"data":"2014-07-24T00:00:00Z","municipio":"Vila Velha","processo":""},"geometry":{"type":"MultiPoint","coordinates":[[-40.31659747,-20.37514094]]}},{"type":"Feature","properties":{"fonte":"IEMA","classificacao":null,"tipo_infracao":"Deposito de entulho","item":null,"gravidade":null,"data":"2015-06-09T00:00:00Z","municipio":"Vila Velha","processo":""},"geometry":{"type":"MultiPoint","coordinates":[[-40.31659747,-20.37514094]]}},{"type":"Feature","properties":{"fonte":"IEMA","classificacao":null,"tipo_infracao":"Lote com disposi��o de ca�ambas de entulhos","item":null,"gravidade":null,"data":"2017-08-21T00:00:00Z","municipio":"Vila Velha","processo":""},"geometry":{"type":"MultiPoint","coordinates":[[-40.31659747,-20.37514094]]}},{"type":"Feature","properties":{"fonte":"IEMA","classificacao":null,"tipo_infracao":"BENEFICIAMENTO DE ARGILA SEM LICEN�A AMBIENTAL, EM VALE DO SOL","item":null,"gravidade":null,"data":"2012-07-06T00:00:00Z","municipio":"Viana","processo":"AI E AE/I 07203"},"geometry":{"type":"MultiPoint","coordinates":[[-40.4224439,-20.37412947]]}},{"type":"Feature","properties":{"fonte":"IEMA","classificacao":null,"tipo_infracao":"DEP�SITO DE RES�DUOS DOM�STICOS E DE CONSTRU��O CIVIL EM ZONA URBANA, BAIRRO CAMPO VERDE","item":null,"gravidade":null,"data":"2014-07-22T00:00:00Z","municipio":"Viana","processo":"GFI 15712 B"},"geometry":{"type":"MultiPoint","coordinates":[[-40.40532979,-20.37373513]]}},{"type":"Feature","properties":{"fonte":"IEMA","classificacao":null,"tipo_infracao":"Disposi��o inadequada de res�duos","item":null,"gravidade":null,"data":"2015-07-21T00:00:00Z","municipio":"Viana","processo":"GFI 15712 B"},"geometry":{"type":"MultiPoint","coordinates":[[-40.40532979,-20.37373513]]}},{"type":"Feature","properties":{"fonte":"IEMA","classificacao":null,"tipo_infracao":"Disposi��o inadequada de res�duos","item":null,"gravidade":null,"data":"2016-02-22T00:00:00Z","municipio":"Viana","processo":"GFI 15712 B"},"geometry":{"type":"MultiPoint","coordinates":[[-40.40532979,-20.37373513]]}},{"type":"Feature","properties":{"fonte":"IEMA","classificacao":null,"tipo_infracao":"ESCOLA RENASCER FUNCIONANDO SEM REDE DE ESGOTO, EM PADRE GABRIEL","item":null,"gravidade":null,"data":"2011-04-15T00:00:00Z","municipio":"Cariacica","processo":"GFI 117/10"},"geometry":{"type":"MultiPoint","coordinates":[[-40.38891797,-20.37366778]]}},{"type":"Feature","properties":{"fonte":"IEMA","classificacao":null,"tipo_infracao":"LAN�AMENTO DE RES�DUOS S�LIDOS URBANOS, EM PADRE GABRIEL","item":null,"gravidade":null,"data":"2014-02-24T00:00:00Z","municipio":"Cariacica","processo":"GFI 118/10"},"geometry":{"type":"MultiPoint","coordinates":[[-40.38891797,-20.37366778]]}},{"type":"Feature","properties":{"fonte":"IEMA","classificacao":null,"tipo_infracao":"ESCOLA RENASCER FUNCIONANDO SEM REDE DE ESGOTO, EM PADRE GABRIEL.","item":null,"gravidade":null,"data":"2014-06-04T00:00:00Z","municipio":"Cariacica","processo":""},"geometry":{"type":"MultiPoint","coordinates":[[-40.38891797,-20.37366778]]}},{"type":"Feature","properties":{"fonte":"IEMA","classificacao":null,"tipo_infracao":"TERRAPLANAGEM EM CINTUR�O VERDE","item":null,"gravidade":null,"data":"2012-11-29T00:00:00Z","municipio":"Vila Velha","processo":"GFI 233/12"},"geometry":{"type":"MultiPoint","coordinates":[[-40.32147379,-20.3739838]]}},{"type":"Feature","properties":{"fonte":"IEMA","classificacao":null,"tipo_infracao":"TERRAPLANAGEM EM APP SEM LICEN�A AMBIENTAL, EM PADRE GABRIEL","item":null,"gravidade":null,"data":"2012-08-24T00:00:00Z","municipio":"Cariacica","processo":"GFI 13361 B"},"geometry":{"type":"MultiPoint","coordinates":[[-40.39853404,-20.37337415]]}},{"type":"Feature","properties":{"fonte":"IEMA","classificacao":null,"tipo_infracao":"TERRAPLANAGEM EM APP SEM LICEN�A AMBIENTAL, EM PADRE GABRIEL.","item":null,"gravidade":null,"data":"2013-01-16T00:00:00Z","municipio":"Cariacica","processo":""},"geometry":{"type":"MultiPoint","coordinates":[[-40.39853404,-20.37337415]]}},{"type":"Feature","properties":{"fonte":"IEMA","classificacao":null,"tipo_infracao":"Extra��o de marmore e granito com servi�o de terraplenagem as margens do rio jucu corrego da on�a.","item":null,"gravidade":null,"data":"2020-10-01T00:00:00Z","municipio":"Viana","processo":""},"geometry":{"type":"MultiPoint","coordinates":[[-40.55952358,-20.37200054]]}},{"type":"Feature","properties":{"fonte":"IEMA","classificacao":null,"tipo_infracao":"EMPRESA DE FUNDI��O DE LIGAS FERROSAS SEM LICEN�A AMBIENTAL, VALE DO SOL","item":null,"gravidade":null,"data":"2012-02-24T00:00:00Z","municipio":"Viana","processo":"GFI 10820"},"geometry":{"type":"MultiPoint","coordinates":[[-40.42677433,-20.37310035]]}},{"type":"Feature","properties":{"fonte":"IEMA","classificacao":null,"tipo_infracao":"EMPRESA DE FUNDI��O DE LIGAS FERROSAS SEM LICEN�A AMBIENTAL, VALE DO SOL","item":null,"gravidade":null,"data":"2017-11-20T00:00:00Z","municipio":"Viana","processo":"GFI 10820"},"geometry":{"type":"MultiPoint","coordinates":[[-40.42677433,-20.37310035]]}},{"type":"Feature","properties":{"fonte":"IEMA","classificacao":null,"tipo_infracao":"Deposito de areia","item":null,"gravidade":null,"data":"2015-06-23T00:00:00Z","municipio":"Vila Velha","processo":"GFI 27647"},"geometry":{"type":"MultiPoint","coordinates":[[-40.34535415,-20.37351221]]}},{"type":"Feature","properties":{"fonte":"IEMA","classificacao":null,"tipo_infracao":"RINHA DE GALO, EM NOVA BETHANIA","item":null,"gravidade":null,"data":"2013-04-19T00:00:00Z","municipio":"Viana","processo":"GFI 224/13"},"geometry":{"type":"MultiPoint","coordinates":[[-40.41404069,-20.37294202]]}},{"type":"Feature","properties":{"fonte":"IEMA","classificacao":null,"tipo_infracao":"DEPOSI��O IRREGU�AR DE RES�DUOS SEM LICEN�A AMBIENTAL, FINAL DA RUA ROSA DE OURO, NOVO M�XICO.","item":null,"gravidade":null,"data":"2014-05-05T00:00:00Z","municipio":"Vila Velha","processo":""},"geometry":{"type":"MultiPoint","coordinates":[[-40.31978447,-20.37361714]]}},{"type":"Feature","properties":{"fonte":"IEMA","classificacao":null,"tipo_infracao":"EMPRESA DE METALURGIA OPERANDO SEM LICEN�A AMBIENTAL, EM AREINHA","item":null,"gravidade":null,"data":"2011-04-26T00:00:00Z","municipio":"Viana","processo":"AI E AE/I 0855"},"geometry":{"type":"MultiPoint","coordinates":[[-40.42639608,-20.37259753]]}},{"type":"Feature","properties":{"fonte":"IEMA","classificacao":null,"tipo_infracao":"F�brica de panelas","item":null,"gravidade":null,"data":"2017-04-18T00:00:00Z","municipio":"Viana","processo":""},"geometry":{"type":"MultiPoint","coordinates":[[-40.42667289,-20.37248686]]}},{"type":"Feature","properties":{"fonte":"IEMA","classificacao":null,"tipo_infracao":"DISPOSI��O INADEQUADA DE RES�DUOS S�LIDOS SEM LICEN�A AMBIENTAL, EM NOVO M�XICO.","item":null,"gravidade":null,"data":"2014-12-22T00:00:00Z","municipio":"Vila Velha","processo":""},"geometry":{"type":"MultiPoint","coordinates":[[-40.32063263,-20.37308672]]}},{"type":"Feature","properties":{"fonte":"IEMA","classificacao":null,"tipo_infracao":"DISPOSI��O DE RES�DUOS AS MARGENS DO CANAL GUARANHUNS, PARQUE DAS GAIVOTAS","item":null,"gravidade":null,"data":"2011-08-12T00:00:00Z","municipio":"Vila Velha","processo":"AI 05010"},"geometry":{"type":"MultiPoint","coordinates":[[-40.31403946,-20.37288353]]}},{"type":"Feature","properties":{"fonte":"IEMA","classificacao":null,"tipo_infracao":"LOTEAMENTO EM APP SEM LICEN�A AMBIENTAL, EM PADRE GABRIEL.","item":null,"gravidade":null,"data":"2012-12-05T00:00:00Z","municipio":"Cariacica","processo":"RR 140/12"},"geometry":{"type":"MultiPoint","coordinates":[[-40.40025655,-20.37209554]]}},{"type":"Feature","properties":{"fonte":"IEMA","classificacao":null,"tipo_infracao":"OFICINA DE LANTERNAGEM COM PINTURA POR ASPERS�O SEM LICEN�A AMBIENTAL, EM ITAPARICA","item":null,"gravidade":null,"data":"2012-01-30T00:00:00Z","municipio":"Vila Velha","processo":"AI 05162"},"geometry":{"type":"MultiPoint","coordinates":[[-40.30845143,-20.37258221]]}},{"type":"Feature","properties":{"fonte":"IEMA","classificacao":null,"tipo_infracao":"LAVADOR DE VE�CULOS, LANTERNAGEM E PINTURA DE VE�CULOS SEM LICEN�A AMBIENTAL, EM ITAPARICA.","item":null,"gravidade":null,"data":"2012-02-17T00:00:00Z","municipio":"Vila Velha","processo":""},"geometry":{"type":"MultiPoint","coordinates":[[-40.30845143,-20.37258221]]}},{"type":"Feature","properties":{"fonte":"IEMA","classificacao":null,"tipo_infracao":"OFICINA DE LANTERNAGEM COM PINTURA POR ASPERS�O SEM LICEN�A AMBIENTAL, EM ITAPARICA.","item":null,"gravidade":null,"data":"2014-10-08T00:00:00Z","municipio":"Vila Velha","processo":""},"geometry":{"type":"MultiPoint","coordinates":[[-40.30845143,-20.37258221]]}},{"type":"Feature","properties":{"fonte":"IEMA","classificacao":null,"tipo_infracao":"ANIMAIS SILVESTRE EMPALHADOS EEXPOSTOS","item":null,"gravidade":null,"data":"2013-04-23T00:00:00Z","municipio":"Vila Velha","processo":"GFI 390/13"},"geometry":{"type":"MultiPoint","coordinates":[[-40.37934115,-20.37191882]]}},{"type":"Feature","properties":{"fonte":"IEMA","classificacao":null,"tipo_infracao":"DEPOSI��O DE RES�DUOS S�LIDOS DE CONSTRU��O CIVIL SEM LICEN�A AMBIENTAL, EM NOVO M�XICO","item":null,"gravidade":null,"data":"2010-03-30T00:00:00Z","municipio":"Vila Velha","processo":"AI 04259"},"geometry":{"type":"MultiPoint","coordinates":[[-40.32089434,-20.37231681]]}},{"type":"Feature","properties":{"fonte":"IEMA","classificacao":null,"tipo_infracao":"DISPOSI��O DE RESIDUOS SOLIDOS DE CONSTRU��O CIVIL EM APP","item":null,"gravidade":null,"data":"2012-10-09T00:00:00Z","municipio":"Vila Velha","processo":""},"geometry":{"type":"MultiPoint","coordinates":[[-40.32089434,-20.37231681]]}},{"type":"Feature","properties":{"fonte":"IEMA","classificacao":null,"tipo_infracao":"Limpeza de rio com supress�o de Vegeta��o","item":null,"gravidade":null,"data":"2015-07-17T00:00:00Z","municipio":"Viana","processo":"GFI 27827"},"geometry":{"type":"MultiPoint","coordinates":[[-40.40464868,-20.37151819]]}},{"type":"Feature","properties":{"fonte":"IEMA","classificacao":null,"tipo_infracao":"LIMPEZA  DAS MARGENS DO CORREGO","item":null,"gravidade":null,"data":"2015-11-24T00:00:00Z","municipio":"Viana","processo":"GFI 27827"},"geometry":{"type":"MultiPoint","coordinates":[[-40.40464868,-20.37151819]]}},{"type":"Feature","properties":{"fonte":"IEMA","classificacao":null,"tipo_infracao":"EXTRA��O DE RECURSOS MINERAIS( AREIA), SEM LICEN�A AMBIENTAL,RUA ROSA AMARELA  NOVO MEXICO","item":null,"gravidade":null,"data":"2009-05-27T00:00:00Z","municipio":"Vila Velha","processo":"AI/03304"},"geometry":{"type":"MultiPoint","coordinates":[[-40.32134213,-20.37202432]]}},{"type":"Feature","properties":{"fonte":"IEMA","classificacao":null,"tipo_infracao":"EXTRA��O DE AREIA  SEM LICENCIAMENTO AMBIENTAL,RUA ROSA AMARELA S/N NOVO MEXICO","item":null,"gravidade":null,"data":"2009-09-16T00:00:00Z","municipio":"Vila Velha","processo":"AI E TAD/1637"},"geometry":{"type":"MultiPoint","coordinates":[[-40.32134213,-20.37202432]]}},{"type":"Feature","properties":{"fonte":"IEMA","classificacao":null,"tipo_infracao":"TRANSPORTE DE AREIA EXTRAIDA EM LUGAR SIM AUTORIZADO","item":null,"gravidade":null,"data":"2009-10-30T00:00:00Z","municipio":"Vila Velha","processo":"AI /1638"},"geometry":{"type":"MultiPoint","coordinates":[[-40.32134213,-20.37202432]]}},{"type":"Feature","properties":{"fonte":"IEMA","classificacao":null,"tipo_infracao":"TRANSPORTE DE AREIA EXTRAIDA EM LUGAR SIM AUTORIZADO","item":null,"gravidade":null,"data":"2010-05-21T00:00:00Z","municipio":"Vila Velha","processo":"AI/ 1636"},"geometry":{"type":"MultiPoint","coordinates":[[-40.32134213,-20.37202432]]}},{"type":"Feature","properties":{"fonte":"IEMA","classificacao":null,"tipo_infracao":"TRANSPORTE DE AREIA EXTRAIDA EM LUGAR SIM AUTORIZADO","item":null,"gravidade":null,"data":"2010-05-24T00:00:00Z","municipio":"Vila Velha","processo":"AI/ 1639"},"geometry":{"type":"MultiPoint","coordinates":[[-40.32134213,-20.37202432]]}},{"type":"Feature","properties":{"fonte":"IEMA","classificacao":null,"tipo_infracao":"EXTRA��O DE AREIA SEM LICEN�A AMBIENTAL.","item":null,"gravidade":null,"data":"2010-06-01T00:00:00Z","municipio":"Vila Velha","processo":""},"geometry":{"type":"MultiPoint","coordinates":[[-40.32134213,-20.37202432]]}},{"type":"Feature","properties":{"fonte":"IEMA","classificacao":null,"tipo_infracao":"PASS�ROS EM CATIVEIRO SEM AUTORIZA��O","item":null,"gravidade":null,"data":"2013-04-22T00:00:00Z","municipio":"Cariacica","processo":"GFI 286/13"},"geometry":{"type":"MultiPoint","coordinates":[[-40.37741082,-20.37139201]]}},{"type":"Feature","properties":{"fonte":"IEMA","classificacao":null,"tipo_infracao":"DEP�SITO DE PRODUTOS GERAIS SEM LICEN�A AMBIENTAL, BAIRRO SIMMER","item":null,"gravidade":null,"data":"2012-03-08T00:00:00Z","municipio":"Viana","processo":"AI 05173"},"geometry":{"type":"MultiPoint","coordinates":[[-40.40585832,-20.37074054]]}},{"type":"Feature","properties":{"fonte":"IEMA","classificacao":null,"tipo_infracao":"DEP�SITO DE PRODUTOS GERAIS SEM LICEN�A AMBIENTAL, BAIRRO SIMMER.","item":null,"gravidade":null,"data":"2012-11-21T00:00:00Z","municipio":"Viana","processo":""},"geometry":{"type":"MultiPoint","coordinates":[[-40.40585832,-20.37074054]]}},{"type":"Feature","properties":{"fonte":"IEMA","classificacao":null,"tipo_infracao":"PISCICULTURA EM APP, RUA DA ASSEMBLEIA 09, AREINHA.","item":null,"gravidade":null,"data":"2012-02-10T00:00:00Z","municipio":"Viana","processo":""},"geometry":{"type":"MultiPoint","coordinates":[[-40.43344614,-20.37041674]]}},{"type":"Feature","properties":{"fonte":"IEMA","classificacao":null,"tipo_infracao":"FERRO VELHO FUNCIONANDO IRREGULAR, COM PNEUS, LATAS JOGADOS PROVOCANDO AT� FOCOS DE MOSQUITO DA DENGUE","item":null,"gravidade":null,"data":"2011-04-04T00:00:00Z","municipio":"Viana","processo":"GFI 9479"},"geometry":{"type":"MultiPoint","coordinates":[[-40.4194694,-20.37048581]]}},{"type":"Feature","properties":{"fonte":"IEMA","classificacao":null,"tipo_infracao":"INTERVEN��ES NA LAGOA E DRENAGEM EM APP DO C�RREGO DA RIBEIRA, BAIRRO PARQUE INDUSTRIAL","item":null,"gravidade":null,"data":"2013-10-25T00:00:00Z","municipio":"Viana","processo":"GFI 13508"},"geometry":{"type":"MultiPoint","coordinates":[[-40.44067761,-20.37025781]]}},{"type":"Feature","properties":{"fonte":"IEMA","classificacao":null,"tipo_infracao":"TERRAPLANAGEM E ATERRO EM APP, DISTRITO DE CANGUED�","item":null,"gravidade":null,"data":"2012-07-12T00:00:00Z","municipio":"Cariacica","processo":"AI E AE/I 9032"},"geometry":{"type":"MultiPoint","coordinates":[[-40.40495384,-20.37030515]]}},{"type":"Feature","properties":{"fonte":"IEMA","classificacao":null,"tipo_infracao":"TERRAPLANAGEM E ATERRO EM APP, DISTRITO DE CANGUED�.","item":null,"gravidade":null,"data":"2014-12-29T00:00:00Z","municipio":"Cariacica","processo":""},"geometry":{"type":"MultiPoint","coordinates":[[-40.40495384,-20.37030515]]}},{"type":"Feature","properties":{"fonte":"IEMA","classificacao":null,"tipo_infracao":"Parcelamento do solo","item":null,"gravidade":null,"data":"2015-06-23T00:00:00Z","municipio":"Cariacica","processo":""},"geometry":{"type":"MultiPoint","coordinates":[[-40.40431071,-20.37016578]]}},{"type":"Feature","properties":{"fonte":"IEMA","classificacao":null,"tipo_infracao":"Extra��o mineral","item":null,"gravidade":null,"data":"2015-08-07T00:00:00Z","municipio":"Cariacica","processo":"GFI 1112/16"},"geometry":{"type":"MultiPoint","coordinates":[[-40.40431071,-20.37016578]]}},{"type":"Feature","properties":{"fonte":"IEMA","classificacao":null,"tipo_infracao":"ANIMAIS EM CATIVEIROS SEM REGISTRO","item":null,"gravidade":null,"data":"2013-04-24T00:00:00Z","municipio":"Viana","processo":"GFI 402/13"},"geometry":{"type":"MultiPoint","coordinates":[[-40.41349179,-20.36947733]]}},{"type":"Feature","properties":{"fonte":"IEMA","classificacao":null,"tipo_infracao":"EMPRESA DE DESENTUPIMENTO E LIMPEZA DE FOSSAS, CAIXAS DE GORDURA E BANHEIROS PORT�TEIS FUNCIONANDO SEM LICEN�A AMBIENTAL, EM RIO MARINHO.","item":null,"gravidade":null,"data":"2011-02-11T00:00:00Z","municipio":"Vila Velha","processo":"RR 250/10 B"},"geometry":{"type":"MultiPoint","coordinates":[[-40.36102227,-20.36959628]]}},{"type":"Feature","properties":{"fonte":"IEMA","classificacao":null,"tipo_infracao":"REALIZAR INTERVEN��O (DESMATE) EM APP SEM AUTORIZA��O DO �RG�O COMPETENTE, LOTEAMENTO SIMMER EM VILA BET�NIA.","item":null,"gravidade":null,"data":"2014-07-02T00:00:00Z","municipio":"Viana","processo":""},"geometry":{"type":"MultiPoint","coordinates":[[-40.40517189,-20.36899343]]}},{"type":"Feature","properties":{"fonte":"IEMA","classificacao":null,"tipo_infracao":"ATERRO DE NASCENTE DE RIO PARA CONSTRU��O CIVIL NO LOVAL, EM JARDIM DOS PALMARES","item":null,"gravidade":null,"data":"2013-03-08T00:00:00Z","municipio":"Cariacica","processo":"Prot. 13949/12 B"},"geometry":{"type":"MultiPoint","coordinates":[[-40.40166314,-20.36872351]]}},{"type":"Feature","properties":{"fonte":"IEMA","classificacao":null,"tipo_infracao":"TERRAPLANAGEM SEM LICEN�A AMBIENTAL, LOTEAMENTO SIMMER, VILA BETANIA.","item":null,"gravidade":null,"data":"2015-01-02T00:00:00Z","municipio":"Viana","processo":""},"geometry":{"type":"MultiPoint","coordinates":[[-40.4051881,-20.36866806]]}},{"type":"Feature","properties":{"fonte":"IEMA","classificacao":null,"tipo_infracao":"MANIFESTA��O 12525 DA OUVIDORIA GERAL DO ES - CANALIZA��O DE CURSO D'AGUA - CORREGO DO GORDO","item":null,"gravidade":null,"data":"2017-01-18T00:00:00Z","municipio":"Cariacica","processo":""},"geometry":{"type":"MultiPoint","coordinates":[[-40.65634923,-20.36616702]]}},{"type":"Feature","properties":{"fonte":"IEMA","classificacao":null,"tipo_infracao":"DISPOSI��O DE RES�DUOS DE QUEIMA DE PNEUS NO SOLO, BAIRRO ARLINDO VILASQUE","item":null,"gravidade":null,"data":"2012-02-08T00:00:00Z","municipio":"Viana","processo":"AI 05374"},"geometry":{"type":"MultiPoint","coordinates":[[-40.41343505,-20.36745412]]}},{"type":"Feature","properties":{"fonte":"IEMA","classificacao":null,"tipo_infracao":"DISPOSI��O DE RES�DUOS DE QUEIMA DE PNEUS NO SOLO, BAIRRO ARLINDO VILASQUE.","item":null,"gravidade":null,"data":"2012-08-16T00:00:00Z","municipio":"Viana","processo":""},"geometry":{"type":"MultiPoint","coordinates":[[-40.41343505,-20.36745412]]}},{"type":"Feature","properties":{"fonte":"IEMA","classificacao":null,"tipo_infracao":"TERRAPLANAGEM SEM DRENAGEM CAUSANDO EROS�ES ATINGINDO RECURSOS H�DRICOS, EM PARQUE INDUSTRIAL, AREINHA.","item":null,"gravidade":null,"data":"2012-09-06T00:00:00Z","municipio":"Viana","processo":"RR 360/11 B"},"geometry":{"type":"MultiPoint","coordinates":[[-40.42919236,-20.3672716]]}},{"type":"Feature","properties":{"fonte":"IEMA","classificacao":null,"tipo_infracao":"LP E LI PARA P�TIO DE ESTOCAGEM DE ALIMENTOS, EM AREINHA.","item":null,"gravidade":null,"data":"2012-10-26T00:00:00Z","municipio":"Viana","processo":""},"geometry":{"type":"MultiPoint","coordinates":[[-40.42919236,-20.3672716]]}},{"type":"Feature","properties":{"fonte":"IEMA","classificacao":null,"tipo_infracao":"POSTO DE ABASTECIMENTO DE CARRETA IRREGULAR, EM JARDIM ASTECA.","item":null,"gravidade":null,"data":"2011-06-22T00:00:00Z","municipio":"Vila Velha","processo":"RR 079/10"},"geometry":{"type":"MultiPoint","coordinates":[[-40.32321349,-20.36789945]]}},{"type":"Feature","properties":{"fonte":"IEMA","classificacao":null,"tipo_infracao":"POSTO DE ABASTECIMENTO DE CARRETA IRREGULAR, EM JARDIM ASTECA.","item":null,"gravidade":null,"data":"2012-08-28T00:00:00Z","municipio":"Vila Velha","processo":""},"geometry":{"type":"MultiPoint","coordinates":[[-40.32321349,-20.36789945]]}},{"type":"Feature","properties":{"fonte":"IEMA","classificacao":null,"tipo_infracao":"Terminal de Armazenamento de combustivel diesel","item":null,"gravidade":null,"data":"2015-11-17T00:00:00Z","municipio":"Vila Velha","processo":"AI n� 12478"},"geometry":{"type":"MultiPoint","coordinates":[[-40.32321349,-20.36789945]]}},{"type":"Feature","properties":{"fonte":"IEMA","classificacao":null,"tipo_infracao":"P�tio de estocagem","item":null,"gravidade":null,"data":"2021-10-21T00:00:00Z","municipio":"Vila Velha","processo":"den�ncia 6450/21"},"geometry":{"type":"MultiPoint","coordinates":[[-40.32681466,-20.36778177]]}},{"type":"Feature","properties":{"fonte":"IEMA","classificacao":null,"tipo_infracao":"P�tio de estocagem ou de cargas gerais","item":null,"gravidade":null,"data":"2022-04-29T00:00:00Z","municipio":"Vila Velha","processo":"DEN�NCIA 190/19, DEN�NCIA 191/19"},"geometry":{"type":"MultiPoint","coordinates":[[-40.32681466,-20.36778177]]}},{"type":"Feature","properties":{"fonte":"IEMA","classificacao":null,"tipo_infracao":"CRIA��O DE PORCOS EM APP DO RIO MARINHO, EM RIO MARINHO","item":null,"gravidade":null,"data":"2011-04-08T00:00:00Z","municipio":"Vila Velha","processo":"AI 04377"},"geometry":{"type":"MultiPoint","coordinates":[[-40.36293649,-20.3672053]]}},{"type":"Feature","properties":{"fonte":"IEMA","classificacao":null,"tipo_infracao":"ATERRO EM APP NA MARGEM DE CURSO D'�GUA SEM LICEN�A AMBIENTAL, EM BELA VISTA","item":null,"gravidade":null,"data":"2012-04-23T00:00:00Z","municipio":"Cariacica","processo":"Prot. 02209/12 B"},"geometry":{"type":"MultiPoint","coordinates":[[-40.375797,-20.36658041]]}},{"type":"Feature","properties":{"fonte":"IEMA","classificacao":null,"tipo_infracao":"LOTEAMENTO PARA FINS RESIDENCIAIS SEM LICEN�A AMBIENTAL, BAIRRO CASTELO BRANCO","item":null,"gravidade":null,"data":"2012-05-11T00:00:00Z","municipio":"Cariacica","processo":"Prot. 02209/12 A"},"geometry":{"type":"MultiPoint","coordinates":[[-40.375797,-20.36658041]]}},{"type":"Feature","properties":{"fonte":"IEMA","classificacao":null,"tipo_infracao":"ATERRO EM APP NA MARGEM DE CURSO D'�GUA SEM LICEN�A AMBIENTAL, EM BELA VISTA.","item":null,"gravidade":null,"data":"2013-07-31T00:00:00Z","municipio":"Cariacica","processo":""},"geometry":{"type":"MultiPoint","coordinates":[[-40.375797,-20.36658041]]}},{"type":"Feature","properties":{"fonte":"IEMA","classificacao":null,"tipo_infracao":"LOTEAMENTO PARA FINS RESIDENCIAIS SEM LICEN�A AMBIENTAL, BAIRRO CASTELO BRANCO.","item":null,"gravidade":null,"data":"2014-02-18T00:00:00Z","municipio":"Cariacica","processo":""},"geometry":{"type":"MultiPoint","coordinates":[[-40.375797,-20.36658041]]}},{"type":"Feature","properties":{"fonte":"IEMA","classificacao":null,"tipo_infracao":"BENEFICIAMENTO DE ROCHAS","item":null,"gravidade":null,"data":"2010-09-20T00:00:00Z","municipio":"Viana","processo":"AI/ 03399"},"geometry":{"type":"MultiPoint","coordinates":[[-40.41986783,-20.3658661]]}},{"type":"Feature","properties":{"fonte":"IEMA","classificacao":null,"tipo_infracao":"BENEFICIAMENTO DE ROCHAS","item":null,"gravidade":null,"data":"2014-02-13T00:00:00Z","municipio":"Viana","processo":""},"geometry":{"type":"MultiPoint","coordinates":[[-40.41986783,-20.3658661]]}},{"type":"Feature","properties":{"fonte":"IEMA","classificacao":null,"tipo_infracao":"MATERIAL DE CONSTRU��O COM DEP�SITO DE CARGAS GERAIS SEM LICEN�A AMBIENTAL, BAIRRO ARLINDO VILLASCHI","item":null,"gravidade":null,"data":"2014-09-11T00:00:00Z","municipio":"Viana","processo":"AI 7633"},"geometry":{"type":"MultiPoint","coordinates":[[-40.41986783,-20.3658661]]}},{"type":"Feature","properties":{"fonte":"IEMA","classificacao":null,"tipo_infracao":"ZOONOSES  MANIPULA��O E ARMAZENAMENTO DE INSETICIDAS, �LEO DIESEL, VENENOS E OUTROS DE FORMA INADEQUADA E SEM LICEN�A AMBIENTAL, EM JARDIM CAMPO GRANDE","item":null,"gravidade":null,"data":"2014-08-19T00:00:00Z","municipio":"Cariacica","processo":"GFI 14940"},"geometry":{"type":"MultiPoint","coordinates":[[-40.39475112,-20.36605957]]}},{"type":"Feature","properties":{"fonte":"IEMA","classificacao":null,"tipo_infracao":"ZOONOSES MANIPULA��O E ARMAZENAMENTO DE INSETICIDAS, �LEO DIESEL, VENENOS E OUTROS DE FORMA INADEQUADA E SEM LICEN�A AMBIENTAL, EM JARDIM CAMPO GRANDE.","item":null,"gravidade":null,"data":"2014-10-13T00:00:00Z","municipio":"Cariacica","processo":""},"geometry":{"type":"MultiPoint","coordinates":[[-40.39475112,-20.36605957]]}},{"type":"Feature","properties":{"fonte":"IEMA","classificacao":null,"tipo_infracao":"EXERCER ATIVIDADE DE LAVAGEM DE CARRO SEM LICEN�A AMBIENTAL, EM SANTA PAULA II.","item":null,"gravidade":null,"data":"2011-06-13T00:00:00Z","municipio":"Cariacica","processo":"RR 624/10 A"},"geometry":{"type":"MultiPoint","coordinates":[[-40.38335034,-20.36598768]]}},{"type":"Feature","properties":{"fonte":"IEMA","classificacao":null,"tipo_infracao":"EXERCER ATIVIDADE DE LAVAGEM DE CARRO SEM LICEN�A AMBIENTAL, EM SANTA PAULA II.","item":null,"gravidade":null,"data":"2014-11-24T00:00:00Z","municipio":"Cariacica","processo":""},"geometry":{"type":"MultiPoint","coordinates":[[-40.38335034,-20.36598768]]}},{"type":"Feature","properties":{"fonte":"IEMA","classificacao":null,"tipo_infracao":"LIMPEZA DO RIO MARINHO","item":null,"gravidade":null,"data":"2014-08-22T00:00:00Z","municipio":"Cariacica","processo":"GFI 73/14"},"geometry":{"type":"MultiPoint","coordinates":[[-40.36321451,-20.36613708]]}},{"type":"Feature","properties":{"fonte":"IEMA","classificacao":null,"tipo_infracao":"ABERTURA DE VALA �S MARGENS DO RIO MARINHO, BAIRRO VALPARA�SO.","item":null,"gravidade":null,"data":"2014-08-22T00:00:00Z","municipio":"Vila Velha","processo":""},"geometry":{"type":"MultiPoint","coordinates":[[-40.36321451,-20.36613708]]}},{"type":"Feature","properties":{"fonte":"IEMA","classificacao":null,"tipo_infracao":"Abertura de canal de drenagem","item":null,"gravidade":null,"data":"2016-07-08T00:00:00Z","municipio":"Vila Velha","processo":""},"geometry":{"type":"MultiPoint","coordinates":[[-40.36321451,-20.36613708]]}},{"type":"Feature","properties":{"fonte":"IEMA","classificacao":null,"tipo_infracao":"ABERTURA DE ACESSO EM APP","item":null,"gravidade":null,"data":"2020-01-02T00:00:00Z","municipio":"Vila Velha","processo":"PROT. 14350/19"},"geometry":{"type":"MultiPoint","coordinates":[[-40.36311784,-20.36603845]]}},{"type":"Feature","properties":{"fonte":"IEMA","classificacao":null,"tipo_infracao":"LANTERNAGEM E PINTURA POR ASPERS�O SEM LICEN�A AMBIENTAL, EM RIO MARINHO","item":null,"gravidade":null,"data":"2012-03-30T00:00:00Z","municipio":"Vila Velha","processo":"AI 05514"},"geometry":{"type":"MultiPoint","coordinates":[[-40.36257593,-20.36541931]]}},{"type":"Feature","properties":{"fonte":"IEMA","classificacao":null,"tipo_infracao":"LANTERNAGEM E PINTURA POR ASPERS�O SEM LICEN�A AMBIENTAL, EM RIO MARINHO","item":null,"gravidade":null,"data":"2012-07-30T00:00:00Z","municipio":"Vila Velha","processo":""},"geometry":{"type":"MultiPoint","coordinates":[[-40.36257593,-20.36541931]]}},{"type":"Feature","properties":{"fonte":"IEMA","classificacao":null,"tipo_infracao":"EXTRA��O DE ARGILA SEM LICEN�A AMBIENTAL, EM RIO MARINHO.","item":null,"gravidade":null,"data":"2021-07-29T00:00:00Z","municipio":"Vila Velha","processo":""},"geometry":{"type":"MultiPoint","coordinates":[[-40.35561166,-20.3654645]]}},{"type":"Feature","properties":{"fonte":"IEMA","classificacao":null,"tipo_infracao":"LAN�AMENTO DE RES�DUOS S�LIDO","item":null,"gravidade":null,"data":"2017-05-19T00:00:00Z","municipio":"Viana","processo":"GFI 145/17"},"geometry":{"type":"MultiPoint","coordinates":[[-40.40858333,-20.36487342]]}},{"type":"Feature","properties":{"fonte":"IEMA","classificacao":null,"tipo_infracao":"DEPOSITO DE RESIDUOS DIVERSOS - BAIRRO ARLINDO ANGELO VILLASCHI","item":null,"gravidade":null,"data":"2018-05-17T00:00:00Z","municipio":"Viana","processo":""},"geometry":{"type":"MultiPoint","coordinates":[[-40.40858333,-20.36487342]]}},{"type":"Feature","properties":{"fonte":"IEMA","classificacao":null,"tipo_infracao":"EXTRA��O DE ARGILA SEM LICEN�A AMBIENTAL, EM RIO MARINHO.","item":null,"gravidade":null,"data":"2012-11-27T00:00:00Z","municipio":"Vila Velha","processo":""},"geometry":{"type":"MultiPoint","coordinates":[[-40.35388391,-20.3650804]]}},{"type":"Feature","properties":{"fonte":"IEMA","classificacao":null,"tipo_infracao":"BENEFICIAMENTO DE MARMORES E GRANITOS, SANTA MONICA.","item":null,"gravidade":null,"data":"2011-03-31T00:00:00Z","municipio":"Vila Velha","processo":""},"geometry":{"type":"MultiPoint","coordinates":[[-40.31104251,-20.36515447]]}},{"type":"Feature","properties":{"fonte":"IEMA","classificacao":null,"tipo_infracao":"BENEFICIAMENTO E CONFEC��O DE CAIXAS DE AR CONDICIONADO DESATIVADA, EM SANTA MONICA","item":null,"gravidade":null,"data":"2011-08-17T00:00:00Z","municipio":"Vila Velha","processo":"AI 03422"},"geometry":{"type":"MultiPoint","coordinates":[[-40.31104251,-20.36515447]]}},{"type":"Feature","properties":{"fonte":"IEMA","classificacao":null,"tipo_infracao":"BENEFICIAMENTO E CONFEC��O DE CAIXAS DE AR CONDICIONADO DESATIVADA, EM SANTA MONICA.","item":null,"gravidade":null,"data":"2013-07-08T00:00:00Z","municipio":"Vila Velha","processo":""},"geometry":{"type":"MultiPoint","coordinates":[[-40.31104251,-20.36515447]]}},{"type":"Feature","properties":{"fonte":"IEMA","classificacao":null,"tipo_infracao":"OFICINA DE LANTERNAGEM E PINTURA SEM LICEN�A AMBIENTAL, EM SANTA M�NICA","item":null,"gravidade":null,"data":"2014-09-29T00:00:00Z","municipio":"Vila Velha","processo":"AI 7987"},"geometry":{"type":"MultiPoint","coordinates":[[-40.31104251,-20.36515447]]}},{"type":"Feature","properties":{"fonte":"IEMA","classificacao":null,"tipo_infracao":"OFICINA DE LANTERNAGEM E PINTURA SEM LICEN�A AMBIENTAL, EM SANTA M�NICA.","item":null,"gravidade":null,"data":"2014-10-10T00:00:00Z","municipio":"Vila Velha","processo":""},"geometry":{"type":"MultiPoint","coordinates":[[-40.31104251,-20.36515447]]}},{"type":"Feature","properties":{"fonte":"IEMA","classificacao":null,"tipo_infracao":"OFICINA MEC�NICA","item":null,"gravidade":null,"data":"2016-05-18T00:00:00Z","municipio":"Vila Velha","processo":""},"geometry":{"type":"MultiPoint","coordinates":[[-40.31008456,-20.36516166]]}},{"type":"Feature","properties":{"fonte":"IEMA","classificacao":null,"tipo_infracao":"OFICINA MEC�NICA COM CAIXA SEPARADORA, MAS SIM POSSUE COLETA DOS RES�DUOS, UNIVERSAL.","item":null,"gravidade":null,"data":"2011-06-13T00:00:00Z","municipio":"Viana","processo":"RR 13/11"},"geometry":{"type":"MultiPoint","coordinates":[[-40.44251496,-20.36385551]]}},{"type":"Feature","properties":{"fonte":"IEMA","classificacao":null,"tipo_infracao":"OFICINA MEC�NICA COM CAIXA SEPARADORA, MAS SIM POSSUE COLETA DOS RES�DUOS, UNIVERSAL.","item":null,"gravidade":null,"data":"2013-08-16T00:00:00Z","municipio":"Viana","processo":""},"geometry":{"type":"MultiPoint","coordinates":[[-40.44251496,-20.36385551]]}},{"type":"Feature","properties":{"fonte":"IEMA","classificacao":null,"tipo_infracao":"Oficina Mec�nica","item":null,"gravidade":null,"data":"2015-06-23T00:00:00Z","municipio":"Viana","processo":""},"geometry":{"type":"MultiPoint","coordinates":[[-40.44251496,-20.36385551]]}},{"type":"Feature","properties":{"fonte":"IEMA","classificacao":null,"tipo_infracao":"INC�NDIO EM OFICINA MEC�NICA","item":null,"gravidade":null,"data":"2015-06-22T00:00:00Z","municipio":"Viana","processo":"Relat�rio Acidente"},"geometry":{"type":"MultiPoint","coordinates":[[-40.4421187,-20.36347935]]}},{"type":"Feature","properties":{"fonte":"IEMA","classificacao":null,"tipo_infracao":"FABRICA��O DE BLOCOS EM CIMENTO SEM LICEN�A AMBIENTAL","item":null,"gravidade":null,"data":"2017-11-20T00:00:00Z","municipio":"Viana","processo":""},"geometry":{"type":"MultiPoint","coordinates":[[-40.44194611,-20.3634627]]}},{"type":"Feature","properties":{"fonte":"IEMA","classificacao":null,"tipo_infracao":"Lava Jato","item":null,"gravidade":null,"data":"2015-07-22T00:00:00Z","municipio":"Vila Velha","processo":""},"geometry":{"type":"MultiPoint","coordinates":[[-40.35769453,-20.36373178]]}},{"type":"Feature","properties":{"fonte":"IEMA","classificacao":null,"tipo_infracao":"Lava Jato","item":null,"gravidade":null,"data":"2015-08-20T00:00:00Z","municipio":"Vila Velha","processo":"AI 11424"},"geometry":{"type":"MultiPoint","coordinates":[[-40.35769453,-20.36373178]]}},{"type":"Feature","properties":{"fonte":"IEMA","classificacao":null,"tipo_infracao":"TRANSFORMADOR COM VAZAMENTO, EM CARAPINA","item":null,"gravidade":null,"data":"2012-01-09T00:00:00Z","municipio":"Serra","processo":"AI 8790"},"geometry":{"type":"MultiPoint","coordinates":[[-40.29981473,-20.36402781]]}},{"type":"Feature","properties":{"fonte":"IEMA","classificacao":null,"tipo_infracao":"TRANSFORMADOR COM VAZAMENTO, EM CARAPINA.","item":null,"gravidade":null,"data":"2012-03-16T00:00:00Z","municipio":"Serra","processo":""},"geometry":{"type":"MultiPoint","coordinates":[[-40.29981473,-20.36402781]]}},{"type":"Feature","properties":{"fonte":"IEMA","classificacao":null,"tipo_infracao":"LOTEAMENTO AREINHA, AO LADO DO RIO FORMATE","item":null,"gravidade":null,"data":"2014-08-05T00:00:00Z","municipio":"Cariacica","processo":"RR 411/11"},"geometry":{"type":"MultiPoint","coordinates":[[-40.40279168,-20.36321259]]}},{"type":"Feature","properties":{"fonte":"IEMA","classificacao":null,"tipo_infracao":"TRIAGEM ARMAZENAMENTO E BENEFICIAMENTO MATERIAIS REAPROVEITAVEIS","item":null,"gravidade":null,"data":"2017-03-09T00:00:00Z","municipio":"Cariacica","processo":""},"geometry":{"type":"MultiPoint","coordinates":[[-40.36294655,-20.36289583]]}},{"type":"Feature","properties":{"fonte":"IEMA","classificacao":null,"tipo_infracao":"ATERRO COM RES�DUOS DE CONSTRU��O CIVIL EM �REA DE PRESERVA��O PERMANENTE, EM RIO MARINHO.","item":null,"gravidade":null,"data":"2014-10-20T00:00:00Z","municipio":"Vila Velha","processo":""},"geometry":{"type":"MultiPoint","coordinates":[[-40.34904571,-20.36284119]]}},{"type":"Feature","properties":{"fonte":"IEMA","classificacao":null,"tipo_infracao":"LAVA JATO SEM LICEN�A AMBIENTAL, EM JARDIM COLORADO.","item":null,"gravidade":null,"data":"2013-07-17T00:00:00Z","municipio":"Vila Velha","processo":""},"geometry":{"type":"MultiPoint","coordinates":[[-40.31860217,-20.36301056]]}},{"type":"Feature","properties":{"fonte":"IEMA","classificacao":null,"tipo_infracao":"Lavador de ve�culos","item":null,"gravidade":null,"data":"2020-02-28T00:00:00Z","municipio":"Vila Velha","processo":"PROT. 1722/20"},"geometry":{"type":"MultiPoint","coordinates":[[-40.31860217,-20.36301056]]}},{"type":"Feature","properties":{"fonte":"IEMA","classificacao":null,"tipo_infracao":"ATERRO EM APP, USANDO ENTULHO AS MARGENS NO RIO MARINHO, ESTRADA RIO MARINHO N� 3, CORDOVIL","item":null,"gravidade":null,"data":"2010-09-10T00:00:00Z","municipio":"Cariacica","processo":"AI E TE/ 03397"},"geometry":{"type":"MultiPoint","coordinates":[[-40.45845562,-20.36183492]]}},{"type":"Feature","properties":{"fonte":"IEMA","classificacao":null,"tipo_infracao":"DESTINA��O DE RES�DUOS DE CONSTRU��O CIVIL E RES�DUOS DOM�STICOS SEM LICEN�A AMBIENTAL, BAIRRO RIO MARINHO","item":null,"gravidade":null,"data":"2011-04-15T00:00:00Z","municipio":"Vila Velha","processo":"AI 03418"},"geometry":{"type":"MultiPoint","coordinates":[[-40.36134215,-20.36237532]]}},{"type":"Feature","properties":{"fonte":"IEMA","classificacao":null,"tipo_infracao":"DESTINA��O DE PEDRAS DE GRANDE PORTE EM LOCAL INADEQUADO, BAIRRO RIO MARINHO","item":null,"gravidade":null,"data":"2011-04-15T00:00:00Z","municipio":"Vila Velha","processo":"AI 03419"},"geometry":{"type":"MultiPoint","coordinates":[[-40.36134215,-20.36237532]]}},{"type":"Feature","properties":{"fonte":"IEMA","classificacao":null,"tipo_infracao":"Dep�sito de res�duos","item":null,"gravidade":null,"data":"2015-07-21T00:00:00Z","municipio":"Viana","processo":""},"geometry":{"type":"MultiPoint","coordinates":[[-40.41024175,-20.35233858]]}},{"type":"Feature","properties":{"fonte":"IEMA","classificacao":null,"tipo_infracao":"DESTINA��O DE RES�DUOS DE CONSTRU��O CIVIL E RES�DUOS DOM�STICOS SEM LICEN�A AMBIENTAL, BAIRRO RIO MARINHO.","item":null,"gravidade":null,"data":"2012-03-29T00:00:00Z","municipio":"Vila Velha","processo":""},"geometry":{"type":"MultiPoint","coordinates":[[-40.36134215,-20.36237532]]}},{"type":"Feature","properties":{"fonte":"IEMA","classificacao":null,"tipo_infracao":"DESTINA��O DE PEDRAS DE GRANDE PORTE EM LOCAL INADEQUADO, BAIRRO RIO MARINHO.","item":null,"gravidade":null,"data":"2012-06-05T00:00:00Z","municipio":"Vila Velha","processo":""},"geometry":{"type":"MultiPoint","coordinates":[[-40.36134215,-20.36237532]]}},{"type":"Feature","properties":{"fonte":"IEMA","classificacao":null,"tipo_infracao":"FABRICA DE BLOCO SEM LICEN�A","item":null,"gravidade":null,"data":"2014-09-01T00:00:00Z","municipio":"Cariacica","processo":"GFI 14487"},"geometry":{"type":"MultiPoint","coordinates":[[-40.38894901,-20.36214882]]}},{"type":"Feature","properties":{"fonte":"IEMA","classificacao":null,"tipo_infracao":"BENEFICIAMENTO DE ROCHAS ORNAMENTAIS SME LICEN�A AMBIENTAL, EM RIO MARINHO.","item":null,"gravidade":null,"data":"2012-05-31T00:00:00Z","municipio":"Vila Velha","processo":""},"geometry":{"type":"MultiPoint","coordinates":[[-40.35968995,-20.3618642]]}},{"type":"Feature","properties":{"fonte":"IEMA","classificacao":null,"tipo_infracao":"Polimento de placas de marmore e granito","item":null,"gravidade":null,"data":"2015-06-30T00:00:00Z","municipio":"Vila Velha","processo":""},"geometry":{"type":"MultiPoint","coordinates":[[-40.35968995,-20.3618642]]}},{"type":"Feature","properties":{"fonte":"IEMA","classificacao":null,"tipo_infracao":"BENEFICIAMENTO DE ROCHAS ORNAMENTAIS","item":null,"gravidade":null,"data":"2018-04-20T00:00:00Z","municipio":"Vila Velha","processo":""},"geometry":{"type":"MultiPoint","coordinates":[[-40.35968995,-20.3618642]]}},{"type":"Feature","properties":{"fonte":"IEMA","classificacao":null,"tipo_infracao":"TRANSPORTADORA E GARAGEM SEM LICEN�A AMBIENTAL E LAN�AMENTO DE �LEO NO SOLO, BAIRRO CANAA","item":null,"gravidade":null,"data":"2011-03-28T00:00:00Z","municipio":"Cariacica","processo":"AI 04373"},"geometry":{"type":"MultiPoint","coordinates":[[-40.4356293,-20.36097617]]}},{"type":"Feature","properties":{"fonte":"IEMA","classificacao":null,"tipo_infracao":"CONTAMINA��O DE SOLO COM �LEO","item":null,"gravidade":null,"data":"2012-10-09T00:00:00Z","municipio":"Viana","processo":""},"geometry":{"type":"MultiPoint","coordinates":[[-40.4356293,-20.36097617]]}},{"type":"Feature","properties":{"fonte":"IEMA","classificacao":null,"tipo_infracao":"TERRAPLANAGEM E ESCAVA��O","item":null,"gravidade":null,"data":"2009-10-07T00:00:00Z","municipio":"Vila Velha","processo":"AI E TE/ 1217"},"geometry":{"type":"MultiPoint","coordinates":[[-40.37685239,-20.36135928]]}},{"type":"Feature","properties":{"fonte":"IEMA","classificacao":null,"tipo_infracao":"TERRAPLANAGEM E ESCAVA��O, BAIRRO MARACAN�","item":null,"gravidade":null,"data":"2011-07-29T00:00:00Z","municipio":"Cariacica","processo":"AI E AE/I 9537"},"geometry":{"type":"MultiPoint","coordinates":[[-40.37685239,-20.36135928]]}},{"type":"Feature","properties":{"fonte":"IEMA","classificacao":null,"tipo_infracao":"NOTIFICAR AO SR. CL�UDIO DENICOLI DOS SANTOS DIRETOR PRESIDENTE DO IEMA, A SE APRESENTAR NA PROMOTORIA DE JUSTI�A.","item":null,"gravidade":null,"data":"2014-09-18T00:00:00Z","municipio":"Cariacica","processo":"PROT. 19569/14"},"geometry":{"type":"MultiPoint","coordinates":[[-40.37685239,-20.36135928]]}},{"type":"Feature","properties":{"fonte":"IEMA","classificacao":null,"tipo_infracao":"TERRAPLANAGEM E ESCAVA��O","item":null,"gravidade":null,"data":"2014-11-03T00:00:00Z","municipio":"Vila Velha","processo":""},"geometry":{"type":"MultiPoint","coordinates":[[-40.37685239,-20.36135928]]}},{"type":"Feature","properties":{"fonte":"IEMA","classificacao":null,"tipo_infracao":"PATIO DE ESTACIONAMENTO DE VEICULOS","item":null,"gravidade":null,"data":"2021-03-01T00:00:00Z","municipio":"Viana","processo":"PROT. 9569/14"},"geometry":{"type":"MultiPoint","coordinates":[[-40.42847813,-20.36044761]]}},{"type":"Feature","properties":{"fonte":"IEMA","classificacao":null,"tipo_infracao":"fabrica��o de pe�as de metal","item":null,"gravidade":null,"data":"2017-06-21T00:00:00Z","municipio":"Viana","processo":""},"geometry":{"type":"MultiPoint","coordinates":[[-40.43370604,-20.3601789]]}},{"type":"Feature","properties":{"fonte":"IEMA","classificacao":null,"tipo_infracao":"Garagem com manuten��o e abastecimento de ve�culos","item":null,"gravidade":null,"data":"2017-02-20T00:00:00Z","municipio":"Cariacica","processo":"GFI 27758"},"geometry":{"type":"MultiPoint","coordinates":[[-40.42242753,-20.35875341]]}},{"type":"Feature","properties":{"fonte":"IEMA","classificacao":null,"tipo_infracao":"CONSTRU��O DE PISCINA EM APP ( CORREGO )","item":null,"gravidade":null,"data":"2009-09-17T00:00:00Z","municipio":"Viana","processo":"AI E TE/ 0928"},"geometry":{"type":"MultiPoint","coordinates":[[-40.46366247,-20.35832226]]}},{"type":"Feature","properties":{"fonte":"IEMA","classificacao":null,"tipo_infracao":"PESQUE E PAGUE SEM LICEN�A AMBIENTAL, EM PEROBAS","item":null,"gravidade":null,"data":"2010-10-28T00:00:00Z","municipio":"Viana","processo":"AI 03431"},"geometry":{"type":"MultiPoint","coordinates":[[-40.46366247,-20.35832226]]}},{"type":"Feature","properties":{"fonte":"IEMA","classificacao":null,"tipo_infracao":"CONSTRU��O DE PISCINA EM APP ( CORREGO )","item":null,"gravidade":null,"data":"2014-08-27T00:00:00Z","municipio":"Viana","processo":""},"geometry":{"type":"MultiPoint","coordinates":[[-40.46366247,-20.35832226]]}},{"type":"Feature","properties":{"fonte":"IEMA","classificacao":null,"tipo_infracao":"OFICINA DE LANTERNAGEM E PINTURA CAUSANDO POLUI��O ATMOSF�RICA, BAIRRO UNIVERSAL.","item":null,"gravidade":null,"data":"2011-04-15T00:00:00Z","municipio":"Viana","processo":"RR 475/10"},"geometry":{"type":"MultiPoint","coordinates":[[-40.45041506,-20.35839668]]}},{"type":"Feature","properties":{"fonte":"IEMA","classificacao":null,"tipo_infracao":"OFICINA DE LANTERNAGEM E PINTURA CAUSANDO POLUI��O ATMOSF�RICA, BAIRRO UNIVERSAL.","item":null,"gravidade":null,"data":"2013-05-22T00:00:00Z","municipio":"Viana","processo":""},"geometry":{"type":"MultiPoint","coordinates":[[-40.45041506,-20.35839668]]}},{"type":"Feature","properties":{"fonte":"IEMA","classificacao":null,"tipo_infracao":"OFICINA LANTERNAGEM E PINTURA","item":null,"gravidade":null,"data":"2016-05-16T00:00:00Z","municipio":"Viana","processo":""},"geometry":{"type":"MultiPoint","coordinates":[[-40.45041506,-20.35839668]]}},{"type":"Feature","properties":{"fonte":"IEMA","classificacao":null,"tipo_infracao":"BOTA FORA","item":null,"gravidade":null,"data":"2015-07-01T00:00:00Z","municipio":"Cariacica","processo":"AI 10618"},"geometry":{"type":"MultiPoint","coordinates":[[-40.36361235,-20.35907813]]}},{"type":"Feature","properties":{"fonte":"IEMA","classificacao":null,"tipo_infracao":"ACIDENTE DERRAMAMENTO DE POLISOL NO ASFALTO E NO SOLO, BR 262 KM 10","item":null,"gravidade":null,"data":"2013-03-15T00:00:00Z","municipio":"Viana","processo":"AI 07244"},"geometry":{"type":"MultiPoint","coordinates":[[-40.42400628,-20.35855083]]}},{"type":"Feature","properties":{"fonte":"IEMA","classificacao":null,"tipo_infracao":"ATERRO DA DRENAGEM NATURAL DE �GUA PLUVIAL SEM O DEVIDO ESCOAMENTO, EM PADRE GRAMADO.","item":null,"gravidade":null,"data":"2012-09-10T00:00:00Z","municipio":"Cariacica","processo":""},"geometry":{"type":"MultiPoint","coordinates":[[-40.38608249,-20.35868437]]}},{"type":"Feature","properties":{"fonte":"IEMA","classificacao":null,"tipo_infracao":"Remo��o e guarda de ve�culos","item":null,"gravidade":null,"data":"2017-01-06T00:00:00Z","municipio":"Cariacica","processo":"GFI 23/17"},"geometry":{"type":"MultiPoint","coordinates":[[-40.3816759,-20.35868316]]}},{"type":"Feature","properties":{"fonte":"IEMA","classificacao":null,"tipo_infracao":"OFICINA DE LANTERNAGEM E PINTURA POR ASPERS�O SEM LICEN�A AMBIENTAL, BAIRRO UNIVERSAL","item":null,"gravidade":null,"data":"2011-08-29T00:00:00Z","municipio":"Viana","processo":"GFI 10683"},"geometry":{"type":"MultiPoint","coordinates":[[-40.44847758,-20.35813271]]}},{"type":"Feature","properties":{"fonte":"IEMA","classificacao":null,"tipo_infracao":"OFICINA DE LANTERNAGEM E PINTURA POR ASPERS�O SEM LICEN�A AMBIENTAL, BAIRRO UNIVERSAL.","item":null,"gravidade":null,"data":"2012-07-25T00:00:00Z","municipio":"Viana","processo":""},"geometry":{"type":"MultiPoint","coordinates":[[-40.44847758,-20.35813271]]}},{"type":"Feature","properties":{"fonte":"IEMA","classificacao":null,"tipo_infracao":"ATERRO SEM LICEN�A AMBIENTAL, EM VILA RICA.","item":null,"gravidade":null,"data":"2011-03-02T00:00:00Z","municipio":"Cariacica","processo":""},"geometry":{"type":"MultiPoint","coordinates":[[-40.4052863,-20.35835017]]}},{"type":"Feature","properties":{"fonte":"IEMA","classificacao":null,"tipo_infracao":"Movimento de terra","item":null,"gravidade":null,"data":"2017-11-20T00:00:00Z","municipio":"Viana","processo":"RR 491/09"},"geometry":{"type":"MultiPoint","coordinates":[[-40.42151771,-20.35773093]]}},{"type":"Feature","properties":{"fonte":"IEMA","classificacao":null,"tipo_infracao":"ACIDENTE NO RIO JUCI- DERRAME DE RESINA","item":null,"gravidade":null,"data":"2018-05-28T00:00:00Z","municipio":"Viana","processo":"DEN�NCIA 236/18"},"geometry":{"type":"MultiPoint","coordinates":[[-40.41664897,-20.35746333]]}},{"type":"Feature","properties":{"fonte":"IEMA","classificacao":null,"tipo_infracao":"OFICINA DE LANTERNAGEM E PINTURA POR ASPERS�O SEM LICEN�A AMBIENTAL, JARDIM MARIL�NDIA","item":null,"gravidade":null,"data":"2014-03-13T00:00:00Z","municipio":"Vila Velha","processo":"GFI 16336"},"geometry":{"type":"MultiPoint","coordinates":[[-40.34607131,-20.35788619]]}},{"type":"Feature","properties":{"fonte":"IEMA","classificacao":null,"tipo_infracao":"OFICINA DE LANTERNAGEM E PINTURA POR ASPERS�O SEM LICEN�A AMBIENTAL, JARDIM MARIL�NDIA.","item":null,"gravidade":null,"data":"2014-07-24T00:00:00Z","municipio":"Vila Velha","processo":""},"geometry":{"type":"MultiPoint","coordinates":[[-40.34607131,-20.35788619]]}},{"type":"Feature","properties":{"fonte":"IEMA","classificacao":null,"tipo_infracao":"OFICINA DE LANTERNAGEM E PINTURA POR ASPERS�O SEM LICEN�A AMBIENTAL, JARDIM MARIL�NDIA.","item":null,"gravidade":null,"data":"2018-04-20T00:00:00Z","municipio":"Vila Velha","processo":""},"geometry":{"type":"MultiPoint","coordinates":[[-40.34607131,-20.35788619]]}},{"type":"Feature","properties":{"fonte":"IEMA","classificacao":null,"tipo_infracao":"RIO SENDO DESTRU�DO POR PEDREIRA, AV DARLY SANTOS.","item":null,"gravidade":null,"data":"2011-04-08T00:00:00Z","municipio":"Vila Velha","processo":"RR 393/10"},"geometry":{"type":"MultiPoint","coordinates":[[-40.32544707,-20.35796266]]}},{"type":"Feature","properties":{"fonte":"IEMA","classificacao":null,"tipo_infracao":"ESTOCAGEM DE COQUE DE PETR�LEO E RUTILIT EM P�TIO INAPROPRIADO,.","item":null,"gravidade":null,"data":"2011-11-24T00:00:00Z","municipio":"Vila Velha","processo":"RR 691/10"},"geometry":{"type":"MultiPoint","coordinates":[[-40.32571259,-20.35764443]]}},{"type":"Feature","properties":{"fonte":"IEMA","classificacao":null,"tipo_infracao":"Deposi��o inadequada de res�duos","item":null,"gravidade":null,"data":"2019-08-22T00:00:00Z","municipio":"Viana","processo":"DEN�NCIA 761/18"},"geometry":{"type":"MultiPoint","coordinates":[[-40.44266796,-20.35660887]]}},{"type":"Feature","properties":{"fonte":"IEMA","classificacao":null,"tipo_infracao":"Rede de esgoto dom�stico","item":null,"gravidade":null,"data":"2019-01-30T00:00:00Z","municipio":"Viana","processo":"GFI 22/19"},"geometry":{"type":"MultiPoint","coordinates":[[-40.44683223,-20.35632145]]}},{"type":"Feature","properties":{"fonte":"IEMA","classificacao":null,"tipo_infracao":"DISPOSI��O DE LAMA/RES�DUOS ORIUNDOS DA LIMPEZA DO CANAL DE ITAPARICA EM TERRENO NAS PROXIMIDADES DO FORUM E UVV.","item":null,"gravidade":null,"data":"2011-01-27T00:00:00Z","municipio":"Vila Velha","processo":"RR 698/10"},"geometry":{"type":"MultiPoint","coordinates":[[-40.29671986,-20.3559378]]}},{"type":"Feature","properties":{"fonte":"IEMA","classificacao":null,"tipo_infracao":"DISPOSI��O INADEQUADA DE RES�DUOS ORIUNDOS DA LIMPEZA DO CANAL DE ITAPARICA.","item":null,"gravidade":null,"data":"2014-12-10T00:00:00Z","municipio":"Vila Velha","processo":""},"geometry":{"type":"MultiPoint","coordinates":[[-40.29671986,-20.3559378]]}},{"type":"Feature","properties":{"fonte":"IEMA","classificacao":null,"tipo_infracao":"Condom�nio residencial com ETE","item":null,"gravidade":null,"data":"2019-09-05T00:00:00Z","municipio":"Viana","processo":"DEN�NCIA 332/19"},"geometry":{"type":"MultiPoint","coordinates":[[-40.41053431,-20.35501939]]}},{"type":"Feature","properties":{"fonte":"IEMA","classificacao":null,"tipo_infracao":"ETE do condom�nio Vila Safira","item":null,"gravidade":null,"data":"2021-09-20T00:00:00Z","municipio":"Viana","processo":"DEN�NCIA 6639/21"},"geometry":{"type":"MultiPoint","coordinates":[[-40.41005481,-20.35496002]]}},{"type":"Feature","properties":{"fonte":"IEMA","classificacao":null,"tipo_infracao":"ATERRO DE RES�DUOS CLASSE I EM CIMA DO MORRO CONTAMINANDO PO�OS AO REDOR","item":null,"gravidade":null,"data":"2011-03-04T00:00:00Z","municipio":"Cariacica","processo":"GFI 10411"},"geometry":{"type":"MultiPoint","coordinates":[[-40.36318449,-20.35507924]]}},{"type":"Feature","properties":{"fonte":"IEMA","classificacao":null,"tipo_infracao":"ATERRO E LAN�AMENTO DE RES�DUOS DE FORMA INADEQUADA EM �REA SIM LICENCIADA, ROD BR 262 KM 3, TREVO DE ALTO LAJE.","item":null,"gravidade":null,"data":"2011-10-24T00:00:00Z","municipio":"Cariacica","processo":""},"geometry":{"type":"MultiPoint","coordinates":[[-40.40462053,-20.35464245]]}},{"type":"Feature","properties":{"fonte":"IEMA","classificacao":null,"tipo_infracao":"DEGRADA��O AMBIENTAL OCASIONADA POR ATERRO DE UMA MINA PARA FAZER ESTRADA DE ASFALTO, EM CANAA","item":null,"gravidade":null,"data":"2010-01-05T00:00:00Z","municipio":"Viana","processo":"Prot. 02742/09"},"geometry":{"type":"MultiPoint","coordinates":[[-40.4398576,-20.35414767]]}},{"type":"Feature","properties":{"fonte":"IEMA","classificacao":null,"tipo_infracao":"CONTRU��O DE OBRAS(CASA E MURO) EM APP, SEM LICEN�A AMBIENTAL E PRAD","item":null,"gravidade":null,"data":"2013-06-26T00:00:00Z","municipio":"Cariacica","processo":"GFI 490/13"},"geometry":{"type":"MultiPoint","coordinates":[[-40.92615966,-20.34938858]]}},{"type":"Feature","properties":{"fonte":"IEMA","classificacao":null,"tipo_infracao":"CATIVEIRO DE ANIMAIS SILVESTRE","item":null,"gravidade":null,"data":"2013-06-27T00:00:00Z","municipio":"Vila Velha","processo":"GFI 518/13"},"geometry":{"type":"MultiPoint","coordinates":[[-40.29975955,-20.35514726]]}},{"type":"Feature","properties":{"fonte":"IEMA","classificacao":null,"tipo_infracao":"FABRICA��O DE ARTEFATOS EM GESSO SEM LICEN�A AMBIENTAL, PARQUE RESIDENCIAL MARACAN�.","item":null,"gravidade":null,"data":"2011-11-30T00:00:00Z","municipio":"Cariacica","processo":""},"geometry":{"type":"MultiPoint","coordinates":[[-40.37411453,-20.3539998]]}},{"type":"Feature","properties":{"fonte":"IEMA","classificacao":null,"tipo_infracao":"ACIDENTE: DERRAME DE �LEO NA MARGEM DA RODOVIA CARLOS LINDEMNERG","item":null,"gravidade":null,"data":"2013-08-07T00:00:00Z","municipio":"Vila Velha","processo":"AI 07249"},"geometry":{"type":"MultiPoint","coordinates":[[-40.33325059,-20.35416298]]}},{"type":"Feature","properties":{"fonte":"IEMA","classificacao":null,"tipo_infracao":"ACIDENTE: DERRAME DE �LEO NA MARGEM DA RODOVIA CARLOS LINDEMNERG .","item":null,"gravidade":null,"data":"2013-10-07T00:00:00Z","municipio":"Vila Velha","processo":""},"geometry":{"type":"MultiPoint","coordinates":[[-40.33325059,-20.35416298]]}},{"type":"Feature","properties":{"fonte":"IEMA","classificacao":null,"tipo_infracao":"DEP�SITO DE AREIA ACUMULANDO MUITA SUJEIRA, EM JARDIM ITAPU�.","item":null,"gravidade":null,"data":"2013-01-02T00:00:00Z","municipio":"Vila Velha","processo":""},"geometry":{"type":"MultiPoint","coordinates":[[-40.29435952,-20.35433812]]}},{"type":"Feature","properties":{"fonte":"IEMA","classificacao":null,"tipo_infracao":"Deposi��o inadequada de res�duos","item":null,"gravidade":null,"data":"2019-07-25T00:00:00Z","municipio":"Vila Velha","processo":"DEN�NCIA 10/19, DEN�NCIA 11/19"},"geometry":{"type":"MultiPoint","coordinates":[[-40.29582367,-20.35415561]]}},{"type":"Feature","properties":{"fonte":"IEMA","classificacao":null,"tipo_infracao":"POLIMENTO DE PEDRAS SEM LICEN�A AMBIENTAL RUA MARIA DO AMOR DIVINO 450.","item":null,"gravidade":null,"data":"2011-01-20T00:00:00Z","municipio":"Vila Velha","processo":""},"geometry":{"type":"MultiPoint","coordinates":[[-40.33818053,-20.35376389]]}},{"type":"Feature","properties":{"fonte":"IEMA","classificacao":null,"tipo_infracao":"FABRICA��O DE GESSO SEM LICEN�A AMBIENTAL, EM VILA BETHANIA","item":null,"gravidade":null,"data":"2012-03-30T00:00:00Z","municipio":"Viana","processo":"AI E AE/I 05172"},"geometry":{"type":"MultiPoint","coordinates":[[-40.40994057,-20.35292824]]}},{"type":"Feature","properties":{"fonte":"IEMA","classificacao":null,"tipo_infracao":"FABRICA��O DE GESSO OPERANDO SEM LICEN�A AMBIENTAL E PROMOVENDO A DISPOSI��O DOS RES�DUOS GERADOS EM APP � MARGEM DO RIO FORMATE, EM VILA BETHANIA.","item":null,"gravidade":null,"data":"2014-01-13T00:00:00Z","municipio":"Viana","processo":""},"geometry":{"type":"MultiPoint","coordinates":[[-40.40994057,-20.35292824]]}},{"type":"Feature","properties":{"fonte":"IEMA","classificacao":null,"tipo_infracao":"FABRICA��O DE GESSO SEM LICEN�A AMBIENTAL, EM VILA BETHANIA.","item":null,"gravidade":null,"data":"2014-12-19T00:00:00Z","municipio":"Viana","processo":""},"geometry":{"type":"MultiPoint","coordinates":[[-40.40994057,-20.35292824]]}},{"type":"Feature","properties":{"fonte":"IEMA","classificacao":null,"tipo_infracao":"CAPTURA DE ANIMAIS","item":null,"gravidade":null,"data":"2013-07-01T00:00:00Z","municipio":"Vila Velha","processo":"GFI 535/13"},"geometry":{"type":"MultiPoint","coordinates":[[-40.30841608,-20.35360999]]}},{"type":"Feature","properties":{"fonte":"IEMA","classificacao":null,"tipo_infracao":"MARCENARIA SEM LICEN�A AMBIENTAL, EM MORADA DE CAMPO GRANDE.","item":null,"gravidade":null,"data":"2009-10-14T00:00:00Z","municipio":"Cariacica","processo":""},"geometry":{"type":"MultiPoint","coordinates":[[-40.38772668,-20.35293452]]}},{"type":"Feature","properties":{"fonte":"IEMA","classificacao":null,"tipo_infracao":"FABRICA DE GESSO COM DEPOSITO DE RESIDUOS SOLIDOS EM APP","item":null,"gravidade":null,"data":"2018-01-22T00:00:00Z","municipio":"Viana","processo":""},"geometry":{"type":"MultiPoint","coordinates":[[-40.4099865,-20.35271105]]}},{"type":"Feature","properties":{"fonte":"IEMA","classificacao":null,"tipo_infracao":"�rea verde urbana","item":null,"gravidade":null,"data":"2019-09-24T00:00:00Z","municipio":"Cariacica","processo":"OGE 2019090143"},"geometry":{"type":"MultiPoint","coordinates":[[-40.39377953,-20.35280501]]}},{"type":"Feature","properties":{"fonte":"IEMA","classificacao":null,"tipo_infracao":"LAVA JATO","item":null,"gravidade":null,"data":"2015-12-21T00:00:00Z","municipio":"Vila Velha","processo":"AI 11556"},"geometry":{"type":"MultiPoint","coordinates":[[-40.35220874,-20.35313184]]}},{"type":"Feature","properties":{"fonte":"IEMA","classificacao":null,"tipo_infracao":"INSTALA��O DE LAVA JATO","item":null,"gravidade":null,"data":"2015-12-23T00:00:00Z","municipio":"Vila Velha","processo":"AI 11556"},"geometry":{"type":"MultiPoint","coordinates":[[-40.35220874,-20.35313184]]}},{"type":"Feature","properties":{"fonte":"IEMA","classificacao":null,"tipo_infracao":"INSTALA��O DE LAVA JATO - COBILANDIA","item":null,"gravidade":null,"data":"2017-01-03T00:00:00Z","municipio":"Vila Velha","processo":""},"geometry":{"type":"MultiPoint","coordinates":[[-40.35220874,-20.35313184]]}},{"type":"Feature","properties":{"fonte":"IEMA","classificacao":null,"tipo_infracao":"DENUNCIA REFERENTE A UMA PEDREIRA, NO BAIRRO COACAS.","item":null,"gravidade":null,"data":"2012-04-05T00:00:00Z","municipio":"Viana","processo":"PROT. 06338/10"},"geometry":{"type":"MultiPoint","coordinates":[[-40.4676261,-20.35201032]]}},{"type":"Feature","properties":{"fonte":"IEMA","classificacao":null,"tipo_infracao":"FERRO VELHO SEM LICEN�A AMBIENTAL","item":null,"gravidade":null,"data":"2014-03-21T00:00:00Z","municipio":"Vila Velha","processo":""},"geometry":{"type":"MultiPoint","coordinates":[[-40.35196691,-20.35286268]]}},{"type":"Feature","properties":{"fonte":"IEMA","classificacao":null,"tipo_infracao":"Armazenamento e triagem de res�duos","item":null,"gravidade":null,"data":"2016-01-22T00:00:00Z","municipio":"Viana","processo":""},"geometry":{"type":"MultiPoint","coordinates":[[-40.41024175,-20.35233858]]}},{"type":"Feature","properties":{"fonte":"IEMA","classificacao":null,"tipo_infracao":"Dep�sito de res�duos recicl�veis","item":null,"gravidade":null,"data":"2016-07-19T00:00:00Z","municipio":"Viana","processo":""},"geometry":{"type":"MultiPoint","coordinates":[[-40.41024175,-20.35233858]]}},{"type":"Feature","properties":{"fonte":"IEMA","classificacao":null,"tipo_infracao":"EMPRESA DE TRANSPORTES URBANOS COM SERVI�OS DE MANUTEN��O E LAVAGEM DE VEICULOS SEM LICEN�A AMBIENTAL, EM MARCILIO DE NORONHA.","item":null,"gravidade":null,"data":"2009-07-28T00:00:00Z","municipio":"Viana","processo":""},"geometry":{"type":"MultiPoint","coordinates":[[-40.4225668,-20.3519947]]}},{"type":"Feature","properties":{"fonte":"IEMA","classificacao":null,"tipo_infracao":"F�BRICA DE COSM�TICOS SEM LICEN�A AMBIENTAL, EM ROSA DA PENHA","item":null,"gravidade":null,"data":"2013-06-24T00:00:00Z","municipio":"Cariacica","processo":"AI 8205"},"geometry":{"type":"MultiPoint","coordinates":[[-40.38452047,-20.35217399]]}},{"type":"Feature","properties":{"fonte":"IEMA","classificacao":null,"tipo_infracao":"F�BRICA DE COSM�TICOS SEM LICEN�A AMBIENTAL, EM ROSA DA PENHA.","item":null,"gravidade":null,"data":"2014-01-28T00:00:00Z","municipio":"Cariacica","processo":""},"geometry":{"type":"MultiPoint","coordinates":[[-40.38452047,-20.35217399]]}},{"type":"Feature","properties":{"fonte":"IEMA","classificacao":null,"tipo_infracao":"DEPOSITO E COMERCIALIZA��O DE AREIA E BRITA","item":null,"gravidade":null,"data":"2010-10-06T00:00:00Z","municipio":"Vila Velha","processo":"AI/ 05976"},"geometry":{"type":"MultiPoint","coordinates":[[-40.34550639,-20.35238858]]}},{"type":"Feature","properties":{"fonte":"IEMA","classificacao":null,"tipo_infracao":"DEPOSITO E COMERCIALIZA��O DE AREIA E BRITA","item":null,"gravidade":null,"data":"2011-08-04T00:00:00Z","municipio":"Vila Velha","processo":""},"geometry":{"type":"MultiPoint","coordinates":[[-40.34550639,-20.35238858]]}},{"type":"Feature","properties":{"fonte":"IEMA","classificacao":null,"tipo_infracao":"DISPOSI��O E RECICLAGEM DE RES�DUOS S�LIDOS EM APP, RUA SANTA HELENA, VILA BETHANIA.","item":null,"gravidade":null,"data":"2012-03-20T00:00:00Z","municipio":"Viana","processo":""},"geometry":{"type":"MultiPoint","coordinates":[[-40.40974875,-20.35184568]]}},{"type":"Feature","properties":{"fonte":"IEMA","classificacao":null,"tipo_infracao":"SOLICITA VISTORIA T�CNICA NA AREA DE PRESERVA��O PERMANENTE CORPO HIDRICO/NASCENTE NA LOCALIDADE DA BR 101, KM 071, BAIRRO VILA BETHANIA.","item":null,"gravidade":null,"data":"2013-10-02T00:00:00Z","municipio":"Viana","processo":"PROT. 18338/13"},"geometry":{"type":"MultiPoint","coordinates":[[-40.41198802,-20.35160174]]}},{"type":"Feature","properties":{"fonte":"IEMA","classificacao":null,"tipo_infracao":"TERRAPLANAGEM COM INTERFER�NCIA EM APP, BR 101 KM 07, VILA BET�NIA","item":null,"gravidade":null,"data":"2013-10-03T00:00:00Z","municipio":"Viana","processo":"AI E AE/I 10366"},"geometry":{"type":"MultiPoint","coordinates":[[-40.41198802,-20.35160174]]}},{"type":"Feature","properties":{"fonte":"IEMA","classificacao":null,"tipo_infracao":"TERRAPLANAGEM COM INTERFER�NCIA EM APP, BR 101 KM 07, VILA BET�NIA.","item":null,"gravidade":null,"data":"2014-07-21T00:00:00Z","municipio":"Viana","processo":""},"geometry":{"type":"MultiPoint","coordinates":[[-40.41198802,-20.35160174]]}},{"type":"Feature","properties":{"fonte":"IEMA","classificacao":null,"tipo_infracao":"FUNCIONAMENTO DE LAVA JATO SEM LICENCA AMBIENTAL","item":null,"gravidade":null,"data":"2010-07-12T00:00:00Z","municipio":"Cariacica","processo":"AI/ 0905"},"geometry":{"type":"MultiPoint","coordinates":[[-40.38437293,-20.35174151]]}},{"type":"Feature","properties":{"fonte":"IEMA","classificacao":null,"tipo_infracao":"LAVA JATO SEM LICEN�A AMBIENTAL, EM ROSA DA PENHA.","item":null,"gravidade":null,"data":"2013-04-26T00:00:00Z","municipio":"Cariacica","processo":""},"geometry":{"type":"MultiPoint","coordinates":[[-40.38437293,-20.35174151]]}},{"type":"Feature","properties":{"fonte":"IEMA","classificacao":null,"tipo_infracao":"LAVA JATO SEM LICEN�A","item":null,"gravidade":null,"data":"2016-06-02T00:00:00Z","municipio":"Cariacica","processo":""},"geometry":{"type":"MultiPoint","coordinates":[[-40.38437293,-20.35174151]]}},{"type":"Feature","properties":{"fonte":"IEMA","classificacao":null,"tipo_infracao":"FUNCIONAMENTO DE MARCENARIA, FABRICA��O DE M�VEIS DE MADEIRA SEM LICEN�A AMBIENTAL, BAIRRO INDUSTRIAL","item":null,"gravidade":null,"data":"2011-06-21T00:00:00Z","municipio":"Vila Velha","processo":"AI 03228"},"geometry":{"type":"MultiPoint","coordinates":[[-40.34255436,-20.35109227]]}},{"type":"Feature","properties":{"fonte":"IEMA","classificacao":null,"tipo_infracao":"FUNCIONAMENTO DE MARCENARIA, FABRICA��O DE M�VEIS DE MADEIRA SEM LICEN�A AMBIENTAL, BAIRRO INDUSTRIAL.","item":null,"gravidade":null,"data":"2013-01-02T00:00:00Z","municipio":"Vila Velha","processo":""},"geometry":{"type":"MultiPoint","coordinates":[[-40.34255436,-20.35109227]]}},{"type":"Feature","properties":{"fonte":"IEMA","classificacao":null,"tipo_infracao":"MARMORARIA COM CHAMIN� CAUSANDO POLUI��O ATMOSF�RICA, BAIRRO PLANALTO","item":null,"gravidade":null,"data":"2012-03-16T00:00:00Z","municipio":"Vila Velha","processo":"GFI 173/10"},"geometry":{"type":"MultiPoint","coordinates":[[-40.33789872,-20.35107379]]}},{"type":"Feature","properties":{"fonte":"IEMA","classificacao":null,"tipo_infracao":"MARMORARIA COM CHAMIN� CAUSANDO POLUI��O ATMOSF�RICA, BAIRRO PLANALTO.","item":null,"gravidade":null,"data":"2013-02-20T00:00:00Z","municipio":"Vila Velha","processo":""},"geometry":{"type":"MultiPoint","coordinates":[[-40.33789872,-20.35107379]]}},{"type":"Feature","properties":{"fonte":"IEMA","classificacao":null,"tipo_infracao":"F�BRICA DE PR� MOLDADOS SEM LICEN�A AMBIENTAL","item":null,"gravidade":null,"data":"2016-04-19T00:00:00Z","municipio":"Vila Velha","processo":""},"geometry":{"type":"MultiPoint","coordinates":[[-40.31065564,-20.35109966]]}},{"type":"Feature","properties":{"fonte":"IEMA","classificacao":null,"tipo_infracao":"f�brrica de pr� moldados","item":null,"gravidade":null,"data":"2017-05-19T00:00:00Z","municipio":"Vila Velha","processo":""},"geometry":{"type":"MultiPoint","coordinates":[[-40.31065564,-20.35109966]]}},{"type":"Feature","properties":{"fonte":"IEMA","classificacao":null,"tipo_infracao":"DEFESA CONTRA AM 104/11 REFERENTE PROCESSO ADM 37978829.","item":null,"gravidade":null,"data":"2017-05-19T00:00:00Z","municipio":"Vila Velha","processo":""},"geometry":{"type":"MultiPoint","coordinates":[[-40.31065564,-20.35109966]]}},{"type":"Feature","properties":{"fonte":"IEMA","classificacao":null,"tipo_infracao":"TRANSPORTE E COMERCIO ACIDENTE RODOVI�RIO COM TOMBAMENITO DE CARRETA, BAIRRO CAXIAS DO SUL","item":null,"gravidade":null,"data":"2015-01-09T00:00:00Z","municipio":"Viana","processo":"AI 11272"},"geometry":{"type":"MultiPoint","coordinates":[[-41.11433975,-20.34316541]]}},{"type":"Feature","properties":{"fonte":"IEMA","classificacao":null,"tipo_infracao":"Lava Jato com rampa","item":null,"gravidade":null,"data":"2015-06-09T00:00:00Z","municipio":"Vila Velha","processo":"AI 11410"},"geometry":{"type":"MultiPoint","coordinates":[[-40.31049082,-20.350866]]}},{"type":"Feature","properties":{"fonte":"IEMA","classificacao":null,"tipo_infracao":"CAMINH�ES JOGANDO LIXO NO CASAR�O CAUSANDO INSETOS E BICHOS MORTOS, EM MARC�LIO DE NORONHA.","item":null,"gravidade":null,"data":"2011-12-22T00:00:00Z","municipio":"Viana","processo":"PROT. 21143/10"},"geometry":{"type":"MultiPoint","coordinates":[[-40.42691556,-20.34989943]]}},{"type":"Feature","properties":{"fonte":"IEMA","classificacao":null,"tipo_infracao":"DEPOSI��O E QUEIMA DE RES�DUOS S�LIDOS, EM SOTECO.","item":null,"gravidade":null,"data":"2012-12-12T00:00:00Z","municipio":"Vila Velha","processo":"RR 428/10"},"geometry":{"type":"MultiPoint","coordinates":[[-40.30233757,-20.35071016]]}},{"type":"Feature","properties":{"fonte":"IEMA","classificacao":null,"tipo_infracao":"DEPOSI��O E QUEIMA DE RES�DUOS S�LIDOS, EM SOTECO.","item":null,"gravidade":null,"data":"2013-11-18T00:00:00Z","municipio":"Vila Velha","processo":""},"geometry":{"type":"MultiPoint","coordinates":[[-40.30233757,-20.35071016]]}},{"type":"Feature","properties":{"fonte":"IEMA","classificacao":null,"tipo_infracao":"SOLICITAM VISTORIA ME CONJUNTO PARA VERIFICAR DISPOSI��O INADEQUADA DE RES�DUOS S�LIDOS EM PRA�A, EM MARC�LIO DE NORONHA","item":null,"gravidade":null,"data":"2013-11-22T00:00:00Z","municipio":"Viana","processo":"GFI 548/13"},"geometry":{"type":"MultiPoint","coordinates":[[-40.42629008,-20.34958834]]}},{"type":"Feature","properties":{"fonte":"IEMA","classificacao":null,"tipo_infracao":"SOLICITAM VISTORIA ME CONJUNTO PARA VERIFICAR DISPOSI��O INADEQUADA DE RES�DUOS S�LIDOS EM PRA�A, EM MARC�LIO DE NORONHA.","item":null,"gravidade":null,"data":"2014-08-28T00:00:00Z","municipio":"Viana","processo":""},"geometry":{"type":"MultiPoint","coordinates":[[-40.42629008,-20.34958834]]}},{"type":"Feature","properties":{"fonte":"IEMA","classificacao":null,"tipo_infracao":"Fabrica de moveis","item":null,"gravidade":null,"data":"2015-06-23T00:00:00Z","municipio":"Vila Velha","processo":""},"geometry":{"type":"MultiPoint","coordinates":[[-40.30593777,-20.35052066]]}},{"type":"Feature","properties":{"fonte":"IEMA","classificacao":null,"tipo_infracao":"PRODU��O DE AGUARDENTE SEM LICEN�A AMBIENTAL, BAIRRO PLANALTO.","item":null,"gravidade":null,"data":"2011-05-20T00:00:00Z","municipio":"Vila Velha","processo":""},"geometry":{"type":"MultiPoint","coordinates":[[-40.34042986,-20.35022321]]}},{"type":"Feature","properties":{"fonte":"IEMA","classificacao":null,"tipo_infracao":"AMPLIA��O DE RESID�NCIA E PRESEN�A DE ENTULHO EM DIRE��O A APP DO RIO MARINHO","item":null,"gravidade":null,"data":"2012-03-30T00:00:00Z","municipio":"Vila Velha","processo":"AI E AE/I 05516"},"geometry":{"type":"MultiPoint","coordinates":[[-40.35705742,-20.35002254]]}},{"type":"Feature","properties":{"fonte":"IEMA","classificacao":null,"tipo_infracao":"AMPLIA��O DE RESID�NCIA E PRESEN�A DE ENTULHO EM DIRE��O A APP DO RIO MARINHO.","item":null,"gravidade":null,"data":"2012-06-22T00:00:00Z","municipio":"Vila Velha","processo":""},"geometry":{"type":"MultiPoint","coordinates":[[-40.35705742,-20.35002254]]}},{"type":"Feature","properties":{"fonte":"IEMA","classificacao":null,"tipo_infracao":"F�BRICA DE M�VEIS DE MADEIRA SEM LICEN�A AMBIENTAL, EM ROSA DA PENHA.","item":null,"gravidade":null,"data":"2014-11-13T00:00:00Z","municipio":"Cariacica","processo":""},"geometry":{"type":"MultiPoint","coordinates":[[-40.38377134,-20.3498039]]}},{"type":"Feature","properties":{"fonte":"IEMA","classificacao":null,"tipo_infracao":"RESID�NCIA DE MAIOR PORTE ENTRE DOIS CURSOS H�DRICOS NO RIO MARINHO, EM COBIL�NDIA","item":null,"gravidade":null,"data":"2012-08-24T00:00:00Z","municipio":"Vila Velha","processo":"AI 05517"},"geometry":{"type":"MultiPoint","coordinates":[[-40.3569515,-20.34996012]]}},{"type":"Feature","properties":{"fonte":"IEMA","classificacao":null,"tipo_infracao":"LAVA JATO E OFICINA MECANICA","item":null,"gravidade":null,"data":"2010-05-06T00:00:00Z","municipio":"Vila Velha","processo":"AI E TE/ 1659"},"geometry":{"type":"MultiPoint","coordinates":[[-40.28644322,-20.35043043]]}},{"type":"Feature","properties":{"fonte":"IEMA","classificacao":null,"tipo_infracao":"TERRAPLANAGEM COM SUPRESS�O DE VEGETA��O E ATERRO SEM LICEN�A AMBIENTAL, EM BOA VISTA","item":null,"gravidade":null,"data":"2014-07-03T00:00:00Z","municipio":"Vila Velha","processo":"AI E AE/I 7956"},"geometry":{"type":"MultiPoint","coordinates":[[-40.30218919,-20.35015113]]}},{"type":"Feature","properties":{"fonte":"IEMA","classificacao":null,"tipo_infracao":"EXPANS�O DE MORADIA EM APP DO RIO MARINHO","item":null,"gravidade":null,"data":"2012-03-22T00:00:00Z","municipio":"Vila Velha","processo":"AI 05515"},"geometry":{"type":"MultiPoint","coordinates":[[-40.35691011,-20.3496081]]}},{"type":"Feature","properties":{"fonte":"IEMA","classificacao":null,"tipo_infracao":"CONTAMINA��O NO RIO FORMATE","item":null,"gravidade":null,"data":"2018-04-26T00:00:00Z","municipio":"Viana","processo":"PROT. 7092/18"},"geometry":{"type":"MultiPoint","coordinates":[[-40.41228781,-20.34875353]]}},{"type":"Feature","properties":{"fonte":"IEMA","classificacao":null,"tipo_infracao":"MORTALIDADE DE PEIXES NO RIO VILA RICA CARIACICA X VIANA ES","item":null,"gravidade":null,"data":"2014-12-11T00:00:00Z","municipio":"Cariacica","processo":"GFI 53/14"},"geometry":{"type":"MultiPoint","coordinates":[[-40.41158853,-20.34875015]]}},{"type":"Feature","properties":{"fonte":"IEMA","classificacao":null,"tipo_infracao":"CRIA��O DE PORCOS, DE FORMA IRREGULAR","item":null,"gravidade":null,"data":"2011-08-11T00:00:00Z","municipio":"Vila Velha","processo":"RR 278/10"},"geometry":{"type":"MultiPoint","coordinates":[[-40.33092898,-20.34929304]]}},{"type":"Feature","properties":{"fonte":"IEMA","classificacao":null,"tipo_infracao":"CRIA��O DE PORCOS, DE FORMA IRREGULAR","item":null,"gravidade":null,"data":"2012-12-21T00:00:00Z","municipio":"Vila Velha","processo":""},"geometry":{"type":"MultiPoint","coordinates":[[-40.33092898,-20.34929304]]}},{"type":"Feature","properties":{"fonte":"IEMA","classificacao":null,"tipo_infracao":"MARCENARIA SEM LICEN�A AMBIENTAL, EM ROSA DA PENHA","item":null,"gravidade":null,"data":"2012-05-11T00:00:00Z","municipio":"Cariacica","processo":"GFI 11460"},"geometry":{"type":"MultiPoint","coordinates":[[-40.38032439,-20.3488916]]}},{"type":"Feature","properties":{"fonte":"IEMA","classificacao":null,"tipo_infracao":"MARCENARIA SEM LICEN�A AMBIENTAL, EM ROSA DA PENHA.","item":null,"gravidade":null,"data":"2012-09-05T00:00:00Z","municipio":"Cariacica","processo":""},"geometry":{"type":"MultiPoint","coordinates":[[-40.38032439,-20.3488916]]}},{"type":"Feature","properties":{"fonte":"IEMA","classificacao":null,"tipo_infracao":"ENTULHO DE CONSTRU��O C�VIL �S MARGENS DO RIO MARINHO","item":null,"gravidade":null,"data":"2012-03-30T00:00:00Z","municipio":"Vila Velha","processo":"AI 05518"},"geometry":{"type":"MultiPoint","coordinates":[[-40.35653951,-20.34885209]]}},{"type":"Feature","properties":{"fonte":"IEMA","classificacao":null,"tipo_infracao":"ENTULHO DE CONSTRU��O C�VIL �S MARGENS DO RIO MARINHO.","item":null,"gravidade":null,"data":"2012-09-14T00:00:00Z","municipio":"Vila Velha","processo":""},"geometry":{"type":"MultiPoint","coordinates":[[-40.35653951,-20.34885209]]}},{"type":"Feature","properties":{"fonte":"IEMA","classificacao":null,"tipo_infracao":"CAPTURA DE ANIMAIS","item":null,"gravidade":null,"data":"2013-07-01T00:00:00Z","municipio":"Vila Velha","processo":"GFI 534/13"},"geometry":{"type":"MultiPoint","coordinates":[[-40.29199928,-20.3492872]]}},{"type":"Feature","properties":{"fonte":"IEMA","classificacao":null,"tipo_infracao":"MOVIMENTA��O DE TERRA E ATERRO EM APP, EM PIAPITANGUI.","item":null,"gravidade":null,"data":"2011-11-18T00:00:00Z","municipio":"Viana","processo":"RR 134/11"},"geometry":{"type":"MultiPoint","coordinates":[[-40.4806155,-20.34704037]]}},{"type":"Feature","properties":{"fonte":"IEMA","classificacao":null,"tipo_infracao":"BENEFICIAMENTO DE ROCHAS ORNAMENTAIS SEM LICEN�A AMBIENTAL, BAIRRO SOTECO.","item":null,"gravidade":null,"data":"2013-06-17T00:00:00Z","municipio":"Vila Velha","processo":""},"geometry":{"type":"MultiPoint","coordinates":[[-40.30177168,-20.34833829]]}},{"type":"Feature","properties":{"fonte":"IEMA","classificacao":null,"tipo_infracao":"DEGRADA��O AMBIENTAL E CONTAMINA��O DE NASCENTE, RODOVIA LINDENBERG","item":null,"gravidade":null,"data":"2011-06-30T00:00:00Z","municipio":"Vila Velha","processo":"Prot. 16180/10 A"},"geometry":{"type":"MultiPoint","coordinates":[[-40.32295895,-20.34814297]]}},{"type":"Feature","properties":{"fonte":"IEMA","classificacao":null,"tipo_infracao":"DEGRADA��O AMBIENTAL E CONTAMINA��O DE NASCENTE, RODOVIA LINDENBERG.","item":null,"gravidade":null,"data":"2013-09-18T00:00:00Z","municipio":"Vila Velha","processo":""},"geometry":{"type":"MultiPoint","coordinates":[[-40.32295895,-20.34814297]]}},{"type":"Feature","properties":{"fonte":"IEMA","classificacao":null,"tipo_infracao":"LANTERNAGEM E PINTURA SEM LICEN�A AMBIENTAL, EM VILA GARRIDO.","item":null,"gravidade":null,"data":"2012-05-11T00:00:00Z","municipio":"Vila Velha","processo":""},"geometry":{"type":"MultiPoint","coordinates":[[-40.34134897,-20.34683728]]}},{"type":"Feature","properties":{"fonte":"IEMA","classificacao":null,"tipo_infracao":"ATIVIDADE DE BENEFICIAMENTO DE ARGILA SEM LICEN�A AMBIENTAL, EM S�O CONRADO","item":null,"gravidade":null,"data":"2011-02-16T00:00:00Z","municipio":"Cariacica","processo":"AI 04326"},"geometry":{"type":"MultiPoint","coordinates":[[-40.3721998,-20.34653441]]}},{"type":"Feature","properties":{"fonte":"IEMA","classificacao":null,"tipo_infracao":"ATIVIDADE DE BENEFICIAMENTO DE ARGILA SEM LICEN�A AMBIENTAL, EM S�O CONRADO.","item":null,"gravidade":null,"data":"2011-06-16T00:00:00Z","municipio":"Cariacica","processo":""},"geometry":{"type":"MultiPoint","coordinates":[[-40.3721998,-20.34653441]]}},{"type":"Feature","properties":{"fonte":"IEMA","classificacao":null,"tipo_infracao":"PASSAROS SILVESTRE EM CATIVEIRO","item":null,"gravidade":null,"data":"2013-10-03T00:00:00Z","municipio":"Viana","processo":"GFI 723/13"},"geometry":{"type":"MultiPoint","coordinates":[[-40.42416968,-20.34607327]]}},{"type":"Feature","properties":{"fonte":"IEMA","classificacao":null,"tipo_infracao":"PASS�ROS EM CATIVEIRO SEM AUTORIZA��O","item":null,"gravidade":null,"data":"2013-04-25T00:00:00Z","municipio":"Vila Velha","processo":"GFI 413/13"},"geometry":{"type":"MultiPoint","coordinates":[[-40.34640096,-20.34618407]]}},{"type":"Feature","properties":{"fonte":"IEMA","classificacao":null,"tipo_infracao":"Remo��o e guarda de ve�culos","item":null,"gravidade":null,"data":"2017-01-06T00:00:00Z","municipio":"Vila Velha","processo":"GFI 21/17"},"geometry":{"type":"MultiPoint","coordinates":[[-40.32141946,-20.34621221]]}},{"type":"Feature","properties":{"fonte":"IEMA","classificacao":null,"tipo_infracao":"DESMEMBRAMENTO DE TERRENO EM �REA URBANA SEM LICEN�A AMBIENTAL, EM S�O GERALDO","item":null,"gravidade":null,"data":"2014-12-02T00:00:00Z","municipio":"Cariacica","processo":"GFI 15122"},"geometry":{"type":"MultiPoint","coordinates":[[-40.38057342,-20.34565535]]}},{"type":"Feature","properties":{"fonte":"IEMA","classificacao":null,"tipo_infracao":"DESMEMBRAMENTO DE TERRENO EM �REA URBANA SEM LICEN�A AMBIENTAL, EM S�O GERALDO.","item":null,"gravidade":null,"data":"2014-12-29T00:00:00Z","municipio":"Cariacica","processo":""},"geometry":{"type":"MultiPoint","coordinates":[[-40.38057342,-20.34565535]]}},{"type":"Feature","properties":{"fonte":"IEMA","classificacao":null,"tipo_infracao":"�REA NOS FUNDOS DA EMPRESA SENDO UTILIZADA COMO DEP�SITO DE LIXO E RESTOS DE ANIMAIS MORTOS, BAIRRO INDUSTRIAL.","item":null,"gravidade":null,"data":"2011-04-15T00:00:00Z","municipio":"Viana","processo":"RR 437/10"},"geometry":{"type":"MultiPoint","coordinates":[[-40.41798336,-20.34518404]]}},{"type":"Feature","properties":{"fonte":"IEMA","classificacao":null,"tipo_infracao":"�REA NOS FUNDOS DA EMPRESA SENDO UTILIZADA COMO DEP�SITO DE LIXO E RESTOS DE ANIMAIS MORTOS, BAIRRO INDUSTRIAL.","item":null,"gravidade":null,"data":"2012-12-21T00:00:00Z","municipio":"Viana","processo":""},"geometry":{"type":"MultiPoint","coordinates":[[-40.41798336,-20.34518404]]}},{"type":"Feature","properties":{"fonte":"IEMA","classificacao":null,"tipo_infracao":"POSTO DE GASOLINA E LAVAJATO","item":null,"gravidade":null,"data":"2009-11-09T00:00:00Z","municipio":"Vila Velha","processo":"AI/ 03322"},"geometry":{"type":"MultiPoint","coordinates":[[-40.35383944,-20.34569293]]}},{"type":"Feature","properties":{"fonte":"IEMA","classificacao":null,"tipo_infracao":"POSTO DE GASOLINA E LAVAJATO","item":null,"gravidade":null,"data":"2010-04-15T00:00:00Z","municipio":"Vila Velha","processo":""},"geometry":{"type":"MultiPoint","coordinates":[[-40.35383944,-20.34569293]]}},{"type":"Feature","properties":{"fonte":"IEMA","classificacao":null,"tipo_infracao":"BENEFICIAMENTO DE CARNE SU�NA SEM LICEN�A AMBIENTAL, RUA DOM PEDRO II, ROSA DA PENHA.","item":null,"gravidade":null,"data":"2009-06-26T00:00:00Z","municipio":"Cariacica","processo":""},"geometry":{"type":"MultiPoint","coordinates":[[-40.38286024,-20.34537526]]}},{"type":"Feature","properties":{"fonte":"IEMA","classificacao":null,"tipo_infracao":"FABRICA��O DE ESTRUTURAS MET�LICAS SEM LICEN�A AMBIENTAL, EM SANTA IN�S","item":null,"gravidade":null,"data":"2012-07-27T00:00:00Z","municipio":"Vila Velha","processo":"AI 06532"},"geometry":{"type":"MultiPoint","coordinates":[[-40.31046518,-20.34555389]]}},{"type":"Feature","properties":{"fonte":"IEMA","classificacao":null,"tipo_infracao":"FABRICA��O DE ESTRUTURAS MET�LICAS SEM LICEN�A AMBIENTAL, EM SANTA IN�S.","item":null,"gravidade":null,"data":"2013-01-30T00:00:00Z","municipio":"Vila Velha","processo":""},"geometry":{"type":"MultiPoint","coordinates":[[-40.31046518,-20.34555389]]}},{"type":"Feature","properties":{"fonte":"IEMA","classificacao":null,"tipo_infracao":"TRANSPORTE E COLETA DE OLEO VEGETAL IRREGULAR","item":null,"gravidade":null,"data":"2014-11-06T00:00:00Z","municipio":"Vila Velha","processo":"GFI 19514"},"geometry":{"type":"MultiPoint","coordinates":[[-40.35506699,-20.3447619]]}},{"type":"Feature","properties":{"fonte":"IEMA","classificacao":null,"tipo_infracao":"DEP�SITO DE ENTULHO SEM LICEN�A AMBIENTAL EM �REA URBANA, BAIRRO DIVINO ESP�RITO SANTO.","item":null,"gravidade":null,"data":"2012-11-14T00:00:00Z","municipio":"Vila Velha","processo":""},"geometry":{"type":"MultiPoint","coordinates":[[-40.29731804,-20.34497443]]}},{"type":"Feature","properties":{"fonte":"IEMA","classificacao":null,"tipo_infracao":"TRITURA��O COM TRATOR DE VIDROS CAUSANDO POLUI��O ATMOSF�RICA, EM DIVINO ESP�RITO SANTO","item":null,"gravidade":null,"data":"2013-10-23T00:00:00Z","municipio":"Vila Velha","processo":"GFI 745/13"},"geometry":{"type":"MultiPoint","coordinates":[[-40.29237479,-20.34491169]]}},{"type":"Feature","properties":{"fonte":"IEMA","classificacao":null,"tipo_infracao":"RINHA DE GALO","item":null,"gravidade":null,"data":"2013-04-17T00:00:00Z","municipio":"Vila Velha","processo":"GFI194/13"},"geometry":{"type":"MultiPoint","coordinates":[[-40.33932663,-20.34447673]]}},{"type":"Feature","properties":{"fonte":"IEMA","classificacao":null,"tipo_infracao":"ATERRO,TERRAPLANAGEM E MANILHAMENTO DE CORREGO NA AREA DE APP","item":null,"gravidade":null,"data":"2013-04-24T00:00:00Z","municipio":"Vila Velha","processo":"GFI 399/13"},"geometry":{"type":"MultiPoint","coordinates":[[-40.68519096,-20.34139249]]}},{"type":"Feature","properties":{"fonte":"IEMA","classificacao":null,"tipo_infracao":"CAPTURA DE ANIMAIS","item":null,"gravidade":null,"data":"2013-07-01T00:00:00Z","municipio":"Vila Velha","processo":"GFI 533/13"},"geometry":{"type":"MultiPoint","coordinates":[[-40.31188312,-20.34445007]]}},{"type":"Feature","properties":{"fonte":"IEMA","classificacao":null,"tipo_infracao":"PASS�ROS EM CATIVEIRO","item":null,"gravidade":null,"data":"2013-04-22T00:00:00Z","municipio":"Cariacica","processo":"GFI 282/13"},"geometry":{"type":"MultiPoint","coordinates":[[-40.3957273,-20.34356545]]}},{"type":"Feature","properties":{"fonte":"IEMA","classificacao":null,"tipo_infracao":"FUNCIONAMENTO DOS APARELHOS DE AR CONDICIONADO DO ESTABELECIMENTO PERTO DAS RESIDENCIAS CAUSANDO INCOMODOS, EM CAMPO GRANDE","item":null,"gravidade":null,"data":"2011-11-09T00:00:00Z","municipio":"Cariacica","processo":"AI 9028"},"geometry":{"type":"MultiPoint","coordinates":[[-40.38568929,-20.34360019]]}},{"type":"Feature","properties":{"fonte":"IEMA","classificacao":null,"tipo_infracao":"LAVA JATO ILEGAL CAUSANDO DANOS AO MEIO AMBIENTE","item":null,"gravidade":null,"data":"2010-09-09T00:00:00Z","municipio":"Vila Velha","processo":"TE/ 03392"},"geometry":{"type":"MultiPoint","coordinates":[[-40.3252516,-20.34403297]]}},{"type":"Feature","properties":{"fonte":"IEMA","classificacao":null,"tipo_infracao":"ATERRO EM APP, ESTRADA DE TRES BARRAS  BIRIRICAS","item":null,"gravidade":null,"data":"2009-07-17T00:00:00Z","municipio":"Viana","processo":"AI E TE/ 1121"},"geometry":{"type":"MultiPoint","coordinates":[[-40.58323139,-20.34174099]]}},{"type":"Feature","properties":{"fonte":"IEMA","classificacao":null,"tipo_infracao":"Dep�sito e triagem de res�duos recicl�veis","item":null,"gravidade":null,"data":"2021-05-28T00:00:00Z","municipio":"Vila Velha","processo":""},"geometry":{"type":"MultiPoint","coordinates":[[-40.31664879,-20.34390829]]}},{"type":"Feature","properties":{"fonte":"IEMA","classificacao":null,"tipo_infracao":"COMERCIO DE P�SSARO NATIVO SILVESTRE .","item":null,"gravidade":null,"data":"2014-11-06T00:00:00Z","municipio":"Vila Velha","processo":"PROT. 13391/14 E"},"geometry":{"type":"MultiPoint","coordinates":[[-40.31976047,-20.34374026]]}},{"type":"Feature","properties":{"fonte":"IEMA","classificacao":null,"tipo_infracao":"BENEFICIAMENTO DE ROCHAS ORNAMENTAIS SEM LICEN�A AMBIENTAL, EM VILA PALESTINA.","item":null,"gravidade":null,"data":"2011-04-15T00:00:00Z","municipio":"Cariacica","processo":"RR 08/11"},"geometry":{"type":"MultiPoint","coordinates":[[-40.3982414,-20.34300329]]}},{"type":"Feature","properties":{"fonte":"IEMA","classificacao":null,"tipo_infracao":"BENEFICIAMENTO DE ROCHAS ORNAMENTAIS SEM LICEN�A AMBIENTAL, EM VILA PALESTINA.","item":null,"gravidade":null,"data":"2012-11-22T00:00:00Z","municipio":"Cariacica","processo":""},"geometry":{"type":"MultiPoint","coordinates":[[-40.3982414,-20.34300329]]}},{"type":"Feature","properties":{"fonte":"IEMA","classificacao":null,"tipo_infracao":"Beneficiamento mineral","item":null,"gravidade":null,"data":"2015-06-23T00:00:00Z","municipio":"Cariacica","processo":""},"geometry":{"type":"MultiPoint","coordinates":[[-40.3982414,-20.34300329]]}},{"type":"Feature","properties":{"fonte":"IEMA","classificacao":null,"tipo_infracao":"OFICINA MEC�NICA SEM LICEN�A AMBIENTAL, EM VILA INDEPEND�NCIA","item":null,"gravidade":null,"data":"2014-11-20T00:00:00Z","municipio":"Cariacica","processo":"AI 10612"},"geometry":{"type":"MultiPoint","coordinates":[[-40.40677316,-20.34270894]]}},{"type":"Feature","properties":{"fonte":"IEMA","classificacao":null,"tipo_infracao":"OFICINA MEC�NICA SEM LICEN�A AMBIENTAL, EM VILA INDEPEND�NCIA.","item":null,"gravidade":null,"data":"2014-12-18T00:00:00Z","municipio":"Cariacica","processo":""},"geometry":{"type":"MultiPoint","coordinates":[[-40.40677316,-20.34270894]]}},{"type":"Feature","properties":{"fonte":"IEMA","classificacao":null,"tipo_infracao":"COM�RCIO ATACADISTA DE FRUTAS E VERDURAS COM LAVAGEM E ABASTECIMENTO DE CAMINH�ES SEM LICEN�A AMBIENTAL, EM VILA INDEPEND�NCIA","item":null,"gravidade":null,"data":"2014-11-24T00:00:00Z","municipio":"Cariacica","processo":"AI 10613"},"geometry":{"type":"MultiPoint","coordinates":[[-40.40656941,-20.34242149]]}},{"type":"Feature","properties":{"fonte":"IEMA","classificacao":null,"tipo_infracao":"COM�RCIO ATACADISTA DE FRUTAS E VERDURAS COM LAVAGEM E ABASTECIMENTO DE CAMINH�ES SEM LICEN�A AMBIENTAL, EM VILA INDEPEND�NCIA.","item":null,"gravidade":null,"data":"2014-12-10T00:00:00Z","municipio":"Cariacica","processo":""},"geometry":{"type":"MultiPoint","coordinates":[[-40.40656941,-20.34242149]]}},{"type":"Feature","properties":{"fonte":"IEMA","classificacao":null,"tipo_infracao":"BOMBA DE ABASTECIMENTO","item":null,"gravidade":null,"data":"2015-07-16T00:00:00Z","municipio":"Cariacica","processo":""},"geometry":{"type":"MultiPoint","coordinates":[[-40.40656941,-20.34242149]]}},{"type":"Feature","properties":{"fonte":"IEMA","classificacao":null,"tipo_infracao":"BENEFICIAMENTO DE PLACAS POLIDAS, ACABAMENTO E CORTE SEM BARREIRA DE PROTE��O, EM CRISTOV�O COLOMBO","item":null,"gravidade":null,"data":"2010-07-07T00:00:00Z","municipio":"Vila Velha","processo":"AI 04317"},"geometry":{"type":"MultiPoint","coordinates":[[-40.3019198,-20.34315136]]}},{"type":"Feature","properties":{"fonte":"IEMA","classificacao":null,"tipo_infracao":"LAN�AMENTO DE LAMA ABRASIVA NA REDE DE ESGOTO SEM TRATAMENTO, EM CRISTOV�O COLOMBO","item":null,"gravidade":null,"data":"2011-08-02T00:00:00Z","municipio":"Vila Velha","processo":"GFI 9247"},"geometry":{"type":"MultiPoint","coordinates":[[-40.30189107,-20.34315157]]}},{"type":"Feature","properties":{"fonte":"IEMA","classificacao":null,"tipo_infracao":"OFICINA E MANUTEN��O DE VE�CULOS PESADOS COM LAVADOR SEM LICEN�A AMBIENTAL, EM CAMPO GRANDE.","item":null,"gravidade":null,"data":"2010-10-07T00:00:00Z","municipio":"Cariacica","processo":""},"geometry":{"type":"MultiPoint","coordinates":[[-40.38331341,-20.34248069]]}},{"type":"Feature","properties":{"fonte":"IEMA","classificacao":null,"tipo_infracao":"LIMPEZA DE TERRENO PARA CONSTRU��O DE MORADIA E CERCA AS MARGENS DO C�RREGO, EM BIRIRICAS DE BAIXO","item":null,"gravidade":null,"data":"2013-08-08T00:00:00Z","municipio":"Viana","processo":"AI E AE/I 7981"},"geometry":{"type":"MultiPoint","coordinates":[[-40.57695735,-20.34074079]]}},{"type":"Feature","properties":{"fonte":"IEMA","classificacao":null,"tipo_infracao":"LIMPEZA DE TERRENO PARA CONSTRU��O DE MORADIA E CERCA AS MARGENS DO C�RREGO, EM BIRIRICAS DE BAIXO.","item":null,"gravidade":null,"data":"2013-10-04T00:00:00Z","municipio":"Viana","processo":""},"geometry":{"type":"MultiPoint","coordinates":[[-40.57695735,-20.34074079]]}},{"type":"Feature","properties":{"fonte":"IEMA","classificacao":null,"tipo_infracao":"ANIMAIS EM CATIVEIRO SEM REGISTRO","item":null,"gravidade":null,"data":"2013-07-01T00:00:00Z","municipio":"Vila Velha","processo":"GFI 531/13"},"geometry":{"type":"MultiPoint","coordinates":[[-40.32114952,-20.34262755]]}},{"type":"Feature","properties":{"fonte":"IEMA","classificacao":null,"tipo_infracao":"EMPRESA SEM LICEN�A AMBIENTAL","item":null,"gravidade":null,"data":"2011-12-20T00:00:00Z","municipio":"Cariacica","processo":"GFI 7485"},"geometry":{"type":"MultiPoint","coordinates":[[-40.40675598,-20.3418689]]}},{"type":"Feature","properties":{"fonte":"IEMA","classificacao":null,"tipo_infracao":"EMPRESA SEM LICEN�A AMBIENTAL.","item":null,"gravidade":null,"data":"2014-11-13T00:00:00Z","municipio":"Cariacica","processo":""},"geometry":{"type":"MultiPoint","coordinates":[[-40.40675598,-20.3418689]]}},{"type":"Feature","properties":{"fonte":"IEMA","classificacao":null,"tipo_infracao":"OFICINA MECANICA FUNCIONANDO SEM LICEN�A AMBIENTAL","item":null,"gravidade":null,"data":"2016-08-31T00:00:00Z","municipio":"Cariacica","processo":"AI 12413"},"geometry":{"type":"MultiPoint","coordinates":[[-40.38844188,-20.34185278]]}},{"type":"Feature","properties":{"fonte":"IEMA","classificacao":null,"tipo_infracao":"OFICINA SEM LICEN�A","item":null,"gravidade":null,"data":"2020-10-01T00:00:00Z","municipio":"Cariacica","processo":""},"geometry":{"type":"MultiPoint","coordinates":[[-40.38836526,-20.34185339]]}},{"type":"Feature","properties":{"fonte":"IEMA","classificacao":null,"tipo_infracao":"SERVI�O DE GALVANIZA��O SEM LICEN�A AMBIENTAL RUA BEL�M 15 VILA PALESTINA.","item":null,"gravidade":null,"data":"2012-06-12T00:00:00Z","municipio":"Cariacica","processo":""},"geometry":{"type":"MultiPoint","coordinates":[[-40.39608428,-20.3417196]]}},{"type":"Feature","properties":{"fonte":"IEMA","classificacao":null,"tipo_infracao":"GALINHEIRO INCOMODANDO OS VIZINHOS EM CAMPO GRANDE.","item":null,"gravidade":null,"data":"2011-06-13T00:00:00Z","municipio":"Cariacica","processo":"RR 06/11"},"geometry":{"type":"MultiPoint","coordinates":[[-40.38558593,-20.3416767]]}},{"type":"Feature","properties":{"fonte":"IEMA","classificacao":null,"tipo_infracao":"GALINHEIRO INCOMODANDO OS VIZINHOS EM CAMPO GRANDE.","item":null,"gravidade":null,"data":"2014-02-04T00:00:00Z","municipio":"Cariacica","processo":""},"geometry":{"type":"MultiPoint","coordinates":[[-40.38558593,-20.3416767]]}},{"type":"Feature","properties":{"fonte":"IEMA","classificacao":null,"tipo_infracao":"Acidente com �cido fluossilicico","item":null,"gravidade":null,"data":"2015-06-11T00:00:00Z","municipio":"Cariacica","processo":""},"geometry":{"type":"MultiPoint","coordinates":[[-40.37185104,-20.34174894]]}},{"type":"Feature","properties":{"fonte":"IEMA","classificacao":null,"tipo_infracao":"ETA","item":null,"gravidade":null,"data":"2015-07-22T00:00:00Z","municipio":"Cariacica","processo":""},"geometry":{"type":"MultiPoint","coordinates":[[-40.37185104,-20.34174894]]}},{"type":"Feature","properties":{"fonte":"IEMA","classificacao":null,"tipo_infracao":"ODOR E MAL CHEIRO","item":null,"gravidade":null,"data":"2015-08-26T00:00:00Z","municipio":"Vila Velha","processo":"GFI 27867"},"geometry":{"type":"MultiPoint","coordinates":[[-40.37185104,-20.34174894]]}},{"type":"Feature","properties":{"fonte":"IEMA","classificacao":null,"tipo_infracao":"Laborat�rio de Solo","item":null,"gravidade":null,"data":"2015-06-23T00:00:00Z","municipio":"Cariacica","processo":""},"geometry":{"type":"MultiPoint","coordinates":[[-40.39046045,-20.34157473]]}},{"type":"Feature","properties":{"fonte":"IEMA","classificacao":null,"tipo_infracao":"ATIVIDADE DE ABATE DE FRANGO OPERANDO � MARGEM DO RIO FORMATE EM APP SEM LICEN�A AMBIENTAL, EM MARCILIO DE NORONHA.","item":null,"gravidade":null,"data":"2013-08-16T00:00:00Z","municipio":"Viana","processo":""},"geometry":{"type":"MultiPoint","coordinates":[[-40.42652004,-20.3412479]]}},{"type":"Feature","properties":{"fonte":"IEMA","classificacao":null,"tipo_infracao":"obras em APP","item":null,"gravidade":null,"data":"2017-09-19T00:00:00Z","municipio":"Viana","processo":"18367/17"},"geometry":{"type":"MultiPoint","coordinates":[[-40.42576208,-20.34110954]]}},{"type":"Feature","properties":{"fonte":"IEMA","classificacao":null,"tipo_infracao":"CONSTRU��O EM AREA DE PRESERVA��O PERMANENTE AS MARGENS DO RIO FORMATE.","item":null,"gravidade":null,"data":"2014-06-25T00:00:00Z","municipio":"Viana","processo":""},"geometry":{"type":"MultiPoint","coordinates":[[-40.42577867,-20.34082934]]}},{"type":"Feature","properties":{"fonte":"IEMA","classificacao":null,"tipo_infracao":"REF. PROC. 41629558. SOL PRAZO DE 20 DIAS REF. DESFAVOR DO SR. EDIDIMO FIDELIS DE MIRANDA","item":null,"gravidade":null,"data":"2014-07-01T00:00:00Z","municipio":"Viana","processo":"PROT. 7.782/14"},"geometry":{"type":"MultiPoint","coordinates":[[-40.42577867,-20.34082934]]}},{"type":"Feature","properties":{"fonte":"IEMA","classificacao":null,"tipo_infracao":"CONSTRU��O EM AREA DE PRESERVA��O PERMANENTE AS MARGENS DO RIO FORMATE.","item":null,"gravidade":null,"data":"2021-07-29T00:00:00Z","municipio":"Viana","processo":""},"geometry":{"type":"MultiPoint","coordinates":[[-40.42577867,-20.34082934]]}},{"type":"Feature","properties":{"fonte":"IEMA","classificacao":null,"tipo_infracao":"TERRAPLANAGEM E ATERRO PR�XIMO AO RIO FORMATE SEM LICEN�A AMBIENTAL, EM NOVO HORIZONTE.","item":null,"gravidade":null,"data":"2013-08-02T00:00:00Z","municipio":"Cariacica","processo":"RR 271/12"},"geometry":{"type":"MultiPoint","coordinates":[[-40.42694696,-20.34080174]]}},{"type":"Feature","properties":{"fonte":"IEMA","classificacao":null,"tipo_infracao":"TERRAPLANAGEM E ATERRO PR�XIMO AO RIO FORMATE SEM LICEN�A AMBIENTAL, EM NOVO HORIZONTE.","item":null,"gravidade":null,"data":"2013-11-18T00:00:00Z","municipio":"Cariacica","processo":""},"geometry":{"type":"MultiPoint","coordinates":[[-40.42694696,-20.34080174]]}},{"type":"Feature","properties":{"fonte":"IEMA","classificacao":null,"tipo_infracao":"SUINOCULTURA EM APP � MARGEM DO RIO FORMATE E FABRICA��O DE BLOCOS SEM LICEN�A AMBIENTAL, EM MARCILIO DE NORONHA","item":null,"gravidade":null,"data":"2011-06-30T00:00:00Z","municipio":"Viana","processo":"AI E AE/I 04405"},"geometry":{"type":"MultiPoint","coordinates":[[-40.41983083,-20.34085971]]}},{"type":"Feature","properties":{"fonte":"IEMA","classificacao":null,"tipo_infracao":"SUINOCULTURA EM APP � MARGEM DO RIO FORMATE E FABRICA��O DE BLOCOS SEM LICEN�A AMBIENTAL, EM MARCILIO DE NORONHA.","item":null,"gravidade":null,"data":"2014-12-19T00:00:00Z","municipio":"Viana","processo":""},"geometry":{"type":"MultiPoint","coordinates":[[-40.41983083,-20.34085971]]}},{"type":"Feature","properties":{"fonte":"IEMA","classificacao":null,"tipo_infracao":"FABRICA��O DE BLOCOS EM CIMENTO SEM LICEN�A AMBIENTAL, BAIRRO MARCILIO DE NORONHA","item":null,"gravidade":null,"data":"2014-12-22T00:00:00Z","municipio":"Viana","processo":"AI 10175"},"geometry":{"type":"MultiPoint","coordinates":[[-40.41983083,-20.34085971]]}},{"type":"Feature","properties":{"fonte":"IEMA","classificacao":null,"tipo_infracao":"OFICINA DE LANTERNAGEM E PINTURA POR ASPERS�O SEM LICEN�A AMBIENTAL, BAIRRO ATA�DE","item":null,"gravidade":null,"data":"2014-06-05T00:00:00Z","municipio":"Vila Velha","processo":"GFI 15827"},"geometry":{"type":"MultiPoint","coordinates":[[-40.3209302,-20.34161734]]}},{"type":"Feature","properties":{"fonte":"IEMA","classificacao":null,"tipo_infracao":"OFICINA DE LANTERNAGEM E PINTURA POR ASPERS�O SEM LICEN�A AMBIENTAL, BAIRRO ATA�DE.","item":null,"gravidade":null,"data":"2014-08-01T00:00:00Z","municipio":"Vila Velha","processo":""},"geometry":{"type":"MultiPoint","coordinates":[[-40.3209302,-20.34161734]]}},{"type":"Feature","properties":{"fonte":"IEMA","classificacao":null,"tipo_infracao":"OFICINA MEC�NICA COM LANTERNAGEM E PINTURA SEM LICEN�A AMBIENTAL, EM ATA�DE","item":null,"gravidade":null,"data":"2014-09-29T00:00:00Z","municipio":"Vila Velha","processo":"GFI 16327"},"geometry":{"type":"MultiPoint","coordinates":[[-40.32473213,-20.34152532]]}},{"type":"Feature","properties":{"fonte":"IEMA","classificacao":null,"tipo_infracao":"OFICINA MEC�NICA COM LANTERNAGEM E PINTURA SEM LICEN�A AMBIENTAL, EM ATA�DE.","item":null,"gravidade":null,"data":"2014-10-10T00:00:00Z","municipio":"Vila Velha","processo":""},"geometry":{"type":"MultiPoint","coordinates":[[-40.32473213,-20.34152532]]}},{"type":"Feature","properties":{"fonte":"IEMA","classificacao":null,"tipo_infracao":"Oficina Mecanica","item":null,"gravidade":null,"data":"2015-07-01T00:00:00Z","municipio":"Vila Velha","processo":""},"geometry":{"type":"MultiPoint","coordinates":[[-40.32473213,-20.34152532]]}},{"type":"Feature","properties":{"fonte":"IEMA","classificacao":null,"tipo_infracao":"CATIVEIRO DE ANIMAIS SILVESTRE","item":null,"gravidade":null,"data":"2013-07-24T00:00:00Z","municipio":"Vila Velha","processo":"GFI 571/13"},"geometry":{"type":"MultiPoint","coordinates":[[-40.32904192,-20.34145645]]}},{"type":"Feature","properties":{"fonte":"IEMA","classificacao":null,"tipo_infracao":"ANIMAIS SILVESTRE EM CATIVEIRO","item":null,"gravidade":null,"data":"2013-04-25T00:00:00Z","municipio":"Vila Velha","processo":"GFI 412/13"},"geometry":{"type":"MultiPoint","coordinates":[[-40.30629219,-20.34140215]]}},{"type":"Feature","properties":{"fonte":"IEMA","classificacao":null,"tipo_infracao":"OFICINA DE LANTERNAGEM E PINTURA SEM LICEN�A AMBIENTAL, BAIRRO GL�RIA.","item":null,"gravidade":null,"data":"2014-09-17T00:00:00Z","municipio":"Vila Velha","processo":""},"geometry":{"type":"MultiPoint","coordinates":[[-40.3103244,-20.34135389]]}},{"type":"Feature","properties":{"fonte":"IEMA","classificacao":null,"tipo_infracao":"LAVA JATO SEM LICEN�A AMBIENTAL, AV GETULIO VARGAS, CAMPO GRANDE.","item":null,"gravidade":null,"data":"2012-05-25T00:00:00Z","municipio":"Cariacica","processo":""},"geometry":{"type":"MultiPoint","coordinates":[[-40.39045269,-20.3407075]]}},{"type":"Feature","properties":{"fonte":"IEMA","classificacao":null,"tipo_infracao":"SUINOCULTURA EM APP � MARGEM DO RIO FORMATE SEM LICEN�A AMBIENTAL, BAIRRO INDUSTRIAL.","item":null,"gravidade":null,"data":"2012-01-27T00:00:00Z","municipio":"Viana","processo":""},"geometry":{"type":"MultiPoint","coordinates":[[-40.42096627,-20.3403807]]}},{"type":"Feature","properties":{"fonte":"IEMA","classificacao":null,"tipo_infracao":"CATIVEIRO DE ANIMAIS SILVESTRE","item":null,"gravidade":null,"data":"2013-07-25T00:00:00Z","municipio":"Cariacica","processo":"GFI 575/13"},"geometry":{"type":"MultiPoint","coordinates":[[-40.3984369,-20.34024627]]}},{"type":"Feature","properties":{"fonte":"IEMA","classificacao":null,"tipo_infracao":"OFICINA MEC�NICA E TANQUE DE ARMAZENAMENTO E ABASTECIMENTO DE COMBUST�VEL SEM LICEN�A AMBIENTAL, BAIRRO INDEPEND�NCIA","item":null,"gravidade":null,"data":"2012-08-24T00:00:00Z","municipio":"Cariacica","processo":"GFI 12686"},"geometry":{"type":"MultiPoint","coordinates":[[-40.40521589,-20.33997506]]}},{"type":"Feature","properties":{"fonte":"IEMA","classificacao":null,"tipo_infracao":"LIX�O AS MARGENS DA BR 262, EM VILA CAPIXABA.","item":null,"gravidade":null,"data":"2014-05-16T00:00:00Z","municipio":"Cariacica","processo":""},"geometry":{"type":"MultiPoint","coordinates":[[-40.39510096,-20.3399477]]}},{"type":"Feature","properties":{"fonte":"IEMA","classificacao":null,"tipo_infracao":"F�BRICA DE URNAS FUNER�RIAS SEM LICEN�A AMBIENTAL, BAIRRO CAVALIERI.","item":null,"gravidade":null,"data":"2011-08-04T00:00:00Z","municipio":"Vila Velha","processo":""},"geometry":{"type":"MultiPoint","coordinates":[[-40.32481898,-20.34047666]]}},{"type":"Feature","properties":{"fonte":"IEMA","classificacao":null,"tipo_infracao":"QUEIMA DE RESIDUOS DENTRO DA CEASA","item":null,"gravidade":null,"data":"2014-10-22T00:00:00Z","municipio":"Cariacica","processo":"GFI 13075"},"geometry":{"type":"MultiPoint","coordinates":[[-40.40332748,-20.33980955]]}},{"type":"Feature","properties":{"fonte":"IEMA","classificacao":null,"tipo_infracao":"FABRICA��O DE CAIX�ES DE MADEIRA SEM LICEN�A AMBIENTAL, EM VILA BATISTA","item":null,"gravidade":null,"data":"2012-03-26T00:00:00Z","municipio":"Vila Velha","processo":"CI 175/10"},"geometry":{"type":"MultiPoint","coordinates":[[-40.33255679,-20.3402823]]}},{"type":"Feature","properties":{"fonte":"IEMA","classificacao":null,"tipo_infracao":"FABRICA��O DE CAIX�ES DE MADEIRA SEM LICEN�A AMBIENTAL, EM VILA BATISTA.","item":null,"gravidade":null,"data":"2014-10-17T00:00:00Z","municipio":"Vila Velha","processo":""},"geometry":{"type":"MultiPoint","coordinates":[[-40.33255679,-20.3402823]]}},{"type":"Feature","properties":{"fonte":"IEMA","classificacao":null,"tipo_infracao":"Fabrica��o de artefatos de madeira","item":null,"gravidade":null,"data":"2015-06-23T00:00:00Z","municipio":"Vila Velha","processo":""},"geometry":{"type":"MultiPoint","coordinates":[[-40.33255679,-20.3402823]]}},{"type":"Feature","properties":{"fonte":"IEMA","classificacao":null,"tipo_infracao":"FABRICA��O DE ARTEFATOS DE MADEIRA SEM LICEN�A AMBIENTAL","item":null,"gravidade":null,"data":"2017-05-19T00:00:00Z","municipio":"Vila Velha","processo":""},"geometry":{"type":"MultiPoint","coordinates":[[-40.33255679,-20.3402823]]}},{"type":"Feature","properties":{"fonte":"IEMA","classificacao":null,"tipo_infracao":"loteamento","item":null,"gravidade":null,"data":"2017-05-17T00:00:00Z","municipio":"Cariacica","processo":""},"geometry":{"type":"MultiPoint","coordinates":[[-40.42577631,-20.33952844]]}},{"type":"Feature","properties":{"fonte":"IEMA","classificacao":null,"tipo_infracao":"DEP�SITO DE AREIA E BRITA SEM LICEN�A AMBIENTAL, EM VILA BATISTA","item":null,"gravidade":null,"data":"2011-11-10T00:00:00Z","municipio":"Vila Velha","processo":"GFI 10912 B"},"geometry":{"type":"MultiPoint","coordinates":[[-40.33260197,-20.33996575]]}},{"type":"Feature","properties":{"fonte":"IEMA","classificacao":null,"tipo_infracao":"DEP�SITO DE AREIA E BRITA SEM LICEN�A AMBIENTAL, EM VILA BATISTA.","item":null,"gravidade":null,"data":"2013-04-05T00:00:00Z","municipio":"Vila Velha","processo":""},"geometry":{"type":"MultiPoint","coordinates":[[-40.33260197,-20.33996575]]}},{"type":"Feature","properties":{"fonte":"IEMA","classificacao":null,"tipo_infracao":"DEP�SITO DE MATERIAIS DE CONTRU��O SEM MEDIDAS DE CONTROLE AMBIENTAL, EM VILA BATISTA","item":null,"gravidade":null,"data":"2014-08-01T00:00:00Z","municipio":"Vila Velha","processo":"GFI 15047"},"geometry":{"type":"MultiPoint","coordinates":[[-40.33260197,-20.33996575]]}},{"type":"Feature","properties":{"fonte":"IEMA","classificacao":null,"tipo_infracao":"Reparos navais","item":null,"gravidade":null,"data":"2015-08-26T00:00:00Z","municipio":"Vila Velha","processo":"DEN 15231/2013"},"geometry":{"type":"MultiPoint","coordinates":[[-40.32030193,-20.33982423]]}},{"type":"Feature","properties":{"fonte":"IEMA","classificacao":null,"tipo_infracao":"Reparos navais","item":null,"gravidade":null,"data":"2016-02-22T00:00:00Z","municipio":"Vila Velha","processo":"GFI 15231"},"geometry":{"type":"MultiPoint","coordinates":[[-40.32030193,-20.33982423]]}},{"type":"Feature","properties":{"fonte":"IEMA","classificacao":null,"tipo_infracao":"DISPOSI��O INADEQUADA DE RES�DUOS DIVERSOS, BAIRRO GAROTO","item":null,"gravidade":null,"data":"2013-04-12T00:00:00Z","municipio":"Vila Velha","processo":"GFI 14592"},"geometry":{"type":"MultiPoint","coordinates":[[-40.31242849,-20.33983837]]}},{"type":"Feature","properties":{"fonte":"IEMA","classificacao":null,"tipo_infracao":"DISPOSI��O INADEQUADA DE RES�DUOS DIVERSOS, BAIRRO GAROTO.","item":null,"gravidade":null,"data":"2014-10-21T00:00:00Z","municipio":"Vila Velha","processo":""},"geometry":{"type":"MultiPoint","coordinates":[[-40.31242849,-20.33983837]]}},{"type":"Feature","properties":{"fonte":"IEMA","classificacao":null,"tipo_infracao":"OFICINA DE REPARO DE EMBARCA��ES COM MERGULHO SEM LICEN�A AMBIENTAL, ARIBIRI","item":null,"gravidade":null,"data":"2014-09-19T00:00:00Z","municipio":"Vila Velha","processo":"GFI 15231"},"geometry":{"type":"MultiPoint","coordinates":[[-40.32049165,-20.33960596]]}},{"type":"Feature","properties":{"fonte":"IEMA","classificacao":null,"tipo_infracao":"Tanque a�reo de combust�vel sem controle ambiental","item":null,"gravidade":null,"data":"2021-06-24T00:00:00Z","municipio":"Cariacica","processo":"4225/21"},"geometry":{"type":"MultiPoint","coordinates":[[-40.40102923,-20.33880712]]}},{"type":"Feature","properties":{"fonte":"IEMA","classificacao":null,"tipo_infracao":"MANUTEN��O E REPARA��O MEC�NICA DE VE�CULOS AUTOMOTORES FUNCIONANDO SEM LICEN�A AMBIENTAL, EM VILA CAPIXABA","item":null,"gravidade":null,"data":"2011-05-31T00:00:00Z","municipio":"Cariacica","processo":"AI 04198"},"geometry":{"type":"MultiPoint","coordinates":[[-40.39497614,-20.33884652]]}},{"type":"Feature","properties":{"fonte":"IEMA","classificacao":null,"tipo_infracao":"MANUTEN��O E REPARA��O MEC�NICA DE VE�CULOS AUTOMOTORES FUNCIONANDO SEM LICEN�A AMBIENTAL, EM VILA CAPIXABA.","item":null,"gravidade":null,"data":"2014-11-13T00:00:00Z","municipio":"Cariacica","processo":""},"geometry":{"type":"MultiPoint","coordinates":[[-40.39497614,-20.33884652]]}},{"type":"Feature","properties":{"fonte":"IEMA","classificacao":null,"tipo_infracao":"LAVA JATO SEM AUTORIZA��O AMBIENTAL","item":null,"gravidade":null,"data":"2010-08-23T00:00:00Z","municipio":"Vila Velha","processo":"AI/ 03396"},"geometry":{"type":"MultiPoint","coordinates":[[-40.30291264,-20.33703659]]}},{"type":"Feature","properties":{"fonte":"IEMA","classificacao":null,"tipo_infracao":"PASSARO SILVESTRE EM CATIVEIRO","item":null,"gravidade":null,"data":"2014-11-06T00:00:00Z","municipio":"Vila Velha","processo":"PROT. 13391/14 C"},"geometry":{"type":"MultiPoint","coordinates":[[-40.34140674,-20.33910335]]}},{"type":"Feature","properties":{"fonte":"IEMA","classificacao":null,"tipo_infracao":"OFICINA MEC�NICA FUNCIONANDO SEM LICEN�A, BAIRRO JARDIM AM�RICA.","item":null,"gravidade":null,"data":"2011-05-05T00:00:00Z","municipio":"Cariacica","processo":"RR 50/11"},"geometry":{"type":"MultiPoint","coordinates":[[-40.35736187,-20.33881752]]}},{"type":"Feature","properties":{"fonte":"IEMA","classificacao":null,"tipo_infracao":"OFICINA MEC�NICA FUNCIONANDO SEM LICEN�A, BAIRRO JARDIM AM�RICA.","item":null,"gravidade":null,"data":"2012-10-09T00:00:00Z","municipio":"Cariacica","processo":""},"geometry":{"type":"MultiPoint","coordinates":[[-40.35736187,-20.33881752]]}},{"type":"Feature","properties":{"fonte":"IEMA","classificacao":null,"tipo_infracao":"OFICINA MEC�NICA FUNCIONANDO SEM LICEN�A, BAIRRO JARDIM AM�RICA.","item":null,"gravidade":null,"data":"2017-05-19T00:00:00Z","municipio":"Cariacica","processo":""},"geometry":{"type":"MultiPoint","coordinates":[[-40.35736187,-20.33881752]]}},{"type":"Feature","properties":{"fonte":"IEMA","classificacao":null,"tipo_infracao":"COMERCIO DE CARANGUEIJO NO PERIODO DA ANDADA .","item":null,"gravidade":null,"data":"2014-11-07T00:00:00Z","municipio":"Vila Velha","processo":"PROT. 11795/14 N"},"geometry":{"type":"MultiPoint","coordinates":[[-40.3806541,-20.33856275]]}},{"type":"Feature","properties":{"fonte":"IEMA","classificacao":null,"tipo_infracao":"BENEFICIAMENTO DE MADEIRA SEM LICEN�A AMBIENTAL, ROD BR 262 KM 3,5, CAMPO GRANDE.","item":null,"gravidade":null,"data":"2011-03-30T00:00:00Z","municipio":"Cariacica","processo":""},"geometry":{"type":"MultiPoint","coordinates":[[-40.38225324,-20.33851398]]}},{"type":"Feature","properties":{"fonte":"IEMA","classificacao":null,"tipo_infracao":"Oficina mec�nica, lanternagem e pintura e lavador de ve�culos","item":null,"gravidade":null,"data":"2018-06-05T00:00:00Z","municipio":"Cariacica","processo":"OGE 2018040465"},"geometry":{"type":"MultiPoint","coordinates":[[-40.38682955,-20.33827896]]}},{"type":"Feature","properties":{"fonte":"IEMA","classificacao":null,"tipo_infracao":"N�o constatada atividade","item":null,"gravidade":null,"data":"2016-12-20T00:00:00Z","municipio":"Vila Velha","processo":"PROT. 1754/16"},"geometry":{"type":"MultiPoint","coordinates":[[-40.32744475,-20.3383788]]}},{"type":"Feature","properties":{"fonte":"IEMA","classificacao":null,"tipo_infracao":"Dep�sito de cilindros de gases","item":null,"gravidade":null,"data":"2022-03-03T00:00:00Z","municipio":"Cariacica","processo":"prot 18403/19"},"geometry":{"type":"MultiPoint","coordinates":[[-40.3701892,-20.33794948]]}},{"type":"Feature","properties":{"fonte":"IEMA","classificacao":null,"tipo_infracao":"LAVA JATO SEM LICEN�A AMBIENTAL, NOVO HORIZONTE","item":null,"gravidade":null,"data":"2014-02-27T00:00:00Z","municipio":"Cariacica","processo":"AI 10391"},"geometry":{"type":"MultiPoint","coordinates":[[-40.42236646,-20.33743319]]}},{"type":"Feature","properties":{"fonte":"IEMA","classificacao":null,"tipo_infracao":"OFICINA MEC�NICA COM LANTERNAGEM E PINTURA SEM LICEN�A AMBIENTAL, EM JARDIM AM�RICA","item":null,"gravidade":null,"data":"2014-09-29T00:00:00Z","municipio":"Cariacica","processo":"GFI 12564"},"geometry":{"type":"MultiPoint","coordinates":[[-40.36048563,-20.33786268]]}},{"type":"Feature","properties":{"fonte":"IEMA","classificacao":null,"tipo_infracao":"OFICINA MEC�NICA COM LANTERNAGEM E PINTURA SEM LICEN�A AMBIENTAL, EM JARDIM AM�RICA.","item":null,"gravidade":null,"data":"2014-12-22T00:00:00Z","municipio":"Cariacica","processo":""},"geometry":{"type":"MultiPoint","coordinates":[[-40.36048563,-20.33786268]]}},{"type":"Feature","properties":{"fonte":"IEMA","classificacao":null,"tipo_infracao":"PASS�ROS DA FAUNA SILVESTRE EM CATIVEIRO,SEM AUTORIZA��O","item":null,"gravidade":null,"data":"2013-04-25T00:00:00Z","municipio":"Vila Velha","processo":"GFI 411/13"},"geometry":{"type":"MultiPoint","coordinates":[[-40.3373168,-20.33799635]]}},{"type":"Feature","properties":{"fonte":"IEMA","classificacao":null,"tipo_infracao":"DISPOSI��O IRREGULAR DE RES�DUOS S�LIDOS AS MARGENS DA ESTRADA DE CAPUABA, BAIRRO ILHA DAS FLORES","item":null,"gravidade":null,"data":"2012-07-18T00:00:00Z","municipio":"Vila Velha","processo":"Prot. 01740/12"},"geometry":{"type":"MultiPoint","coordinates":[[-40.32726672,-20.33772063]]}},{"type":"Feature","properties":{"fonte":"IEMA","classificacao":null,"tipo_infracao":"DISPOSI��O IRREGULAR DE RES�DUOS DE CONSTRU��O CIVIL AS MARGENS DA ESTRADA DE CAPUABA, ILHA DAS FLORES","item":null,"gravidade":null,"data":"2012-08-07T00:00:00Z","municipio":"Vila Velha","processo":"AI 06697"},"geometry":{"type":"MultiPoint","coordinates":[[-40.32726672,-20.33772063]]}},{"type":"Feature","properties":{"fonte":"IEMA","classificacao":null,"tipo_infracao":"DISPOSI��O IRREGULAR DE RES�DUOS DE CONSTRU��O CIVIL AS MARGENS DA ESTRADA DE CAPUABA, ILHA DAS FLORES.","item":null,"gravidade":null,"data":"2014-04-17T00:00:00Z","municipio":"Vila Velha","processo":""},"geometry":{"type":"MultiPoint","coordinates":[[-40.32726672,-20.33772063]]}},{"type":"Feature","properties":{"fonte":"IEMA","classificacao":null,"tipo_infracao":"ARTESANATO COM USO DE CIMENTO E TINTA SEM LICEN�A AMBIENTAL, EM ILHA DAS FLORES.","item":null,"gravidade":null,"data":"2013-12-30T00:00:00Z","municipio":"Vila Velha","processo":"Prot. 17886/12 F (2)"},"geometry":{"type":"MultiPoint","coordinates":[[-40.32746677,-20.33759263]]}},{"type":"Feature","properties":{"fonte":"IEMA","classificacao":null,"tipo_infracao":"ARTESANATO COM USO DE CIMENTO E TINTA SEM LICEN�A AMBIENTAL, EM ILHA DAS FLORES.","item":null,"gravidade":null,"data":"2014-09-18T00:00:00Z","municipio":"Vila Velha","processo":""},"geometry":{"type":"MultiPoint","coordinates":[[-40.32746677,-20.33759263]]}},{"type":"Feature","properties":{"fonte":"IEMA","classificacao":null,"tipo_infracao":"APREEN��O DE ANIMAIS SILVESTRE","item":null,"gravidade":null,"data":"2013-05-16T00:00:00Z","municipio":"Cariacica","processo":"GFI 435/13"},"geometry":{"type":"MultiPoint","coordinates":[[-40.36004927,-20.33725174]]}},{"type":"Feature","properties":{"fonte":"IEMA","classificacao":null,"tipo_infracao":"ATERRO EM MANGUEZAL SEM LICEN�A AMBIENTAL, ESTRADA DE CAPUABA, ILHA DAS FLORES.","item":null,"gravidade":null,"data":"2013-12-30T00:00:00Z","municipio":"Vila Velha","processo":"Prot. 17886/12 F (1)"},"geometry":{"type":"MultiPoint","coordinates":[[-40.32735107,-20.33750316]]}},{"type":"Feature","properties":{"fonte":"IEMA","classificacao":null,"tipo_infracao":"ATERRO EM MANGUEZAL SEM LICEN�A AMBIENTAL, ESTRADA DE CAPUABA, ILHA DAS FLORES.","item":null,"gravidade":null,"data":"2014-04-14T00:00:00Z","municipio":"Vila Velha","processo":""},"geometry":{"type":"MultiPoint","coordinates":[[-40.32735107,-20.33750316]]}},{"type":"Feature","properties":{"fonte":"IEMA","classificacao":null,"tipo_infracao":"TRANSPORTE DE PRODUTO PERIGOSOS, GARAGEM PARA VEICULOS AUTOMOTIVOS COM MANUTEN��O E ABASTECIMENTO, NOVO MEXICO","item":null,"gravidade":null,"data":"2014-12-16T00:00:00Z","municipio":"Vila Velha","processo":"GFI 26159"},"geometry":{"type":"MultiPoint","coordinates":[[-40.43038471,-20.33654563]]}},{"type":"Feature","properties":{"fonte":"IEMA","classificacao":null,"tipo_infracao":"TRANSPORTE DE PRODUTO PERIGOSOS, GARAGEM PARA VEICULOS AUTOMOTIVOS COM MANUTEN��O E ABASTECIMENTO, NOVO MEXICO.","item":null,"gravidade":null,"data":"2015-01-12T00:00:00Z","municipio":"Vila Velha","processo":""},"geometry":{"type":"MultiPoint","coordinates":[[-40.43038471,-20.33654563]]}},{"type":"Feature","properties":{"fonte":"IEMA","classificacao":null,"tipo_infracao":"TRANSPORTE DE PRODUTOS PERIGOSOS","item":null,"gravidade":null,"data":"2020-07-03T00:00:00Z","municipio":"Cariacica","processo":""},"geometry":{"type":"MultiPoint","coordinates":[[-40.37886766,-20.33693261]]}},{"type":"Feature","properties":{"fonte":"IEMA","classificacao":null,"tipo_infracao":"LAVA JATO SEM AUTORIZA��O AMBIENTAL","item":null,"gravidade":null,"data":"2011-07-04T00:00:00Z","municipio":"Vila Velha","processo":""},"geometry":{"type":"MultiPoint","coordinates":[[-40.30291264,-20.33703659]]}},{"type":"Feature","properties":{"fonte":"IEMA","classificacao":null,"tipo_infracao":"DISPOSI��O E QUEIMA DE RES�DUOS S�LIDOS SEM AUTORIZA��O, RUA JARDIM AM�RICA.","item":null,"gravidade":null,"data":"2011-04-26T00:00:00Z","municipio":"Cariacica","processo":""},"geometry":{"type":"MultiPoint","coordinates":[[-40.35718938,-20.33661446]]}},{"type":"Feature","properties":{"fonte":"IEMA","classificacao":null,"tipo_infracao":"CAPTURA DE ANIMAIS(MANTER ANIMAIS SILVESTRE PRESO","item":null,"gravidade":null,"data":"2013-07-24T00:00:00Z","municipio":"Vila Velha","processo":"GFI 572/13"},"geometry":{"type":"MultiPoint","coordinates":[[-40.3128442,-20.33688999]]}},{"type":"Feature","properties":{"fonte":"IEMA","classificacao":null,"tipo_infracao":"QUEIMA DE RES�DUOS GERANDO POLUI��O ATMOSF�RICA, EM JARDIM AM�RICA.","item":null,"gravidade":null,"data":"2014-11-14T00:00:00Z","municipio":"Cariacica","processo":""},"geometry":{"type":"MultiPoint","coordinates":[[-40.35664031,-20.33625735]]}},{"type":"Feature","properties":{"fonte":"IEMA","classificacao":null,"tipo_infracao":"ESTOCAGEM DE TONEIS PARA RECICLAGEM SEM LICEN�A AMBIENTAL, BAIRRO PIRANEMA","item":null,"gravidade":null,"data":"2011-12-20T00:00:00Z","municipio":"Cariacica","processo":"Prot. 15779/10"},"geometry":{"type":"MultiPoint","coordinates":[[-40.41609872,-20.3349274]]}},{"type":"Feature","properties":{"fonte":"IEMA","classificacao":null,"tipo_infracao":"ESTOCAGEM DE TONEIS PARA RECICLAGEM SEM LICEN�A AMBIENTAL, BAIRRO PIRANEMA.","item":null,"gravidade":null,"data":"2012-10-29T00:00:00Z","municipio":"Cariacica","processo":""},"geometry":{"type":"MultiPoint","coordinates":[[-40.41609872,-20.3349274]]}},{"type":"Feature","properties":{"fonte":"IEMA","classificacao":null,"tipo_infracao":"ATERRO EM APP SEM LICEN�A AMBIENTAL, EM FLOR DE PIRANEMA","item":null,"gravidade":null,"data":"2013-08-07T00:00:00Z","municipio":"Cariacica","processo":"AI E AE/I 7626"},"geometry":{"type":"MultiPoint","coordinates":[[-40.42533016,-20.33474395]]}},{"type":"Feature","properties":{"fonte":"IEMA","classificacao":null,"tipo_infracao":"ATERRO EM APP SEM LICEN�A AMBIENTAL, EM FLOR DE PIRANEMA.","item":null,"gravidade":null,"data":"2014-09-24T00:00:00Z","municipio":"Cariacica","processo":""},"geometry":{"type":"MultiPoint","coordinates":[[-40.42533016,-20.33474395]]}},{"type":"Feature","properties":{"fonte":"IEMA","classificacao":null,"tipo_infracao":"dep�sito de brita e outros materiais em APP","item":null,"gravidade":null,"data":"2017-09-19T00:00:00Z","municipio":"Cariacica","processo":""},"geometry":{"type":"MultiPoint","coordinates":[[-40.42542494,-20.33463476]]}},{"type":"Feature","properties":{"fonte":"IEMA","classificacao":null,"tipo_infracao":"DISPOSI��O INADEQUADA DE RES�DUOS DOM�STICOS E DE CONSTRU��O CIVIL EM UMA CAL�ADA EM  �REA URBANA, EM RIO BRANCO","item":null,"gravidade":null,"data":"2009-06-15T00:00:00Z","municipio":"Cariacica","processo":"AI E AE/I 02599"},"geometry":{"type":"MultiPoint","coordinates":[[-40.38590453,-20.33443768]]}},{"type":"Feature","properties":{"fonte":"IEMA","classificacao":null,"tipo_infracao":"DISPOSI��O INADEQUADA DE RES�DUOS URBANOS, BAIRRO RIO BRANCO.","item":null,"gravidade":null,"data":"2011-10-24T00:00:00Z","municipio":"Cariacica","processo":""},"geometry":{"type":"MultiPoint","coordinates":[[-40.38590453,-20.33443768]]}},{"type":"Feature","properties":{"fonte":"IEMA","classificacao":null,"tipo_infracao":"LAVA JATO JOGANDO �LEO NA RUA E NO ESGOTO, EM JARDIM AM�RICA.","item":null,"gravidade":null,"data":"2010-02-18T00:00:00Z","municipio":"Cariacica","processo":""},"geometry":{"type":"MultiPoint","coordinates":[[-40.36252472,-20.33445889]]}},{"type":"Feature","properties":{"fonte":"IEMA","classificacao":null,"tipo_infracao":"CORTE E ATERRO AS MARGENS DO CORPO H�DRICO SEM LICEN�A AMBIENTAL, EM VILA CAPIXABA","item":null,"gravidade":null,"data":"2013-08-07T00:00:00Z","municipio":"Cariacica","processo":"AI E AE/I 8384"},"geometry":{"type":"MultiPoint","coordinates":[[-40.39956556,-20.33368738]]}},{"type":"Feature","properties":{"fonte":"IEMA","classificacao":null,"tipo_infracao":"CORTE E ATERRO AS MARGENS DO CORPO H�DRICO SEM LICEN�A AMBIENTAL, EM VILA CAPIXABA.","item":null,"gravidade":null,"data":"2014-12-03T00:00:00Z","municipio":"Cariacica","processo":""},"geometry":{"type":"MultiPoint","coordinates":[[-40.39956556,-20.33368738]]}},{"type":"Feature","properties":{"fonte":"IEMA","classificacao":null,"tipo_infracao":"AS RESID�NCIAS JOGAM A REDE DE ESGOTO DELES DIRETAMENTE NA REDE DE DRENAGEM PLUVIAL DA CODESA, EM ILHA DOS FLORES.","item":null,"gravidade":null,"data":"2011-11-10T00:00:00Z","municipio":"Vila Velha","processo":"RR 531/10"},"geometry":{"type":"MultiPoint","coordinates":[[-40.32745191,-20.33360853]]}},{"type":"Feature","properties":{"fonte":"IEMA","classificacao":null,"tipo_infracao":"AS RESID�NCIAS JOGAM A REDE DE ESGOTO DELES DIRETAMENTE NA REDE DE DRENAGEM PLUVIAL DA CODESA, EM ILHA DOS FLORES.","item":null,"gravidade":null,"data":"2014-10-13T00:00:00Z","municipio":"Vila Velha","processo":""},"geometry":{"type":"MultiPoint","coordinates":[[-40.32745191,-20.33360853]]}},{"type":"Feature","properties":{"fonte":"IEMA","classificacao":null,"tipo_infracao":"Queda de fertilizante na rodovia Carlos Lindemberg e adjacencias oriundo do transporte realizado na descarga de navios atracados no TVV.","item":null,"gravidade":null,"data":"2020-08-07T00:00:00Z","municipio":"Vila Velha","processo":"GFI 061/20"},"geometry":{"type":"MultiPoint","coordinates":[[-40.35374586,-20.33274733]]}},{"type":"Feature","properties":{"fonte":"IEMA","classificacao":null,"tipo_infracao":"FABRICA��O DE ARTIGOS DE CERAMICA SEM LICEN�A AMBIENTAL, S�O TORQUATO.","item":null,"gravidade":null,"data":"2014-09-15T00:00:00Z","municipio":"Vila Velha","processo":""},"geometry":{"type":"MultiPoint","coordinates":[[-40.34977071,-20.33271484]]}},{"type":"Feature","properties":{"fonte":"IEMA","classificacao":null,"tipo_infracao":"POLUI��O ATMOSF�RICA CAUSANDO DANOS A SA�DE DOS SERVIDORES DO IEMA","item":null,"gravidade":null,"data":"2014-09-11T00:00:00Z","municipio":"Cariacica","processo":"GFI 85/14"},"geometry":{"type":"MultiPoint","coordinates":[[-40.35845952,-20.33179829]]}},{"type":"Feature","properties":{"fonte":"IEMA","classificacao":null,"tipo_infracao":"LIX�O IRREGULAR","item":null,"gravidade":null,"data":"2017-08-21T00:00:00Z","municipio":"Vila Velha","processo":"DEN�NCIA 203/17"},"geometry":{"type":"MultiPoint","coordinates":[[-40.34611398,-20.33184863]]}},{"type":"Feature","properties":{"fonte":"IEMA","classificacao":null,"tipo_infracao":"ANIMAIS EM CATIVEIROS SEM REGISTRO","item":null,"gravidade":null,"data":"2013-07-01T00:00:00Z","municipio":"Cariacica","processo":"GFI 527/13"},"geometry":{"type":"MultiPoint","coordinates":[[-40.39122827,-20.33104365]]}},{"type":"Feature","properties":{"fonte":"IEMA","classificacao":null,"tipo_infracao":"RECICLAGEM DE PL�STICO SEM LICEN�A AMBIENTAL, EM JARDIM AM�RICA","item":null,"gravidade":null,"data":"2014-07-01T00:00:00Z","municipio":"Cariacica","processo":"AI 10551"},"geometry":{"type":"MultiPoint","coordinates":[[-40.36400974,-20.33123107]]}},{"type":"Feature","properties":{"fonte":"IEMA","classificacao":null,"tipo_infracao":"ACIDENTE RODOVI�RIO COM CAMINH�O BASCULANTE COM DERRAMAMENTO DE �LEO DO TANQUE NO SOLO, EM NOVO HORIZONTE","item":null,"gravidade":null,"data":"2009-10-01T00:00:00Z","municipio":"Cariacica","processo":"AI 02876"},"geometry":{"type":"MultiPoint","coordinates":[[-40.42175769,-20.3305631]]}},{"type":"Feature","properties":{"fonte":"IEMA","classificacao":null,"tipo_infracao":"Piscicultura","item":null,"gravidade":null,"data":"2020-01-02T00:00:00Z","municipio":"Cariacica","processo":"DEN�NCIA 7/17"},"geometry":{"type":"MultiPoint","coordinates":[[-40.45030046,-20.32969621]]}},{"type":"Feature","properties":{"fonte":"IEMA","classificacao":null,"tipo_infracao":"Lavanderia e tinturaria industrial","item":null,"gravidade":null,"data":"2019-02-01T00:00:00Z","municipio":"Vila Velha","processo":"PROT. 1369/19"},"geometry":{"type":"MultiPoint","coordinates":[[-40.30791622,-20.3306389]]}},{"type":"Feature","properties":{"fonte":"IEMA","classificacao":null,"tipo_infracao":"FABRICA��O DE PRE MOLDADOS DE CIMENTO SEM LICEN�A AMBIENTAL, EM MUCURI","item":null,"gravidade":null,"data":"2009-06-03T00:00:00Z","municipio":"Cariacica","processo":"AI 02779 B"},"geometry":{"type":"MultiPoint","coordinates":[[-40.39923372,-20.32980529]]}},{"type":"Feature","properties":{"fonte":"IEMA","classificacao":null,"tipo_infracao":"FABRICA��O DE PRE MOLDADOS DE CIMENTO SEM LICEN�A AMBIENTAL, EM MUCURI.","item":null,"gravidade":null,"data":"2011-11-10T00:00:00Z","municipio":"Cariacica","processo":""},"geometry":{"type":"MultiPoint","coordinates":[[-40.39923372,-20.32980529]]}},{"type":"Feature","properties":{"fonte":"IEMA","classificacao":null,"tipo_infracao":"Reciclagem de pl�stico","item":null,"gravidade":null,"data":"2017-02-20T00:00:00Z","municipio":"Cariacica","processo":"PROT. 8361/05 A"},"geometry":{"type":"MultiPoint","coordinates":[[-40.36514814,-20.32998447]]}},{"type":"Feature","properties":{"fonte":"IEMA","classificacao":null,"tipo_infracao":"SUINOCULTURA E DISPOSI��O INADEQUADA DE RES�DUOS DOM�STICOS SEM LICEN�A AMBIENTAL, EM VISTA DOURADA.","item":null,"gravidade":null,"data":"2011-01-17T00:00:00Z","municipio":"Cariacica","processo":""},"geometry":{"type":"MultiPoint","coordinates":[[-40.43373625,-20.32919143]]}},{"type":"Feature","properties":{"fonte":"IEMA","classificacao":null,"tipo_infracao":"APLICA��O DE EMULS�O ASF�LTICA SEM OS DEVIDOS CONTROLES AMBIENTAIS, EM CONTORNO DE VIT�RIA","item":null,"gravidade":null,"data":"2014-07-14T00:00:00Z","municipio":"Cariacica","processo":"AI 07474"},"geometry":{"type":"MultiPoint","coordinates":[[-40.39804195,-20.32934504]]}},{"type":"Feature","properties":{"fonte":"IEMA","classificacao":null,"tipo_infracao":"LAVAGEM DE CAMINH�O BETONEIRA E BOMBA LAN�ADA EM VIA PUBLICA","item":null,"gravidade":null,"data":"2010-10-07T00:00:00Z","municipio":"Vila Velha","processo":""},"geometry":{"type":"MultiPoint","coordinates":[[-40.27796251,-20.33025514]]}},{"type":"Feature","properties":{"fonte":"IEMA","classificacao":null,"tipo_infracao":"Aterro em APP","item":null,"gravidade":null,"data":"2015-06-23T00:00:00Z","municipio":"Vila Velha","processo":"GFI 27296"},"geometry":{"type":"MultiPoint","coordinates":[[-40.31136559,-20.32965539]]}},{"type":"Feature","properties":{"fonte":"IEMA","classificacao":null,"tipo_infracao":"ACIDENTE COM VAZAMENTO DE �LEO COMBUST�VEL NA PRAINHA DA GL�RIA.","item":null,"gravidade":null,"data":"2012-08-10T00:00:00Z","municipio":"Vila Velha","processo":""},"geometry":{"type":"MultiPoint","coordinates":[[-40.30817626,-20.32967025]]}},{"type":"Feature","properties":{"fonte":"IEMA","classificacao":null,"tipo_infracao":"EDIFICA��O DE ALICERCE  EM APP","item":null,"gravidade":null,"data":"2016-12-15T00:00:00Z","municipio":"Vila Velha","processo":"GFI 1598/16"},"geometry":{"type":"MultiPoint","coordinates":[[-40.31080965,-20.32960535]]}},{"type":"Feature","properties":{"fonte":"IEMA","classificacao":null,"tipo_infracao":"EDIFICA��O DE ALICERCE  EM APP","item":null,"gravidade":null,"data":"2016-12-15T00:00:00Z","municipio":"Vila Velha","processo":"GFI 1598/16"},"geometry":{"type":"MultiPoint","coordinates":[[-40.31080965,-20.32960535]]}},{"type":"Feature","properties":{"fonte":"IEMA","classificacao":null,"tipo_infracao":"PROPRIEDADE CURSO D'AGUA","item":null,"gravidade":null,"data":"2017-10-04T00:00:00Z","municipio":"Cariacica","processo":"GFI 552/17"},"geometry":{"type":"MultiPoint","coordinates":[[-40.44875564,-20.32836294]]}},{"type":"Feature","properties":{"fonte":"IEMA","classificacao":null,"tipo_infracao":"RECOLHIMENTO DE ENTULHO SEM LICEN�A AMBIENTAL, ALTO LAGE.","item":null,"gravidade":null,"data":"2017-01-12T00:00:00Z","municipio":"Cariacica","processo":""},"geometry":{"type":"MultiPoint","coordinates":[[-40.37003354,-20.32897957]]}},{"type":"Feature","properties":{"fonte":"IEMA","classificacao":null,"tipo_infracao":"DISPOSI��O DE RES�DUOS EM VIA P�BLICA, EM ALECRIM","item":null,"gravidade":null,"data":"2012-06-22T00:00:00Z","municipio":"Vila Velha","processo":"GFI 7818"},"geometry":{"type":"MultiPoint","coordinates":[[-40.34845483,-20.3289757]]}},{"type":"Feature","properties":{"fonte":"IEMA","classificacao":null,"tipo_infracao":"DISPOSI��O DE RES�DUOS EM VIA P�BLICA, EM ALECRIM.","item":null,"gravidade":null,"data":"2013-01-22T00:00:00Z","municipio":"Vila Velha","processo":""},"geometry":{"type":"MultiPoint","coordinates":[[-40.34845483,-20.3289757]]}},{"type":"Feature","properties":{"fonte":"IEMA","classificacao":null,"tipo_infracao":"OFICINA DE CARRO PREJUDICANDO OS VIZINHOS COM O CHEIRO FORTE DE TINTA, NO BAIRRO ORIENTE","item":null,"gravidade":null,"data":"2011-08-10T00:00:00Z","municipio":"Cariacica","processo":"GFI 11058"},"geometry":{"type":"MultiPoint","coordinates":[[-40.37670698,-20.32872838]]}},{"type":"Feature","properties":{"fonte":"IEMA","classificacao":null,"tipo_infracao":"OFICINA DE CARRO PREJUDICANDO OS VIZINHOS COM O CHEIRO FORTE DE TINTA, NO BAIRRO ORIENTE.","item":null,"gravidade":null,"data":"2014-12-10T00:00:00Z","municipio":"Cariacica","processo":""},"geometry":{"type":"MultiPoint","coordinates":[[-40.37670698,-20.32872838]]}},{"type":"Feature","properties":{"fonte":"IEMA","classificacao":null,"tipo_infracao":"Cremat�rio de animais","item":null,"gravidade":null,"data":"2015-07-21T00:00:00Z","municipio":"Vila Velha","processo":"Prot. 9280/15"},"geometry":{"type":"MultiPoint","coordinates":[[-40.29277156,-20.32926989]]}},{"type":"Feature","properties":{"fonte":"IEMA","classificacao":null,"tipo_infracao":"ATRACADOURO COM UM BARCO NA BEIRA MAR SEM LICEN�A AMBIENTAL, NA PRAINHA DA GL�RIA","item":null,"gravidade":null,"data":"2011-12-07T00:00:00Z","municipio":"Vila Velha","processo":"AI 06054"},"geometry":{"type":"MultiPoint","coordinates":[[-40.30745789,-20.32852824]]}},{"type":"Feature","properties":{"fonte":"IEMA","classificacao":null,"tipo_infracao":"ATRACADOURO COM UM BARCO NA BEIRA MAR SEM LICEN�A AMBIENTAL, NA PRAINHA DA GL�RIA.","item":null,"gravidade":null,"data":"2012-10-25T00:00:00Z","municipio":"Vila Velha","processo":""},"geometry":{"type":"MultiPoint","coordinates":[[-40.30745789,-20.32852824]]}},{"type":"Feature","properties":{"fonte":"IEMA","classificacao":null,"tipo_infracao":"JATEAMENTO DE EMBARCA��OES SENDO FEITAS NO MAR MATANDO TARTARUGAS E PEIXES, BAIRRO GL�RIA","item":null,"gravidade":null,"data":"2013-11-20T00:00:00Z","municipio":"Vila Velha","processo":"GFI 124/12"},"geometry":{"type":"MultiPoint","coordinates":[[-40.30732138,-20.32824015]]}},{"type":"Feature","properties":{"fonte":"IEMA","classificacao":null,"tipo_infracao":"ACIDENTE LIQUIDO DE COLORA��O ROSA DESPEJADO NO CANAL QUE DESAGUA NA BAIA DE VITORIA, PROXIMO DA CINCO PONTES.","item":null,"gravidade":null,"data":"2015-09-17T00:00:00Z","municipio":"Vila Velha","processo":"GFI 273/15"},"geometry":{"type":"MultiPoint","coordinates":[[-40.35012849,-20.32758955]]}},{"type":"Feature","properties":{"fonte":"IEMA","classificacao":null,"tipo_infracao":"Porto","item":null,"gravidade":null,"data":"2015-06-25T00:00:00Z","municipio":"Vila Velha","processo":"10688/2015"},"geometry":{"type":"MultiPoint","coordinates":[[-40.3251972,-20.32753639]]}},{"type":"Feature","properties":{"fonte":"IEMA","classificacao":null,"tipo_infracao":"CONSTRU��O DE P�ER  AO LADO DA BA�A DA PRAINHA DE VILA VELHA.","item":null,"gravidade":null,"data":"2013-07-17T00:00:00Z","municipio":"Vila Velha","processo":"PROT. 24962/12 D"},"geometry":{"type":"MultiPoint","coordinates":[[-40.29177068,-20.32754264]]}},{"type":"Feature","properties":{"fonte":"IEMA","classificacao":null,"tipo_infracao":"Mancha de oleo no mar nas proximidades do pier da empresa SS Naval localizada na Prainha de Vila Velha.","item":null,"gravidade":null,"data":"2020-01-24T00:00:00Z","municipio":"Vila Velha","processo":"GFI 11/20"},"geometry":{"type":"MultiPoint","coordinates":[[-40.3065866,-20.3274235]]}},{"type":"Feature","properties":{"fonte":"IEMA","classificacao":null,"tipo_infracao":"Instala��o de tirolesa no Morro do Moreno","item":null,"gravidade":null,"data":"2019-09-24T00:00:00Z","municipio":"Vila Velha","processo":"OGE 2019080296"},"geometry":{"type":"MultiPoint","coordinates":[[-40.2803446,-20.32758152]]}},{"type":"Feature","properties":{"fonte":"IEMA","classificacao":null,"tipo_infracao":"CATIVEIRO DE ANIMAIS SILVESTRE","item":null,"gravidade":null,"data":"2013-07-24T00:00:00Z","municipio":"Cariacica","processo":"GFI 574/13"},"geometry":{"type":"MultiPoint","coordinates":[[-40.36052393,-20.32691269]]}},{"type":"Feature","properties":{"fonte":"IEMA","classificacao":null,"tipo_infracao":"SUPRESSA� DE VEGETA��O MAGUEZAL","item":null,"gravidade":null,"data":"2014-09-01T00:00:00Z","municipio":"Vila Velha","processo":"GFI 17138"},"geometry":{"type":"MultiPoint","coordinates":[[-40.28273699,-20.32732909]]}},{"type":"Feature","properties":{"fonte":"IEMA","classificacao":null,"tipo_infracao":"DEN�NCIA: INDICIOS DE TRINCAS/VAZAMENTO NA PARTE DO FUNDO TANANQUES DA EMRPESA","item":null,"gravidade":null,"data":"2021-08-06T00:00:00Z","municipio":"Vila Velha","processo":"GFI 71/21"},"geometry":{"type":"MultiPoint","coordinates":[[-40.33687593,-20.32682409]]}},{"type":"Feature","properties":{"fonte":"IEMA","classificacao":null,"tipo_infracao":"Denuncia de possivel rachadura e vazamento de produto.","item":null,"gravidade":null,"data":"2021-08-11T00:00:00Z","municipio":"Vila Velha","processo":"GFI 074/21"},"geometry":{"type":"MultiPoint","coordinates":[[-40.33687593,-20.32682409]]}},{"type":"Feature","properties":{"fonte":"IEMA","classificacao":null,"tipo_infracao":"Denuncia de possivel rachadura e vazamento de produto.","item":null,"gravidade":null,"data":"2021-08-11T00:00:00Z","municipio":"Vila Velha","processo":"GFI 074/21"},"geometry":{"type":"MultiPoint","coordinates":[[-40.33687593,-20.32682409]]}},{"type":"Feature","properties":{"fonte":"IEMA","classificacao":null,"tipo_infracao":"DISPOSI��O DE RES�DUOS DE CONSTRU��O CIVIL EM �REA URBANA �S MARGENS DE C�RREGO, EM NOVA BRAS�LIA","item":null,"gravidade":null,"data":"2012-06-27T00:00:00Z","municipio":"Cariacica","processo":"GFI 10681 B"},"geometry":{"type":"MultiPoint","coordinates":[[-40.38724937,-20.32628708]]}},{"type":"Feature","properties":{"fonte":"IEMA","classificacao":null,"tipo_infracao":"DISPOSI��O DE RES�DUOS DE CONSTRU��O CIVIL EM �REA URBANA �S MARGENS DE C�RREGO, EM NOVA BRAS�LIA.","item":null,"gravidade":null,"data":"2014-07-08T00:00:00Z","municipio":"Cariacica","processo":""},"geometry":{"type":"MultiPoint","coordinates":[[-40.38724937,-20.32628708]]}},{"type":"Feature","properties":{"fonte":"IEMA","classificacao":null,"tipo_infracao":"F�BRICA DE BLOCOS SEM LICEN�A AMBIENTAL, EM ITANGU�","item":null,"gravidade":null,"data":"2012-05-11T00:00:00Z","municipio":"Cariacica","processo":"GFI 12339"},"geometry":{"type":"MultiPoint","coordinates":[[-40.38527631,-20.32627562]]}},{"type":"Feature","properties":{"fonte":"IEMA","classificacao":null,"tipo_infracao":"F�BRICA DE BLOCOS SEM LICEN�A AMBIENTAL, EM ITANGU�.","item":null,"gravidade":null,"data":"2012-09-10T00:00:00Z","municipio":"Cariacica","processo":""},"geometry":{"type":"MultiPoint","coordinates":[[-40.38527631,-20.32627562]]}},{"type":"Feature","properties":{"fonte":"IEMA","classificacao":null,"tipo_infracao":"Servi�os portu�rios","item":null,"gravidade":null,"data":"2019-09-24T00:00:00Z","municipio":"Vila Velha","processo":"GFI 685/16"},"geometry":{"type":"MultiPoint","coordinates":[[-40.35204445,-20.32653578]]}},{"type":"Feature","properties":{"fonte":"IEMA","classificacao":null,"tipo_infracao":"DERRAMAMENTO E AFUNDAMENTO DE DRAGA NA BAIA DE VIT�RIA OCORRENDO VAZAMENTO DE �LEO DOS EQUIPAMENTOS E DO TANQUE DE COMBUST�VEL, EM S�O TORQUATO","item":null,"gravidade":null,"data":"2011-02-01T00:00:00Z","municipio":"Vila Velha","processo":"AI 8729 E 8732"},"geometry":{"type":"MultiPoint","coordinates":[[-40.34724473,-20.32638311]]}},{"type":"Feature","properties":{"fonte":"IEMA","classificacao":null,"tipo_infracao":"DERRAMAMENTO E AFUNDAMENTO DE DRAGA NA BAIA DE VIT�RIA OCORRENDO VAZAMENTO DE �LEO DOS EQUIPAMENTOS E DO TANQUE DE COMBUST�VEL, EM S�O TORQUATO.","item":null,"gravidade":null,"data":"2012-09-26T00:00:00Z","municipio":"Vila Velha","processo":""},"geometry":{"type":"MultiPoint","coordinates":[[-40.34724473,-20.32638311]]}},{"type":"Feature","properties":{"fonte":"IEMA","classificacao":null,"tipo_infracao":"ADERNAMENTO E AFUNDAMENTO DE DRAGA AMAZONIA NA BAIA DE VIT�RIA COM VAZAMENTO DE �LEO DOS EQUIPAMENTOS E DO TANQUE DE COMBUSTIVEL, PORTO DE VIT�RIA, EM FRENTE A PRISMIAN","item":null,"gravidade":null,"data":"2012-10-11T00:00:00Z","municipio":"Vila Velha","processo":"AI 8738"},"geometry":{"type":"MultiPoint","coordinates":[[-40.34724473,-20.32638311]]}},{"type":"Feature","properties":{"fonte":"IEMA","classificacao":null,"tipo_infracao":"ADERNAMENTO E AFUNDAMENTO DE DRAGA AMAZONIA NA BAIA DE VIT�RIA COM VAZAMENTO DE �LEO DOS EQUIPAMENTOS E DO TANQUE DE COMBUSTIVEL, PORTO DE VIT�RIA, EM FRENTE A PRISMIAN.","item":null,"gravidade":null,"data":"2014-10-28T00:00:00Z","municipio":"Vila Velha","processo":""},"geometry":{"type":"MultiPoint","coordinates":[[-40.34724473,-20.32638311]]}},{"type":"Feature","properties":{"fonte":"IEMA","classificacao":null,"tipo_infracao":"NAUFR�GIO DE LANCHA NA PRAINHA DA GL�RIA","item":null,"gravidade":null,"data":"2012-11-27T00:00:00Z","municipio":"Vila Velha","processo":"AI 07229"},"geometry":{"type":"MultiPoint","coordinates":[[-40.30623416,-20.32651365]]}},{"type":"Feature","properties":{"fonte":"IEMA","classificacao":null,"tipo_infracao":"MARINA SECA EST� ADENTRANDO COM TRATORES DE GRANDE PORTE DENTRO DA PRAIA CAUSANDO DANO AMBIENTAL, PRAIA DA COSTA.","item":null,"gravidade":null,"data":"2011-03-31T00:00:00Z","municipio":"Vila Velha","processo":"Prot. 17882/10 A"},"geometry":{"type":"MultiPoint","coordinates":[[-40.27226225,-20.32658347]]}},{"type":"Feature","properties":{"fonte":"IEMA","classificacao":null,"tipo_infracao":"Lavador de embarca��es","item":null,"gravidade":null,"data":"2018-04-20T00:00:00Z","municipio":"Vila Velha","processo":""},"geometry":{"type":"MultiPoint","coordinates":[[-40.27226225,-20.32658347]]}},{"type":"Feature","properties":{"fonte":"IEMA","classificacao":null,"tipo_infracao":"DEPOSITO E COMERCIO DE BRITA E AREIA","item":null,"gravidade":null,"data":"2010-09-20T00:00:00Z","municipio":"Cariacica","processo":"AI / 03400"},"geometry":{"type":"MultiPoint","coordinates":[[-40.37204564,-20.32581079]]}},{"type":"Feature","properties":{"fonte":"IEMA","classificacao":null,"tipo_infracao":"DEPOSITO E COMERCIO DE BRITA E AREIA","item":null,"gravidade":null,"data":"2013-04-24T00:00:00Z","municipio":"Cariacica","processo":""},"geometry":{"type":"MultiPoint","coordinates":[[-40.37204564,-20.32581079]]}},{"type":"Feature","properties":{"fonte":"IEMA","classificacao":null,"tipo_infracao":"Prot. 14631/11, AMD 316/11 - SLM, Prot. 24064/10","item":null,"gravidade":null,"data":"2020-10-01T00:00:00Z","municipio":"Vila Velha","processo":""},"geometry":{"type":"MultiPoint","coordinates":[[-40.30530298,-20.3262586]]}},{"type":"Feature","properties":{"fonte":"IEMA","classificacao":null,"tipo_infracao":"ESGOTO DOM�STICO LAN�ADO DE FORMA INADEQUADA, SEM TRATAMENTO PR�VIO, ATRAV�S DE DRENAGEM PLUVIAL, MORRO DO ATALAIA","item":null,"gravidade":null,"data":"2011-10-06T00:00:00Z","municipio":"Vila Velha","processo":"GFI 186/08"},"geometry":{"type":"MultiPoint","coordinates":[[-40.3352217,-20.32602363]]}},{"type":"Feature","properties":{"fonte":"IEMA","classificacao":null,"tipo_infracao":"DERRAMAMENTO DE SODA C�USTICA  PROVENIENTE DE UMA TUBULA��O UTILIZADA NO EMBARQUE E DESEMBARQUE DO TERMINAL DE CARGAS DA EMPRESA, VALE EM S�O TORQUATO","item":null,"gravidade":null,"data":"2014-01-29T00:00:00Z","municipio":"Vila Velha","processo":"AI 06078"},"geometry":{"type":"MultiPoint","coordinates":[[-40.34037312,-20.32586676]]}},{"type":"Feature","properties":{"fonte":"IEMA","classificacao":null,"tipo_infracao":"CATIVEIRO DE ANIMAIS SILVESTRE","item":null,"gravidade":null,"data":"2013-07-24T00:00:00Z","municipio":"Vila Velha","processo":"GFI 570/13"},"geometry":{"type":"MultiPoint","coordinates":[[-40.27141694,-20.32628245]]}},{"type":"Feature","properties":{"fonte":"IEMA","classificacao":null,"tipo_infracao":"ACIDENTE LAN�AMENTO DE �LEO NA BA�A DE VIT�RIA ATRAV�S DE TUBULA��O DE OFICINA MEC�NICA, COMPLEXO PORTO VELHO","item":null,"gravidade":null,"data":"2014-01-22T00:00:00Z","municipio":"Cariacica","processo":"AI 07238"},"geometry":{"type":"MultiPoint","coordinates":[[-40.35742808,-20.32555449]]}},{"type":"Feature","properties":{"fonte":"IEMA","classificacao":null,"tipo_infracao":"SOLICITAM VISTORIA PARA VERIFICAR CONSTRU��ES DE CASAS NO MORRO DO MORENO.","item":null,"gravidade":null,"data":"2013-04-24T00:00:00Z","municipio":"Vila Velha","processo":""},"geometry":{"type":"MultiPoint","coordinates":[[-40.28190016,-20.32573609]]}},{"type":"Feature","properties":{"fonte":"IEMA","classificacao":null,"tipo_infracao":"Supress�o de vegeta��o","item":null,"gravidade":null,"data":"2017-05-19T00:00:00Z","municipio":"Vila Velha","processo":""},"geometry":{"type":"MultiPoint","coordinates":[[-40.28190016,-20.32573609]]}},{"type":"Feature","properties":{"fonte":"IEMA","classificacao":null,"tipo_infracao":"COMUNICADO DE EMISS�O ATMOSFERICA NO PORTO DE CAPUABA.","item":null,"gravidade":null,"data":"2023-04-20T00:00:00Z","municipio":"Vila Velha","processo":"GFI 039/2023"},"geometry":{"type":"MultiPoint","coordinates":[[-40.33185328,-20.32524525]]}},{"type":"Feature","properties":{"fonte":"IEMA","classificacao":null,"tipo_infracao":"REQUISITA A REALIZA��O DE VISTORIA NO LOTEAMENTO PRAIA DO RIBEIRO.","item":null,"gravidade":null,"data":"2013-02-27T00:00:00Z","municipio":"Vila Velha","processo":"Prot. 17758/12"},"geometry":{"type":"MultiPoint","coordinates":[[-40.27031039,-20.32565806]]}},{"type":"Feature","properties":{"fonte":"IEMA","classificacao":null,"tipo_infracao":"CONDOM�NIO RESIDENCIAL EXECUTANDO OBRAS OU INTERVEN��ES EM PRAIAS E NO COST�O ROCHOSO, PRAIA DA COSTA","item":null,"gravidade":null,"data":"2013-03-22T00:00:00Z","municipio":"Vila Velha","processo":"AI E AE/I 8204"},"geometry":{"type":"MultiPoint","coordinates":[[-40.27031039,-20.32565806]]}},{"type":"Feature","properties":{"fonte":"IEMA","classificacao":null,"tipo_infracao":"CONDOM�NIO RESIDENCIAL EXECUTANDO OBRAS OU INTERVEN��ES EM PRAIAS E NO COST�O ROCHOSO, PRAIA DA COSTA.","item":null,"gravidade":null,"data":"2014-12-22T00:00:00Z","municipio":"Vila Velha","processo":""},"geometry":{"type":"MultiPoint","coordinates":[[-40.27031039,-20.32565806]]}},{"type":"Feature","properties":{"fonte":"IEMA","classificacao":null,"tipo_infracao":"Condom�nio residencial","item":null,"gravidade":null,"data":"2016-02-22T00:00:00Z","municipio":"Vila Velha","processo":""},"geometry":{"type":"MultiPoint","coordinates":[[-40.27031039,-20.32565806]]}},{"type":"Feature","properties":{"fonte":"IEMA","classificacao":null,"tipo_infracao":"ACIDENTE MAR�TIMO COM DERRAME DE PRODUTO QU�MICO, BER�O 207 DOLFINS DO ATALAIA PAUL","item":null,"gravidade":null,"data":"2014-03-26T00:00:00Z","municipio":"Vila Velha","processo":"AI 7955"},"geometry":{"type":"MultiPoint","coordinates":[[-40.33640141,-20.32510213]]}},{"type":"Feature","properties":{"fonte":"IEMA","classificacao":null,"tipo_infracao":"Armazenamento de granel liquido","item":null,"gravidade":null,"data":"2015-12-07T00:00:00Z","municipio":"Vila Velha","processo":"AI 11425"},"geometry":{"type":"MultiPoint","coordinates":[[-40.33395836,-20.32501237]]}},{"type":"Feature","properties":{"fonte":"IEMA","classificacao":null,"tipo_infracao":"DERIVA��O DE CURSO E AMPLIA��O DE PO�OS ESCAVADOS EM APP, BAIRRO S�O FRANCISCO","item":null,"gravidade":null,"data":"2015-01-05T00:00:00Z","municipio":"Cariacica","processo":"AI 10926"},"geometry":{"type":"MultiPoint","coordinates":[[-40.5214215,-20.32179225]]}},{"type":"Feature","properties":{"fonte":"IEMA","classificacao":null,"tipo_infracao":"ANIMAL SILVESTRE EM CATIVEIRO","item":null,"gravidade":null,"data":"2013-04-24T00:00:00Z","municipio":"Cariacica","processo":"GFI 404/13"},"geometry":{"type":"MultiPoint","coordinates":[[-40.36352206,-20.32476624]]}},{"type":"Feature","properties":{"fonte":"IEMA","classificacao":null,"tipo_infracao":"Derramamento de malte no mar durante opera��oo do terminal portuario de vila velha","item":null,"gravidade":null,"data":"2023-12-01T00:00:00Z","municipio":"Vila Velha","processo":"GFI 111/2023"},"geometry":{"type":"MultiPoint","coordinates":[[-40.33235692,-20.32478065]]}},{"type":"Feature","properties":{"fonte":"IEMA","classificacao":null,"tipo_infracao":"DERRAMAMENTO DE �LEO DIESEL, EM CAPUABA","item":null,"gravidade":null,"data":"2014-03-24T00:00:00Z","municipio":"Vila Velha","processo":"GFI 15043"},"geometry":{"type":"MultiPoint","coordinates":[[-40.3215629,-20.32477223]]}},{"type":"Feature","properties":{"fonte":"IEMA","classificacao":null,"tipo_infracao":"COND 26 PROCESSO 22790187","item":null,"gravidade":null,"data":"2015-01-05T00:00:00Z","municipio":"Vila Velha","processo":"LO 371/13"},"geometry":{"type":"MultiPoint","coordinates":[[-40.3215629,-20.32477223]]}},{"type":"Feature","properties":{"fonte":"IEMA","classificacao":null,"tipo_infracao":"Oleo no mar","item":null,"gravidade":null,"data":"2016-09-19T00:00:00Z","municipio":"Vila Velha","processo":"1111/16"},"geometry":{"type":"MultiPoint","coordinates":[[-40.33223149,-20.3246732]]}},{"type":"Feature","properties":{"fonte":"IEMA","classificacao":null,"tipo_infracao":"ACIDENTE MAR�TIMO DERRAME DO �LEO NO MAR PROVENIENTE DO TANQUE DE COMBUST�VEL DA EMBARCA��O BRAM BEL�M, BER�O III CPVV","item":null,"gravidade":null,"data":"2014-11-18T00:00:00Z","municipio":"Vila Velha","processo":"AI 10161"},"geometry":{"type":"MultiPoint","coordinates":[[-40.32128271,-20.32448524]]}},{"type":"Feature","properties":{"fonte":"IEMA","classificacao":null,"tipo_infracao":"ACIDENTE COM DERRAMAMENTO DE �LEO NO MAR NA OPERA��O DE ABASTECIMENTO DO BARCO VEJA JAANCA, P�ER DA CPVV BER�O 02","item":null,"gravidade":null,"data":"2014-02-20T00:00:00Z","municipio":"Vila Velha","processo":"AI 10429"},"geometry":{"type":"MultiPoint","coordinates":[[-40.32141641,-20.32443906]]}},{"type":"Feature","properties":{"fonte":"IEMA","classificacao":null,"tipo_infracao":"ACIDENTE COM DERRAMAMENTO DE �LEO NO MAR NA OPERA��O DE ABASTECIMENTO DO BARCO VEJA JAANCA, P�ER DA CPVV BER�O 02.","item":null,"gravidade":null,"data":"2014-08-12T00:00:00Z","municipio":"Vila Velha","processo":""},"geometry":{"type":"MultiPoint","coordinates":[[-40.32141641,-20.32443906]]}},{"type":"Feature","properties":{"fonte":"IEMA","classificacao":null,"tipo_infracao":"ACIDENTE MAR�TIMO COM DERRAME DE �LEO DIESEL NO MAR, P�ER CPVV BER�O 03, CAIS DE CAPUABA","item":null,"gravidade":null,"data":"2013-06-19T00:00:00Z","municipio":"Vila Velha","processo":"AI 8327"},"geometry":{"type":"MultiPoint","coordinates":[[-40.32138768,-20.32443928]]}},{"type":"Feature","properties":{"fonte":"IEMA","classificacao":null,"tipo_infracao":"Vazamento de combust�vel durante abastecimento de embarca��o no Terminal Portu�rio de Vila Velha, atingindo a �gua.","item":null,"gravidade":null,"data":"2018-05-18T00:00:00Z","municipio":"Vila Velha","processo":"GFI 093/18"},"geometry":{"type":"MultiPoint","coordinates":[[-40.33019778,-20.32429116]]}},{"type":"Feature","properties":{"fonte":"IEMA","classificacao":null,"tipo_infracao":"Vazamento de combust�vel durante abastecimento de embarca��o no Terminal Portu�rio de Vila Velha, atingindo a �gua.","item":null,"gravidade":null,"data":"2018-05-28T00:00:00Z","municipio":"Vila Velha","processo":"GFI 093/18"},"geometry":{"type":"MultiPoint","coordinates":[[-40.33019778,-20.32429116]]}},{"type":"Feature","properties":{"fonte":"IEMA","classificacao":null,"tipo_infracao":"DISPOSI��O DE SUCATA A C�U ABERTO SEM LICEN�A AMBIENTAL, EM NOVA BRAS�LIA","item":null,"gravidade":null,"data":"2012-03-30T00:00:00Z","municipio":"Cariacica","processo":"GFI 10681 A"},"geometry":{"type":"MultiPoint","coordinates":[[-40.38764892,-20.3238356]]}},{"type":"Feature","properties":{"fonte":"IEMA","classificacao":null,"tipo_infracao":"DISPOSI��O DE SUCATA A C�U ABERTO SEM LICEN�A AMBIENTAL, EM NOVA BRAS�LIA.","item":null,"gravidade":null,"data":"2013-09-11T00:00:00Z","municipio":"Cariacica","processo":""},"geometry":{"type":"MultiPoint","coordinates":[[-40.38764892,-20.3238356]]}},{"type":"Feature","properties":{"fonte":"IEMA","classificacao":null,"tipo_infracao":"disposi��o de residuos","item":null,"gravidade":null,"data":"2018-06-25T00:00:00Z","municipio":"Cariacica","processo":""},"geometry":{"type":"MultiPoint","coordinates":[[-40.38764892,-20.3238356]]}},{"type":"Feature","properties":{"fonte":"IEMA","classificacao":null,"tipo_infracao":"DISPOSI��O DE SUCATA A C�U ABERTO SEM LICEN�A AMBIENTAL, EM NOVA BRAS�LIA.","item":null,"gravidade":null,"data":"2017-05-19T00:00:00Z","municipio":"Cariacica","processo":""},"geometry":{"type":"MultiPoint","coordinates":[[-40.38760924,-20.32368234]]}},{"type":"Feature","properties":{"fonte":"IEMA","classificacao":null,"tipo_infracao":"ACIDENTE MAR�TIMO  MANCHA DE �LEO NO MAR  BER�O II DO TVV","item":null,"gravidade":null,"data":"2014-09-03T00:00:00Z","municipio":"Vila Velha","processo":"AI 10542"},"geometry":{"type":"MultiPoint","coordinates":[[-40.32882627,-20.3240667]]}},{"type":"Feature","properties":{"fonte":"IEMA","classificacao":null,"tipo_infracao":"ACIDENTE MAR�TIMO MANCHA DE �LEO NO MAR BER�O II DO TVV.","item":null,"gravidade":null,"data":"2015-01-13T00:00:00Z","municipio":"Vila Velha","processo":""},"geometry":{"type":"MultiPoint","coordinates":[[-40.32882627,-20.3240667]]}},{"type":"Feature","properties":{"fonte":"IEMA","classificacao":null,"tipo_infracao":"CONSTRU��O DE BARRAGEM  EM CURSO D\"AGUA","item":null,"gravidade":null,"data":"2009-05-26T00:00:00Z","municipio":"Viana","processo":"AI E TE/I 1191"},"geometry":{"type":"MultiPoint","coordinates":[[-40.52811209,-20.32240241]]}},{"type":"Feature","properties":{"fonte":"IEMA","classificacao":null,"tipo_infracao":"ATENDIMENTO DE AUTO DE INTIMA��O","item":null,"gravidade":null,"data":"2010-04-29T00:00:00Z","municipio":"Viana","processo":""},"geometry":{"type":"MultiPoint","coordinates":[[-40.52811209,-20.32240241]]}},{"type":"Feature","properties":{"fonte":"IEMA","classificacao":null,"tipo_infracao":"PISCICULTURA COM BARRAMENTO EM CURSO D'�GUA SEM LICEN�A AMBIENTAL, EM S�O APULO DE CIMA","item":null,"gravidade":null,"data":"2012-05-16T00:00:00Z","municipio":"Viana","processo":"AI 02786"},"geometry":{"type":"MultiPoint","coordinates":[[-40.52811209,-20.32240241]]}},{"type":"Feature","properties":{"fonte":"IEMA","classificacao":null,"tipo_infracao":"PISCICULTURA COM BARRAMENTO EM CURSO D'�GUA SEM LICEN�A AMBIENTAL, EM S�O APULO DE CIMA.","item":null,"gravidade":null,"data":"2014-09-02T00:00:00Z","municipio":"Viana","processo":""},"geometry":{"type":"MultiPoint","coordinates":[[-40.52811209,-20.32240241]]}},{"type":"Feature","properties":{"fonte":"IEMA","classificacao":null,"tipo_infracao":"ACIDENTE MAR�TIMO COM DERRAMAMENTO DE �LEO NO MAR, BER�O 02 P�ER COMPANHIA PORTU�RIA VILA VELHA","item":null,"gravidade":null,"data":"2012-09-14T00:00:00Z","municipio":"Vila Velha","processo":"AI 03150"},"geometry":{"type":"MultiPoint","coordinates":[[-40.32123865,-20.32380799]]}},{"type":"Feature","properties":{"fonte":"IEMA","classificacao":null,"tipo_infracao":"ACIDENTE MAR�TIMO COM DERRAMAMENTO DE �LEO NO MAR, BER�O 02 P�ER COMPANHIA PORTU�RIA VILA VELHA.","item":null,"gravidade":null,"data":"2012-11-23T00:00:00Z","municipio":"Vila Velha","processo":""},"geometry":{"type":"MultiPoint","coordinates":[[-40.32123865,-20.32380799]]}},{"type":"Feature","properties":{"fonte":"IEMA","classificacao":null,"tipo_infracao":"VAZAMENTO DE �LEO DIESE DURANTE O ABASTECIMENTO DO REBOCADOR TS PEREGRINO NO P�ER 2","item":null,"gravidade":null,"data":"2012-07-09T00:00:00Z","municipio":"Vila Velha","processo":"AI 06096"},"geometry":{"type":"MultiPoint","coordinates":[[-40.32097034,-20.32379195]]}},{"type":"Feature","properties":{"fonte":"IEMA","classificacao":null,"tipo_infracao":"RESIDUOS OLEOSOS DENTRO DA BAHIA DE VIST�RIA BER�O 203.","item":null,"gravidade":null,"data":"2018-03-01T00:00:00Z","municipio":"Vila Velha","processo":"GFI 002/18 A"},"geometry":{"type":"MultiPoint","coordinates":[[-40.32686687,-20.32341302]]}},{"type":"Feature","properties":{"fonte":"IEMA","classificacao":null,"tipo_infracao":"ESCAVA��O DE CURSO D'AGUA E AMPLIA��O DE PO�OS ESCAVADOS EM APP, BAIRRO ALEGRE.","item":null,"gravidade":null,"data":"2015-03-30T00:00:00Z","municipio":"Viana","processo":""},"geometry":{"type":"MultiPoint","coordinates":[[-40.5214215,-20.32179225]]}},{"type":"Feature","properties":{"fonte":"IEMA","classificacao":null,"tipo_infracao":"DEFESA CONTRA O AUTO DE MULTA N� 097/2014, REF. PROCESSO ADM 69857733.","item":null,"gravidade":null,"data":"2015-03-30T00:00:00Z","municipio":"Cariacica","processo":""},"geometry":{"type":"MultiPoint","coordinates":[[-40.5214215,-20.32179225]]}},{"type":"Feature","properties":{"fonte":"IEMA","classificacao":null,"tipo_infracao":"LAVA JATO UTILIZANDO PRODUTO PROVOCANDO POLUI��O ATMOSF�RICA, EM ITACIB�.","item":null,"gravidade":null,"data":"2011-06-30T00:00:00Z","municipio":"Cariacica","processo":"PROT. 23248/10 B"},"geometry":{"type":"MultiPoint","coordinates":[[-40.3782927,-20.32285259]]}},{"type":"Feature","properties":{"fonte":"IEMA","classificacao":null,"tipo_infracao":"LAVA JATO UTILIZANDO PRODUTO PROVOCANDO POLUI��O ATMOSF�RICA, EM ITACIB�.","item":null,"gravidade":null,"data":"2014-03-12T00:00:00Z","municipio":"Cariacica","processo":""},"geometry":{"type":"MultiPoint","coordinates":[[-40.3782927,-20.32285259]]}},{"type":"Feature","properties":{"fonte":"IEMA","classificacao":null,"tipo_infracao":"LAVAGEM DE VE�CULOS SEM LICEN�A AMBIENTAL, EM SOTEMA.","item":null,"gravidade":null,"data":"2017-01-12T00:00:00Z","municipio":"Cariacica","processo":""},"geometry":{"type":"MultiPoint","coordinates":[[-40.36764333,-20.32183402]]}},{"type":"Feature","properties":{"fonte":"IEMA","classificacao":null,"tipo_infracao":"DISPOSI��O DE RES�DUOS S�LIDOS EM APP, MANGUEZAL DE ITANGU�.","item":null,"gravidade":null,"data":"2014-08-13T00:00:00Z","municipio":"Cariacica","processo":""},"geometry":{"type":"MultiPoint","coordinates":[[-40.36866239,-20.3211846]]}},{"type":"Feature","properties":{"fonte":"IEMA","classificacao":null,"tipo_infracao":"PO�O ESCAVADO","item":null,"gravidade":null,"data":"2017-04-18T00:00:00Z","municipio":"Viana","processo":"AI 11857"},"geometry":{"type":"MultiPoint","coordinates":[[-40.55392165,-20.31954609]]}},{"type":"Feature","properties":{"fonte":"IEMA","classificacao":null,"tipo_infracao":"EDIFICA��O DE MURO A MARGEM DO CORPO D'AGUA BAIA DE VIT�RIA - GL�RIA.","item":null,"gravidade":null,"data":"2017-02-07T00:00:00Z","municipio":"Vila Velha","processo":""},"geometry":{"type":"MultiPoint","coordinates":[[-40.31073353,-20.32057138]]}},{"type":"Feature","properties":{"fonte":"IEMA","classificacao":null,"tipo_infracao":"RES�DUOS DE QUEIMA DE MATERIAIS DIVERSOS CAUSANDO DEGRADA��O AMBIENTAL, EM TUCUM","item":null,"gravidade":null,"data":"2011-02-08T00:00:00Z","municipio":"Cariacica","processo":"AI 04256"},"geometry":{"type":"MultiPoint","coordinates":[[-40.37621661,-20.31985146]]}},{"type":"Feature","properties":{"fonte":"IEMA","classificacao":null,"tipo_infracao":"QUEIMA DE RES�DUOS DOM�STICOS, RUA PRIMEIRO DE MAIO, EM TUCUM.","item":null,"gravidade":null,"data":"2011-09-19T00:00:00Z","municipio":"Cariacica","processo":""},"geometry":{"type":"MultiPoint","coordinates":[[-40.37621661,-20.31985146]]}},{"type":"Feature","properties":{"fonte":"IEMA","classificacao":null,"tipo_infracao":"ACIDENTE: ROMPIMENTO DE MANGUEIRA DE RETIRADA DE �LEO DO NAVIO PARA CAMINH�O ATINGINDO A BAIA DE VIT�RIA, BER�O 203, PORTO TVV","item":null,"gravidade":null,"data":"2014-01-29T00:00:00Z","municipio":"Vila Velha","processo":"AI 7965"},"geometry":{"type":"MultiPoint","coordinates":[[-40.32945296,-20.32006868]]}},{"type":"Feature","properties":{"fonte":"IEMA","classificacao":null,"tipo_infracao":"ACIDENTE: ROMPIMENTO DE MANGUEIRA DE RETIRADA DE �LEO DO NAVIO PARA CAMINH�O ATINGINDO A BAIA DE VIT�RIA, BER�O 203, PORTO TVV","item":null,"gravidade":null,"data":"2014-03-24T00:00:00Z","municipio":"Vila Velha","processo":"AI 7967"},"geometry":{"type":"MultiPoint","coordinates":[[-40.32945296,-20.32006868]]}},{"type":"Feature","properties":{"fonte":"IEMA","classificacao":null,"tipo_infracao":"ACIDENTE: ROMPIMENTO DE MANGUEIRA DE RETIRADA DE �LEO DO NAVIO PARA CAMINH�O ATINGINDO A BAIA DE VIT�RIA, BER�O 203, PORTO TVV","item":null,"gravidade":null,"data":"2014-04-30T00:00:00Z","municipio":"Vila Velha","processo":"AI 7966"},"geometry":{"type":"MultiPoint","coordinates":[[-40.32945296,-20.32006868]]}},{"type":"Feature","properties":{"fonte":"IEMA","classificacao":null,"tipo_infracao":"MACACO SAGUI MANTIDO EM CATIVEIRO, EM CAMPO GRANDE","item":null,"gravidade":null,"data":"2013-04-19T00:00:00Z","municipio":"Cariacica","processo":"GFI 226/13"},"geometry":{"type":"MultiPoint","coordinates":[[-40.33972575,-20.31964697]]}},{"type":"Feature","properties":{"fonte":"IEMA","classificacao":null,"tipo_infracao":"ATERRO SOBRE AREA DE MANGUE","item":null,"gravidade":null,"data":"2009-09-22T00:00:00Z","municipio":"Viana","processo":"AI, TAD E TE/ 1658"},"geometry":{"type":"MultiPoint","coordinates":[[-40.3756251,-20.31902496]]}},{"type":"Feature","properties":{"fonte":"IEMA","classificacao":null,"tipo_infracao":"ATERRO SOBRE AREA DE MANGUE","item":null,"gravidade":null,"data":"2013-04-29T00:00:00Z","municipio":"Viana","processo":""},"geometry":{"type":"MultiPoint","coordinates":[[-40.3756251,-20.31902496]]}},{"type":"Feature","properties":{"fonte":"IEMA","classificacao":null,"tipo_infracao":"Recebemos comunicado do Corpo de Bombeiros sobre atividade de lavagem de caminh�o tanque lan�ando efluente na drenagem, causando rea��o quimica com emiss�o de fuma�a esbranqui�ada.","item":null,"gravidade":null,"data":"2021-03-17T00:00:00Z","municipio":"Cariacica","processo":"GFI 33/20 - auto 13624"},"geometry":{"type":"MultiPoint","coordinates":[[-40.39566587,-20.31857706]]}},{"type":"Feature","properties":{"fonte":"IEMA","classificacao":null,"tipo_infracao":"Manuten��o de caminh�es e descontamina��o de tanques veiculares","item":null,"gravidade":null,"data":"2017-01-31T00:00:00Z","municipio":"Cariacica","processo":"GFI 56/17"},"geometry":{"type":"MultiPoint","coordinates":[[-40.39595291,-20.31854767]]}},{"type":"Feature","properties":{"fonte":"IEMA","classificacao":null,"tipo_infracao":"OFICINA MECANICA E LAVA JATO SEM LICEN�A AMBIENTAL, EM NOVA VALVERDE.","item":null,"gravidade":null,"data":"2009-06-15T00:00:00Z","municipio":"Cariacica","processo":""},"geometry":{"type":"MultiPoint","coordinates":[[-40.6845868,-20.31479505]]}},{"type":"Feature","properties":{"fonte":"IEMA","classificacao":null,"tipo_infracao":"OBRAS DO CENTRO DE TRATAMENTO DE TOXIC�MANO","item":null,"gravidade":null,"data":"2012-02-08T00:00:00Z","municipio":"Cariacica","processo":"GFI 79/11"},"geometry":{"type":"MultiPoint","coordinates":[[-40.37334976,-20.31730824]]}},{"type":"Feature","properties":{"fonte":"IEMA","classificacao":null,"tipo_infracao":"OBRAS DO CENTRO DE TRATAMENTO DE TOXIC�MANO.","item":null,"gravidade":null,"data":"2012-07-13T00:00:00Z","municipio":"Cariacica","processo":""},"geometry":{"type":"MultiPoint","coordinates":[[-40.37334976,-20.31730824]]}},{"type":"Feature","properties":{"fonte":"IEMA","classificacao":null,"tipo_infracao":"BOMBA DE SUC��O QUE QUANDO SIM FUNCIONA LAN�A DEJETOS EM UM CINTUR�O VERDE EXISTENTE NO LOCAL, BAIRRO MORADA DE LARANJEIRAS","item":null,"gravidade":null,"data":"2013-09-18T00:00:00Z","municipio":"Serra","processo":"Prot. 03677/11 C"},"geometry":{"type":"MultiPoint","coordinates":[[-40.29876616,-20.31765215]]}},{"type":"Feature","properties":{"fonte":"IEMA","classificacao":null,"tipo_infracao":"Piscicultura","item":null,"gravidade":null,"data":"2020-01-02T00:00:00Z","municipio":"Cariacica","processo":"Prot. 14551/18"},"geometry":{"type":"MultiPoint","coordinates":[[-40.51889999,-20.31561689]]}},{"type":"Feature","properties":{"fonte":"IEMA","classificacao":null,"tipo_infracao":"ATERRO EM APP E SEM LICEN�A AMBIENTAL, EM SANTANA","item":null,"gravidade":null,"data":"2012-08-30T00:00:00Z","municipio":"Cariacica","processo":"GFI 17/12"},"geometry":{"type":"MultiPoint","coordinates":[[-40.38911723,-20.31665972]]}},{"type":"Feature","properties":{"fonte":"IEMA","classificacao":null,"tipo_infracao":"APROPRIA��O IRREGULAR DE �REA P�BLICA EM APP, BAIRRO SANTANA.","item":null,"gravidade":null,"data":"2011-08-29T00:00:00Z","municipio":"Cariacica","processo":"RR 294/10"},"geometry":{"type":"MultiPoint","coordinates":[[-40.39089639,-20.31641972]]}},{"type":"Feature","properties":{"fonte":"IEMA","classificacao":null,"tipo_infracao":"APROPRIA��O IRREGULAR DE �REA P�BLICA EM APP, BAIRRO SANTANA.","item":null,"gravidade":null,"data":"2011-11-25T00:00:00Z","municipio":"Cariacica","processo":""},"geometry":{"type":"MultiPoint","coordinates":[[-40.39089639,-20.31641972]]}},{"type":"Feature","properties":{"fonte":"IEMA","classificacao":null,"tipo_infracao":"FUNDI��O DE METAIS E RECICLAGEM DE MATERIAIS SEM LICEN�A AMBIENTAL, EM TUCUM.","item":null,"gravidade":null,"data":"2014-08-20T00:00:00Z","municipio":"Cariacica","processo":"RR 140/11"},"geometry":{"type":"MultiPoint","coordinates":[[-40.38287064,-20.31638399]]}},{"type":"Feature","properties":{"fonte":"IEMA","classificacao":null,"tipo_infracao":"VISTORIA T�CNICA JUNTO COM O BATALH�O DA POL�CIA MILITAR AMBIENTAL PARA AVERIGUA��O DE IRREGULARIDADES NO FRIGOR�FICO, EM TUCUM","item":null,"gravidade":null,"data":"2014-09-15T00:00:00Z","municipio":"Cariacica","processo":"GFI 173/14"},"geometry":{"type":"MultiPoint","coordinates":[[-40.37947865,-20.31618491]]}},{"type":"Feature","properties":{"fonte":"IEMA","classificacao":null,"tipo_infracao":"TERRAPLANAGEM EM APP SEM LICEN�A AMBIENTAL, BAIRRO SANTANA","item":null,"gravidade":null,"data":"2012-04-27T00:00:00Z","municipio":"Cariacica","processo":"AI E AE/I 9048"},"geometry":{"type":"MultiPoint","coordinates":[[-40.38779989,-20.31606488]]}},{"type":"Feature","properties":{"fonte":"IEMA","classificacao":null,"tipo_infracao":"TERRAPLANAGEM EM APP SEM LICEN�A AMBIENTAL, BAIRRO SANTANA.","item":null,"gravidade":null,"data":"2012-08-10T00:00:00Z","municipio":"Cariacica","processo":""},"geometry":{"type":"MultiPoint","coordinates":[[-40.38779989,-20.31606488]]}},{"type":"Feature","properties":{"fonte":"IEMA","classificacao":null,"tipo_infracao":"Loteamento","item":null,"gravidade":null,"data":"2019-03-18T00:00:00Z","municipio":"Cariacica","processo":"PROT. 4305/19"},"geometry":{"type":"MultiPoint","coordinates":[[-40.3769687,-20.31501216]]}},{"type":"Feature","properties":{"fonte":"IEMA","classificacao":null,"tipo_infracao":"AUDI�NCIA REF. IMOBILI�RIA UNIVERSAL","item":null,"gravidade":null,"data":"2019-05-22T00:00:00Z","municipio":"Cariacica","processo":"PROT. 8642/19"},"geometry":{"type":"MultiPoint","coordinates":[[-40.3769687,-20.31501216]]}},{"type":"Feature","properties":{"fonte":"IEMA","classificacao":null,"tipo_infracao":"ATERRO EM �REA DE MAR�, EM PORTO DE SANTANA. Disposi��o de res�duos s�lidos urbanos","item":null,"gravidade":null,"data":"2017-02-20T00:00:00Z","municipio":"Cariacica","processo":""},"geometry":{"type":"MultiPoint","coordinates":[[-40.36515007,-20.31273779]]}},{"type":"Feature","properties":{"fonte":"IEMA","classificacao":null,"tipo_infracao":"CONSTRU��O DE QUOISQUE EM APP","item":null,"gravidade":null,"data":"2016-07-19T00:00:00Z","municipio":"Cariacica","processo":"GFI 415/15"},"geometry":{"type":"MultiPoint","coordinates":[[-40.36510685,-20.31217799]]}},{"type":"Feature","properties":{"fonte":"IEMA","classificacao":null,"tipo_infracao":"Disposi��o de carv�o a c�u aberto","item":null,"gravidade":null,"data":"2017-10-26T00:00:00Z","municipio":"Cariacica","processo":"GFI 599/17"},"geometry":{"type":"MultiPoint","coordinates":[[-40.37171343,-20.31202693]]}},{"type":"Feature","properties":{"fonte":"IEMA","classificacao":null,"tipo_infracao":"ABASTECIMENTO DE COMBUSTIVEL, LAVA JATO COM RAMPA, SANTANA","item":null,"gravidade":null,"data":"2014-12-16T00:00:00Z","municipio":"Cariacica","processo":"AI E AE/I 11403"},"geometry":{"type":"MultiPoint","coordinates":[[-40.38732187,-20.31185867]]}},{"type":"Feature","properties":{"fonte":"IEMA","classificacao":null,"tipo_infracao":"ABASTECIMENTO DE COMBUSTIVEL, LAVA JATO COM RAMPA, SANTANA.","item":null,"gravidade":null,"data":"2014-12-29T00:00:00Z","municipio":"Cariacica","processo":""},"geometry":{"type":"MultiPoint","coordinates":[[-40.38732187,-20.31185867]]}},{"type":"Feature","properties":{"fonte":"IEMA","classificacao":null,"tipo_infracao":"TRANSPORTE AQUAVIARIOA PARA PASSEIO TURISTICO,SEM LICEN�A , EM PORTO DE SANTANA","item":null,"gravidade":null,"data":"2010-08-10T00:00:00Z","municipio":"Cariacica","processo":"AI E TE/I 03395"},"geometry":{"type":"MultiPoint","coordinates":[[-40.36509601,-20.31203352]]}},{"type":"Feature","properties":{"fonte":"IEMA","classificacao":null,"tipo_infracao":"TRANSPORTE AQUAVIARIOA PARA PASSEIO TURISTICO,SEM LICEN�A , EM PORTO DE SANTANA","item":null,"gravidade":null,"data":"2014-02-13T00:00:00Z","municipio":"Cariacica","processo":""},"geometry":{"type":"MultiPoint","coordinates":[[-40.36509601,-20.31203352]]}},{"type":"Feature","properties":{"fonte":"IEMA","classificacao":null,"tipo_infracao":"ACIDENTE COM P� DE MIN�RIO NAS RUAS DO BAIRRO PORTO DE SANTANA - ES.","item":null,"gravidade":null,"data":"2022-12-05T00:00:00Z","municipio":"Cariacica","processo":"GFI 109/2022"},"geometry":{"type":"MultiPoint","coordinates":[[-40.37124479,-20.31100972]]}},{"type":"Feature","properties":{"fonte":"IEMA","classificacao":null,"tipo_infracao":"RAMPA DE EMBARCA��ES - PORTO DE SANTANA","item":null,"gravidade":null,"data":"2017-11-24T00:00:00Z","municipio":"Cariacica","processo":""},"geometry":{"type":"MultiPoint","coordinates":[[-40.36533579,-20.31098366]]}},{"type":"Feature","properties":{"fonte":"IEMA","classificacao":null,"tipo_infracao":"Terminal de armaz�m de produtos minerais e L�quido preto (�gua de chuva e res�duos de pilhas de materia mineral) atingindo drenagem e a Ba�a de Vit�ria","item":null,"gravidade":null,"data":"2018-03-02T00:00:00Z","municipio":"Cariacica","processo":"GFI 035/18"},"geometry":{"type":"MultiPoint","coordinates":[[-40.37268047,-20.31091715]]}},{"type":"Feature","properties":{"fonte":"IEMA","classificacao":null,"tipo_infracao":"Atendimento acidente pela equipe de Plant�o de Emergencia do IEMA - Descri��o: Arrastes de sedimento do sistema de drenagem pluvial oriundo do patio de min�rio da empresa TFS.","item":null,"gravidade":null,"data":"2018-02-15T00:00:00Z","municipio":"Cariacica","processo":"GFI 018/18"},"geometry":{"type":"MultiPoint","coordinates":[[-40.37117705,-20.31092894]]}},{"type":"Feature","properties":{"fonte":"IEMA","classificacao":null,"tipo_infracao":"Atendimento acidente pela equipe de Plant�o de Emergencia do IEMA - Descri��o: Arrastes de sedimento do sistema de drenagem pluvial oriundo do patio de min�rio da empresa TFS.","item":null,"gravidade":null,"data":"2018-02-15T00:00:00Z","municipio":"Cariacica","processo":"GFI 018/18"},"geometry":{"type":"MultiPoint","coordinates":[[-40.37117705,-20.31092894]]}},{"type":"Feature","properties":{"fonte":"IEMA","classificacao":null,"tipo_infracao":"OBRAS DE DRENAGEM E ABERTURA DE RUA DANIFICANDO NASCENTES NO LOCAL, BAIRRO NOVO BRASIL","item":null,"gravidade":null,"data":"2013-07-26T00:00:00Z","municipio":"Cariacica","processo":"Prot. 05148/12"},"geometry":{"type":"MultiPoint","coordinates":[[-40.43679729,-20.31011319]]}},{"type":"Feature","properties":{"fonte":"IEMA","classificacao":null,"tipo_infracao":"OBRAS DE DRENAGEM E ABERTURA DE RUA DANIFICANDO NASCENTES NO LOCAL, BAIRRO NOVO BRASIL.","item":null,"gravidade":null,"data":"2014-12-22T00:00:00Z","municipio":"Cariacica","processo":""},"geometry":{"type":"MultiPoint","coordinates":[[-40.43679729,-20.31011319]]}},{"type":"Feature","properties":{"fonte":"IEMA","classificacao":null,"tipo_infracao":"ATERRO NA BAIA DE VIT�RIA","item":null,"gravidade":null,"data":"2010-05-19T00:00:00Z","municipio":"Cariacica","processo":"AI E TE/ 06457"},"geometry":{"type":"MultiPoint","coordinates":[[-40.36519777,-20.31053302]]}},{"type":"Feature","properties":{"fonte":"IEMA","classificacao":null,"tipo_infracao":"ATERRO NA BAIA DE VIT�RIA","item":null,"gravidade":null,"data":"2013-06-21T00:00:00Z","municipio":"Cariacica","processo":""},"geometry":{"type":"MultiPoint","coordinates":[[-40.36519777,-20.31053302]]}},{"type":"Feature","properties":{"fonte":"IEMA","classificacao":null,"tipo_infracao":"ATERRANDO O RIO CAUSANDO DANOS AOS VIZINHOS, BAIRRO BOA VISTA.","item":null,"gravidade":null,"data":"2014-07-14T00:00:00Z","municipio":"Cariacica","processo":"Prot. 18213/11 A"},"geometry":{"type":"MultiPoint","coordinates":[[-40.44805432,-20.3096048]]}},{"type":"Feature","properties":{"fonte":"IEMA","classificacao":null,"tipo_infracao":"Atracadouro","item":null,"gravidade":null,"data":"2022-03-03T00:00:00Z","municipio":"Cariacica","processo":"DEN�NCIA 6712/21"},"geometry":{"type":"MultiPoint","coordinates":[[-40.36416372,-20.30946599]]}},{"type":"Feature","properties":{"fonte":"IEMA","classificacao":null,"tipo_infracao":"SUINOCULTURA, PECU�RIA E AQUICULTURA SEM LICEN�A AMBIENTAL.","item":null,"gravidade":null,"data":"2016-04-26T00:00:00Z","municipio":"Viana","processo":""},"geometry":{"type":"MultiPoint","coordinates":[[-40.52324719,-20.30773763]]}},{"type":"Feature","properties":{"fonte":"IEMA","classificacao":null,"tipo_infracao":"PESCA PREDATORIA EM UNIDADE DE CONSERVA��O ILHA DO LAMEIR�O .","item":null,"gravidade":null,"data":"2014-11-07T00:00:00Z","municipio":"Cariacica","processo":"PROT. 11795/14 O"},"geometry":{"type":"MultiPoint","coordinates":[[-40.36459851,-20.30881212]]}},{"type":"Feature","properties":{"fonte":"IEMA","classificacao":null,"tipo_infracao":"EXECU��O DE ATIVIDADE DE SUINOCULTURA EM APP, PRAIA DA COSTA.","item":null,"gravidade":null,"data":"2015-03-24T00:00:00Z","municipio":"Vila Velha","processo":"AI 10929"},"geometry":{"type":"MultiPoint","coordinates":[[-40.52265304,-20.30671293]]}},{"type":"Feature","properties":{"fonte":"IEMA","classificacao":null,"tipo_infracao":"Suinocultura em APP","item":null,"gravidade":null,"data":"2015-07-21T00:00:00Z","municipio":"Vila Velha","processo":"AI 10929"},"geometry":{"type":"MultiPoint","coordinates":[[-40.52265304,-20.30671293]]}},{"type":"Feature","properties":{"fonte":"IEMA","classificacao":null,"tipo_infracao":"PARQUE AQU�TICO SEM LICEN�A AMBIENTAL, CANGAIBA","item":null,"gravidade":null,"data":"2011-06-13T00:00:00Z","municipio":"Cariacica","processo":"GFI 11031"},"geometry":{"type":"MultiPoint","coordinates":[[-40.41213284,-20.30742306]]}},{"type":"Feature","properties":{"fonte":"IEMA","classificacao":null,"tipo_infracao":"PARQUE AQU�TICO SEM LICEN�A AMBIENTAL, CANGAIBA.","item":null,"gravidade":null,"data":"2012-03-29T00:00:00Z","municipio":"Cariacica","processo":""},"geometry":{"type":"MultiPoint","coordinates":[[-40.41213284,-20.30742306]]}},{"type":"Feature","properties":{"fonte":"IEMA","classificacao":null,"tipo_infracao":"LOTEAMENTO EM APP, EM VILA GRA�NA.","item":null,"gravidade":null,"data":"2012-08-10T00:00:00Z","municipio":"Cariacica","processo":"PROT. 30308/11"},"geometry":{"type":"MultiPoint","coordinates":[[-40.38186006,-20.30611087]]}},{"type":"Feature","properties":{"fonte":"IEMA","classificacao":null,"tipo_infracao":"LOTEAMENTO EM APP, EM VILA GRA�NA.","item":null,"gravidade":null,"data":"2014-12-10T00:00:00Z","municipio":"Cariacica","processo":""},"geometry":{"type":"MultiPoint","coordinates":[[-40.38186006,-20.30611087]]}},{"type":"Feature","properties":{"fonte":"IEMA","classificacao":null,"tipo_infracao":"LOTEAMENTO EM APP , CAMPO GRANDE","item":null,"gravidade":null,"data":"2014-12-10T00:00:00Z","municipio":"Cariacica","processo":"AI 10891"},"geometry":{"type":"MultiPoint","coordinates":[[-40.38186006,-20.30611087]]}},{"type":"Feature","properties":{"fonte":"IEMA","classificacao":null,"tipo_infracao":"LOTEAMENTO EM APP, BAIRRO CAMPO GRANDE.","item":null,"gravidade":null,"data":"2015-01-12T00:00:00Z","municipio":"Cariacica","processo":""},"geometry":{"type":"MultiPoint","coordinates":[[-40.38186006,-20.30611087]]}},{"type":"Feature","properties":{"fonte":"IEMA","classificacao":null,"tipo_infracao":"Dep�sito de sucatas","item":null,"gravidade":null,"data":"2022-10-26T00:00:00Z","municipio":"Cariacica","processo":"DEN�NCIA 634/2022"},"geometry":{"type":"MultiPoint","coordinates":[[-40.39455242,-20.30546811]]}},{"type":"Feature","properties":{"fonte":"IEMA","classificacao":null,"tipo_infracao":"INDUSTRIA DE PROCESSAMENTO DE SUCATAS SEM LICEN�A AMBIENTAL, EM TABAJARA","item":null,"gravidade":null,"data":"2012-10-17T00:00:00Z","municipio":"Cariacica","processo":"AI 05519"},"geometry":{"type":"MultiPoint","coordinates":[[-40.39458026,-20.30536851]]}},{"type":"Feature","properties":{"fonte":"IEMA","classificacao":null,"tipo_infracao":"EXTRA��O DE ARGILA","item":null,"gravidade":null,"data":"2010-05-26T00:00:00Z","municipio":"Cariacica","processo":"AI E TE/ 1660"},"geometry":{"type":"MultiPoint","coordinates":[[-40.40488963,-20.3049066]]}},{"type":"Feature","properties":{"fonte":"IEMA","classificacao":null,"tipo_infracao":"EXTRA��O DE ARGILA, BAIRRO SANTO ANTONIO","item":null,"gravidade":null,"data":"2011-07-13T00:00:00Z","municipio":"Cariacica","processo":""},"geometry":{"type":"MultiPoint","coordinates":[[-40.40488963,-20.3049066]]}},{"type":"Feature","properties":{"fonte":"IEMA","classificacao":null,"tipo_infracao":"CONSTRU��O IRREGULAR DE POSTO DE COMBUST�VEL, EM GRAUNA","item":null,"gravidade":null,"data":"2018-06-05T00:00:00Z","municipio":"Cariacica","processo":"Prot. 1002/14"},"geometry":{"type":"MultiPoint","coordinates":[[-40.3904161,-20.30446208]]}},{"type":"Feature","properties":{"fonte":"IEMA","classificacao":null,"tipo_infracao":"LAN�AMENTO DE RES�DUOS NA MAR� QUE MARGEIA PORTO DE SANTANA E PORTO NOVO","item":null,"gravidade":null,"data":"2011-06-13T00:00:00Z","municipio":"Cariacica","processo":"Prot. 06074/10 B"},"geometry":{"type":"MultiPoint","coordinates":[[-40.36663532,-20.30410736]]}},{"type":"Feature","properties":{"fonte":"IEMA","classificacao":null,"tipo_infracao":"LAN�AMENTO DE RES�DUOS NA MAR� QUE MARGEIA PORTO DE SANTANA E PORTO NOVO.","item":null,"gravidade":null,"data":"2012-02-07T00:00:00Z","municipio":"Cariacica","processo":""},"geometry":{"type":"MultiPoint","coordinates":[[-40.36663532,-20.30410736]]}},{"type":"Feature","properties":{"fonte":"IEMA","classificacao":null,"tipo_infracao":"LOTEAMENTO SEM LICEN�A AMBIENTAL, LOTEAMENTO CH�CARAS TABAJARA","item":null,"gravidade":null,"data":"2013-06-24T00:00:00Z","municipio":"Cariacica","processo":"AI E AE/I 7977"},"geometry":{"type":"MultiPoint","coordinates":[[-40.38947053,-20.30366553]]}},{"type":"Feature","properties":{"fonte":"IEMA","classificacao":null,"tipo_infracao":"LOTEAMENTO SEM LICEN�A AMBIENTAL, LOTEAMENTO CH�CARAS TABAJARA.","item":null,"gravidade":null,"data":"2013-12-02T00:00:00Z","municipio":"Cariacica","processo":""},"geometry":{"type":"MultiPoint","coordinates":[[-40.38947053,-20.30366553]]}},{"type":"Feature","properties":{"fonte":"IEMA","classificacao":null,"tipo_infracao":"MULTA DIARIA170/17 - COORD. 355028/7754426","item":null,"gravidade":null,"data":"2017-08-16T00:00:00Z","municipio":"Cariacica","processo":""},"geometry":{"type":"MultiPoint","coordinates":[[-40.38880025,-20.30367085]]}},{"type":"Feature","properties":{"fonte":"IEMA","classificacao":null,"tipo_infracao":"PASS�RO EM CATIVEIRO SEM AUTORIZA��O","item":null,"gravidade":null,"data":"2013-04-23T00:00:00Z","municipio":"Cariacica","processo":"GFI 383/13"},"geometry":{"type":"MultiPoint","coordinates":[[-40.40416432,-20.30199434]]}},{"type":"Feature","properties":{"fonte":"IEMA","classificacao":null,"tipo_infracao":"AVES APREENDIDAS EM CATIVEIRO","item":null,"gravidade":null,"data":"2013-04-24T00:00:00Z","municipio":"Cariacica","processo":"GFI 403/13"},"geometry":{"type":"MultiPoint","coordinates":[[-40.36588714,-20.30178233]]}},{"type":"Feature","properties":{"fonte":"IEMA","classificacao":null,"tipo_infracao":"ACIDENTE RODOVI�RIO COM DERRAMAMENTO DE GASOLINA NA PISTA, EM TABAJARA","item":null,"gravidade":null,"data":"2014-08-05T00:00:00Z","municipio":"Cariacica","processo":"GFI 88/14"},"geometry":{"type":"MultiPoint","coordinates":[[-40.3945525,-20.30012882]]}},{"type":"Feature","properties":{"fonte":"IEMA","classificacao":null,"tipo_infracao":"CATIVEIROS E MAUS TRATOS DE AVES E  ANIMAIS SILVESTRE","item":null,"gravidade":null,"data":"2013-04-23T00:00:00Z","municipio":"Cariacica","processo":"GFI 369/13"},"geometry":{"type":"MultiPoint","coordinates":[[-40.36440011,-20.29928236]]}},{"type":"Feature","properties":{"fonte":"IEMA","classificacao":null,"tipo_infracao":"F�brica de m�veis","item":null,"gravidade":null,"data":"2017-04-18T00:00:00Z","municipio":"Cariacica","processo":""},"geometry":{"type":"MultiPoint","coordinates":[[-40.39623629,-20.29888672]]}},{"type":"Feature","properties":{"fonte":"IEMA","classificacao":null,"tipo_infracao":"ATERRO","item":null,"gravidade":null,"data":"2012-11-27T00:00:00Z","municipio":"Cariacica","processo":"GFI 214/12"},"geometry":{"type":"MultiPoint","coordinates":[[-40.3630421,-20.29729633]]}},{"type":"Feature","properties":{"fonte":"IEMA","classificacao":null,"tipo_infracao":"Remo��o e guarda de ve�culos","item":null,"gravidade":null,"data":"2017-01-06T00:00:00Z","municipio":"Cariacica","processo":"GFI 19/17"},"geometry":{"type":"MultiPoint","coordinates":[[-40.39134973,-20.27603258]]}},{"type":"Feature","properties":{"fonte":"IEMA","classificacao":null,"tipo_infracao":"ESCAVA��O PARA CONSTRU��O DE PISCINA","item":null,"gravidade":null,"data":"2010-03-16T00:00:00Z","municipio":"Vila Velha","processo":"AI/ 03379"},"geometry":{"type":"MultiPoint","coordinates":[[-40.46097847,-20.29490722]]}},{"type":"Feature","properties":{"fonte":"IEMA","classificacao":null,"tipo_infracao":"CRIA��O DE PORCOS EM APP, EM SERT�O VELHO","item":null,"gravidade":null,"data":"2011-12-06T00:00:00Z","municipio":"Cariacica","processo":"AI 9535"},"geometry":{"type":"MultiPoint","coordinates":[[-40.45619117,-20.29494711]]}},{"type":"Feature","properties":{"fonte":"IEMA","classificacao":null,"tipo_infracao":"ESCAVA��O PARA CONSTRU��O DE PISCINA","item":null,"gravidade":null,"data":"2013-06-26T00:00:00Z","municipio":"Cariacica","processo":""},"geometry":{"type":"MultiPoint","coordinates":[[-40.45619117,-20.29494711]]}},{"type":"Feature","properties":{"fonte":"IEMA","classificacao":null,"tipo_infracao":"LAN�AMENTO DE EFLUENTE L�QUIDOS INDUSTRIAL CAUSANDO MORTANDADE DE PEIXES, EM VILA PRUD�NCIO","item":null,"gravidade":null,"data":"2011-06-21T00:00:00Z","municipio":"Cariacica","processo":"GFI 159/10"},"geometry":{"type":"MultiPoint","coordinates":[[-40.38511489,-20.2952168]]}},{"type":"Feature","properties":{"fonte":"IEMA","classificacao":null,"tipo_infracao":"LAN�AMENTO DE EFLUENTE L�QUIDOS INDUSTRIAL CAUSANDO MORTANDADE DE PEIXES, EM VILA PRUD�NCIO.","item":null,"gravidade":null,"data":"2013-12-20T00:00:00Z","municipio":"Cariacica","processo":""},"geometry":{"type":"MultiPoint","coordinates":[[-40.38511489,-20.2952168]]}},{"type":"Feature","properties":{"fonte":"IEMA","classificacao":null,"tipo_infracao":"TERRAPLANAGEM EM �REA DE PRESERVA��O PERMANENTE MANGUEZAL RUA TRAVESSA III B. PORTO DE SANTANA.","item":null,"gravidade":null,"data":"2009-10-05T00:00:00Z","municipio":"Cariacica","processo":""},"geometry":{"type":"MultiPoint","coordinates":[[-40.369095,-20.29414125]]}},{"type":"Feature","properties":{"fonte":"IEMA","classificacao":null,"tipo_infracao":"MORTANDADE DE PEIXES, BAIRRO VILA PRUD�NCIO","item":null,"gravidade":null,"data":"2012-06-06T00:00:00Z","municipio":"Cariacica","processo":"GFI 139/10"},"geometry":{"type":"MultiPoint","coordinates":[[-40.38338221,-20.29311646]]}},{"type":"Feature","properties":{"fonte":"IEMA","classificacao":null,"tipo_infracao":"CORTE DE TERRA E TRRAPLANAGEM","item":null,"gravidade":null,"data":"2010-03-30T00:00:00Z","municipio":"Cariacica","processo":"AI E TE/03486"},"geometry":{"type":"MultiPoint","coordinates":[[-40.45944844,-20.29205616]]}},{"type":"Feature","properties":{"fonte":"IEMA","classificacao":null,"tipo_infracao":"MODIFICA��O DE TALUDES PR� EXISTENTES CAUSANDO INSTABILIDADE, SERT�O VELHO, ZONA RURAL","item":null,"gravidade":null,"data":"2011-06-09T00:00:00Z","municipio":"Cariacica","processo":"AI 8922"},"geometry":{"type":"MultiPoint","coordinates":[[-40.45944844,-20.29205616]]}},{"type":"Feature","properties":{"fonte":"IEMA","classificacao":null,"tipo_infracao":"CORTE DE TERRA E TRRAPLANAGEM","item":null,"gravidade":null,"data":"2014-10-28T00:00:00Z","municipio":"Cariacica","processo":""},"geometry":{"type":"MultiPoint","coordinates":[[-40.45944844,-20.29205616]]}},{"type":"Feature","properties":{"fonte":"IEMA","classificacao":null,"tipo_infracao":"FISCALIZA��O DAS ATIVIDADES POTENCIALMENTE POLUIDORAS / DEGRADADORAS INSTALADAS NA APP DO RIO FORMATE COMPREENDIDAS NOS MUNICIPIOS CARIACICA E VIANA","item":null,"gravidade":null,"data":"2012-01-19T00:00:00Z","municipio":"Viana","processo":"GFI 067/10"},"geometry":{"type":"MultiPoint","coordinates":[[-40.5202822,-20.29142101]]}},{"type":"Feature","properties":{"fonte":"IEMA","classificacao":null,"tipo_infracao":"MINIST. P�BL. DE VIANA, SOLICITA INFORMA��ES A RESPEITO DOS LOCAIS LISTADOS NOS CONSIDERADOS DO DESPACHO, RELAT�RORIOS REF. A VISTORIAS. REF. A APURA��O DAS RESPONSABILIDADES QUANTO A POLUI��O DO RIO FORMATE.","item":null,"gravidade":null,"data":"2014-10-07T00:00:00Z","municipio":"Viana","processo":"PROT. 11947/14"},"geometry":{"type":"MultiPoint","coordinates":[[-40.5202822,-20.29142101]]}},{"type":"Feature","properties":{"fonte":"IEMA","classificacao":null,"tipo_infracao":"FISCALIZA��O DAS ATIVIDADES POTENCIALMENTE POLUIDORAS / DEGRADADORAS INSTALADAS NA APP DO RIO FORMATE COMPREENDIDAS NOS MUNICIPIOS CARIACICA E VIANA.","item":null,"gravidade":null,"data":"2015-01-13T00:00:00Z","municipio":"Viana","processo":""},"geometry":{"type":"MultiPoint","coordinates":[[-40.5202822,-20.29142101]]}},{"type":"Feature","properties":{"fonte":"IEMA","classificacao":null,"tipo_infracao":"EXTRA��O MINERAL - ARGILA","item":null,"gravidade":null,"data":"2017-05-19T00:00:00Z","municipio":"Cariacica","processo":""},"geometry":{"type":"MultiPoint","coordinates":[[-40.38403776,-20.29145798]]}},{"type":"Feature","properties":{"fonte":"IEMA","classificacao":null,"tipo_infracao":"EXTRA��O MINERAL","item":null,"gravidade":null,"data":"2020-07-03T00:00:00Z","municipio":"Cariacica","processo":""},"geometry":{"type":"MultiPoint","coordinates":[[-40.38403776,-20.29145798]]}},{"type":"Feature","properties":{"fonte":"IEMA","classificacao":null,"tipo_infracao":"ATERRO E DESVIO DE CURSO D'AGUA EM APP, SEM LICEN�A","item":null,"gravidade":null,"data":"2010-08-10T00:00:00Z","municipio":"Vila Velha","processo":"AI, TAD E TE/I 2098"},"geometry":{"type":"MultiPoint","coordinates":[[-41.74459204,-20.27482924]]}},{"type":"Feature","properties":{"fonte":"IEMA","classificacao":null,"tipo_infracao":"ATERRO E DESVIO DE CURSO D'AGUA EM APP, SEM LICEN�A","item":null,"gravidade":null,"data":"2013-12-26T00:00:00Z","municipio":"Vila Velha","processo":""},"geometry":{"type":"MultiPoint","coordinates":[[-41.74459204,-20.27482924]]}},{"type":"Feature","properties":{"fonte":"IEMA","classificacao":null,"tipo_infracao":"CONSTRU��O DE MURO","item":null,"gravidade":null,"data":"2012-11-27T00:00:00Z","municipio":"Cariacica","processo":"GFI 180/12"},"geometry":{"type":"MultiPoint","coordinates":[[-40.29801583,-20.28967755]]}},{"type":"Feature","properties":{"fonte":"IEMA","classificacao":null,"tipo_infracao":"TRIAGEM DE RES�DUOS INERTES SEM LICEN�A AMBIENTAL, EM FLEXAL II","item":null,"gravidade":null,"data":"2012-11-09T00:00:00Z","municipio":"Cariacica","processo":"AI E AE/I 06582"},"geometry":{"type":"MultiPoint","coordinates":[[-40.37991913,-20.2880755]]}},{"type":"Feature","properties":{"fonte":"IEMA","classificacao":null,"tipo_infracao":"TRIAGEM DE RES�DUOS INERTES SEM LICEN�A AMBIENTAL, EM FLEXAL II.","item":null,"gravidade":null,"data":"2013-08-16T00:00:00Z","municipio":"Cariacica","processo":""},"geometry":{"type":"MultiPoint","coordinates":[[-40.37991913,-20.2880755]]}},{"type":"Feature","properties":{"fonte":"IEMA","classificacao":null,"tipo_infracao":"ATERRO COM LIXO E COLOCANDO FOGO CASUANDO POLUI��O ATMOSF�RICA, EM CAMPO VERDE.","item":null,"gravidade":null,"data":"2014-10-08T00:00:00Z","municipio":"Cariacica","processo":""},"geometry":{"type":"MultiPoint","coordinates":[[-40.40716677,-20.28772313]]}},{"type":"Feature","properties":{"fonte":"IEMA","classificacao":null,"tipo_infracao":"ATERRO EM APP, EM FLEXAL II","item":null,"gravidade":null,"data":"2014-11-10T00:00:00Z","municipio":"Cariacica","processo":"GFI 112/12"},"geometry":{"type":"MultiPoint","coordinates":[[-40.38004176,-20.28786674]]}},{"type":"Feature","properties":{"fonte":"IEMA","classificacao":null,"tipo_infracao":"Ocupa��es no Entorno da Lagoa do Bub�","item":null,"gravidade":null,"data":"2015-10-13T00:00:00Z","municipio":"Cariacica","processo":"PROT. 18180/15"},"geometry":{"type":"MultiPoint","coordinates":[[-40.40306029,-20.28573239]]}},{"type":"Feature","properties":{"fonte":"IEMA","classificacao":null,"tipo_infracao":"PESCA PREDATORIA, COM REDE DE ESPERA,ANDORINHAS","item":null,"gravidade":null,"data":"2013-04-17T00:00:00Z","municipio":"Cariacica","processo":"GFI192/13"},"geometry":{"type":"MultiPoint","coordinates":[[-40.30449713,-20.28608782]]}},{"type":"Feature","properties":{"fonte":"IEMA","classificacao":null,"tipo_infracao":"ACIDENTE RODOVI�RIO ENVOLVENDO CAMINH�O TRANSPORTANDO PRODUTO PERIGOSO SOB O ACOSTAMENTO, BR 101 KM 287, CONTORNO","item":null,"gravidade":null,"data":"2014-03-13T00:00:00Z","municipio":"Cariacica","processo":"AI 05070"},"geometry":{"type":"MultiPoint","coordinates":[[-40.39270153,-20.28481227]]}},{"type":"Feature","properties":{"fonte":"IEMA","classificacao":null,"tipo_infracao":"ANIMAL SILVESTRE EM CATIVEIRO .","item":null,"gravidade":null,"data":"2014-11-07T00:00:00Z","municipio":"Cariacica","processo":"PROT. 11795/14 L"},"geometry":{"type":"MultiPoint","coordinates":[[-40.38061293,-20.28316435]]}},{"type":"Feature","properties":{"fonte":"IEMA","classificacao":null,"tipo_infracao":"DESTINA��O DE �LEO DENTRO DO RIO BUBU, EM FUND�O","item":null,"gravidade":null,"data":"2012-10-02T00:00:00Z","municipio":"Cariacica","processo":"AI E AE/I 07233"},"geometry":{"type":"MultiPoint","coordinates":[[-40.39534514,-20.28277657]]}},{"type":"Feature","properties":{"fonte":"IEMA","classificacao":null,"tipo_infracao":"MANUTEN��O E PINTURA DE CARROCERIAS SEM LICEN�A AMBIENTAL, EM PORTO DE CARIACICA","item":null,"gravidade":null,"data":"2011-02-02T00:00:00Z","municipio":"Cariacica","processo":"AI 03402"},"geometry":{"type":"MultiPoint","coordinates":[[-40.39907515,-20.28231316]]}},{"type":"Feature","properties":{"fonte":"IEMA","classificacao":null,"tipo_infracao":"MANUTEN��O E PINTURA DE CARROCERIAS SEM LICEN�A AMBIENTAL, EM PORTO DE CARIACICA.","item":null,"gravidade":null,"data":"2014-07-03T00:00:00Z","municipio":"Cariacica","processo":""},"geometry":{"type":"MultiPoint","coordinates":[[-40.39907515,-20.28231316]]}},{"type":"Feature","properties":{"fonte":"IEMA","classificacao":null,"tipo_infracao":"P�SSAROS SILVESTRE EM CATIVEIRO .","item":null,"gravidade":null,"data":"2014-06-04T00:00:00Z","municipio":"Viana","processo":"PROT. 9042/14 G"},"geometry":{"type":"MultiPoint","coordinates":[[-40.38605325,-20.28229022]]}},{"type":"Feature","properties":{"fonte":"IEMA","classificacao":null,"tipo_infracao":"FABRICA��O E RESTAURA��O DE CARROCERIAS DE MADEIRA SEM LICEN�A AMBIENTAL, PORTO DE CARIACICA","item":null,"gravidade":null,"data":"2012-04-23T00:00:00Z","municipio":"Cariacica","processo":"GFI 11796"},"geometry":{"type":"MultiPoint","coordinates":[[-40.39866923,-20.28189179]]}},{"type":"Feature","properties":{"fonte":"IEMA","classificacao":null,"tipo_infracao":"ACIDENTE RODOVIARIO COM TOMBAMENTO DE CARRETA  TANQUE CARREGANDO COMBUSTIVEL, JARDIM LIMOEIRO. REL. DE VISTORIA.","item":null,"gravidade":null,"data":"2015-01-23T00:00:00Z","municipio":"Serra","processo":"AI 11534"},"geometry":{"type":"MultiPoint","coordinates":[[-41.36536437,-20.27098945]]}},{"type":"Feature","properties":{"fonte":"IEMA","classificacao":null,"tipo_infracao":"Remo��o e guarda de ve�culos","item":null,"gravidade":null,"data":"2017-01-17T00:00:00Z","municipio":"Cariacica","processo":"GFI 43/17"},"geometry":{"type":"MultiPoint","coordinates":[[-40.39364637,-20.28125425]]}},{"type":"Feature","properties":{"fonte":"IEMA","classificacao":null,"tipo_infracao":"REMO��O E GUARDA DE VEICULOS - SANTA LUIZA","item":null,"gravidade":null,"data":"2018-09-18T00:00:00Z","municipio":"Cariacica","processo":""},"geometry":{"type":"MultiPoint","coordinates":[[-40.39364637,-20.28125425]]}},{"type":"Feature","properties":{"fonte":"IEMA","classificacao":null,"tipo_infracao":"COMERCIANTES DA CEASA FAZENDO TRANSPORTE DE GAS DE COZINHA","item":null,"gravidade":null,"data":"2014-10-22T00:00:00Z","municipio":"Cariacica","processo":"GFI 13515"},"geometry":{"type":"MultiPoint","coordinates":[[-40.39276521,-20.28015004]]}},{"type":"Feature","properties":{"fonte":"IEMA","classificacao":null,"tipo_infracao":"Aterro","item":null,"gravidade":null,"data":"2019-08-06T00:00:00Z","municipio":"Cariacica","processo":"OGE 2019070284"},"geometry":{"type":"MultiPoint","coordinates":[[-40.39439561,-20.27831212]]}},{"type":"Feature","properties":{"fonte":"IEMA","classificacao":null,"tipo_infracao":"DEFESA CONTRA O AUTO MULTA 036/08,PE ADM 40935205","item":null,"gravidade":null,"data":"2010-05-27T00:00:00Z","municipio":"Serra","processo":""},"geometry":{"type":"MultiPoint","coordinates":[[-40.67199123,-20.27432865]]}},{"type":"Feature","properties":{"fonte":"IEMA","classificacao":null,"tipo_infracao":"ATERRO EM APP, BR 101 KM 287, EM PORTO BELO.","item":null,"gravidade":null,"data":"2014-07-22T00:00:00Z","municipio":"Cariacica","processo":"RR 213/12"},"geometry":{"type":"MultiPoint","coordinates":[[-40.39308894,-20.27673247]]}},{"type":"Feature","properties":{"fonte":"IEMA","classificacao":null,"tipo_infracao":"DEP�SITO DE SUCATA SEM LICEN�A AMBIENTAL, EM PORTO BELO.","item":null,"gravidade":null,"data":"2013-10-22T00:00:00Z","municipio":"Cariacica","processo":"RR 213/12 B"},"geometry":{"type":"MultiPoint","coordinates":[[-40.39261838,-20.2765736]]}},{"type":"Feature","properties":{"fonte":"IEMA","classificacao":null,"tipo_infracao":"ESTOCAGEM E COMERCIALIZA��O DE SUCATAS MET�LICAS SEM LICEN�A AMBIENTAL, ROD DO CONTORNO KM 287.","item":null,"gravidade":null,"data":"2014-11-05T00:00:00Z","municipio":"Cariacica","processo":""},"geometry":{"type":"MultiPoint","coordinates":[[-40.39393326,-20.27585846]]}},{"type":"Feature","properties":{"fonte":"IEMA","classificacao":null,"tipo_infracao":"DEPOSITO DE SUCATA","item":null,"gravidade":null,"data":"2012-11-27T00:00:00Z","municipio":"Cariacica","processo":"GFI 213/12"},"geometry":{"type":"MultiPoint","coordinates":[[-40.39291836,-20.2758575]]}},{"type":"Feature","properties":{"fonte":"IEMA","classificacao":null,"tipo_infracao":"ACIDENTE: DERRAMAMENTO DE AC�DO FLUOSSIL�CO NO RIO DUAS BOCAS CAUSANDO MORTANDADE DE PEIXES","item":null,"gravidade":null,"data":"2013-08-16T00:00:00Z","municipio":"Cariacica","processo":"AI E AE/I 7731"},"geometry":{"type":"MultiPoint","coordinates":[[-40.47728347,-20.27249229]]}},{"type":"Feature","properties":{"fonte":"IEMA","classificacao":null,"tipo_infracao":"MORTANADE DE PEIXES  ACIDENTE COM PRODUTO PERIGOSO  ESTRADA DA RESERVA FLORESTAL, DUAS BOCAS","item":null,"gravidade":null,"data":"2009-06-24T00:00:00Z","municipio":"Cariacica","processo":"AI 02688"},"geometry":{"type":"MultiPoint","coordinates":[[-40.47732373,-20.27168791]]}},{"type":"Feature","properties":{"fonte":"IEMA","classificacao":null,"tipo_infracao":"ACIDENTE COM PRODUTOS PERIGOSOS (SULFATO DE ALUMINIO) CAUSANDO MORTANDADE DE PEIXES, EM DUAS BOCAS.","item":null,"gravidade":null,"data":"2012-10-18T00:00:00Z","municipio":"Cariacica","processo":""},"geometry":{"type":"MultiPoint","coordinates":[[-40.47732373,-20.27168791]]}},{"type":"Feature","properties":{"fonte":"IEMA","classificacao":null,"tipo_infracao":"N�o constatada atividade","item":null,"gravidade":null,"data":"2018-06-05T00:00:00Z","municipio":"Cariacica","processo":"PROT. 2954/14"},"geometry":{"type":"MultiPoint","coordinates":[[-40.3915495,-20.27159512]]}},{"type":"Feature","properties":{"fonte":"IEMA","classificacao":null,"tipo_infracao":"CONSTRU��O DE TORRE DE TELEFONIA CELULAR EM �REA RESIDENCIAL, PARQUE RESIDENCIAL DAS MANGUEIRAS","item":null,"gravidade":null,"data":"2011-04-14T00:00:00Z","municipio":"Cariacica","processo":"GFI 10102"},"geometry":{"type":"MultiPoint","coordinates":[[-40.41383301,-20.27104632]]}},{"type":"Feature","properties":{"fonte":"IEMA","classificacao":null,"tipo_infracao":"ATERRO E ABERTURA DE VIA EM APP DO RIO BUBU, MORRO DO �LEO","item":null,"gravidade":null,"data":"2014-03-27T00:00:00Z","municipio":"Cariacica","processo":"GFI 14224"},"geometry":{"type":"MultiPoint","coordinates":[[-40.44523948,-20.27042872]]}},{"type":"Feature","properties":{"fonte":"IEMA","classificacao":null,"tipo_infracao":"CATIVEIRO DE ANIMAIS SILVESTRE","item":null,"gravidade":null,"data":"2013-07-25T00:00:00Z","municipio":"Vila Velha","processo":"GFI 576/13"},"geometry":{"type":"MultiPoint","coordinates":[[-40.41521882,-20.26866815]]}},{"type":"Feature","properties":{"fonte":"IEMA","classificacao":null,"tipo_infracao":"TERRAPLANAGEM, EM PORTO BELO","item":null,"gravidade":null,"data":"2014-07-21T00:00:00Z","municipio":"Cariacica","processo":"AI 10283"},"geometry":{"type":"MultiPoint","coordinates":[[-40.38949877,-20.26816026]]}},{"type":"Feature","properties":{"fonte":"IEMA","classificacao":null,"tipo_infracao":"TERRAPLANAGEM, EM PORTO BELO.","item":null,"gravidade":null,"data":"2014-07-21T00:00:00Z","municipio":"Cariacica","processo":""},"geometry":{"type":"MultiPoint","coordinates":[[-40.38949877,-20.26816026]]}},{"type":"Feature","properties":{"fonte":"IEMA","classificacao":null,"tipo_infracao":"TERRAPLANAGEM, CORTE DE BARRANCO COM EXTRA��O DE ARGILA SEM LICEN�A AMBIENTAL, EM PORTO BELO","item":null,"gravidade":null,"data":"2014-12-29T00:00:00Z","municipio":"Cariacica","processo":"AI E AE/I 7627"},"geometry":{"type":"MultiPoint","coordinates":[[-40.38949877,-20.26816026]]}},{"type":"Feature","properties":{"fonte":"IEMA","classificacao":null,"tipo_infracao":"Condom�nio Residencial","item":null,"gravidade":null,"data":"2023-10-30T00:00:00Z","municipio":"Cariacica","processo":"DENUNCIA 933/23"},"geometry":{"type":"MultiPoint","coordinates":[[-40.43609805,-20.26748644]]}},{"type":"Feature","properties":{"fonte":"IEMA","classificacao":null,"tipo_infracao":"JATEAMENTO DE AREIA EM VEICULOS PESADOS, VILA PICA PAU","item":null,"gravidade":null,"data":"2009-08-03T00:00:00Z","municipio":"Cariacica","processo":"AI/ 03319"},"geometry":{"type":"MultiPoint","coordinates":[[-40.3784943,-20.26553685]]}},{"type":"Feature","properties":{"fonte":"IEMA","classificacao":null,"tipo_infracao":"ATIVIDADE DE JATEAMENTO DE AREIA E PINTURA DE AUTOMOVEIS SEM LICEN�A AMBIENTAL, EM VILA PICA PAU.","item":null,"gravidade":null,"data":"2011-03-14T00:00:00Z","municipio":"Cariacica","processo":""},"geometry":{"type":"MultiPoint","coordinates":[[-40.3784943,-20.26553685]]}},{"type":"Feature","properties":{"fonte":"IEMA","classificacao":null,"tipo_infracao":"DEFESA CONTRA AM 257/09/08 REFERENTE AO PE ADM.44376901","item":null,"gravidade":null,"data":"2011-03-17T00:00:00Z","municipio":"Cariacica","processo":""},"geometry":{"type":"MultiPoint","coordinates":[[-40.3784943,-20.26553685]]}},{"type":"Feature","properties":{"fonte":"IEMA","classificacao":null,"tipo_infracao":"TERRAPLANAGEM EM APP","item":null,"gravidade":null,"data":"2014-07-15T00:00:00Z","municipio":"Cariacica","processo":"GFI 17332"},"geometry":{"type":"MultiPoint","coordinates":[[-40.39748479,-20.26510638]]}},{"type":"Feature","properties":{"fonte":"IEMA","classificacao":null,"tipo_infracao":"ARMAZENAMENTO E ENVASE DE BEBIDA DESTILADA (CACHA�A) SEM LICEN�A","item":null,"gravidade":null,"data":"2010-08-10T00:00:00Z","municipio":"Cariacica","processo":"AI 04632"},"geometry":{"type":"MultiPoint","coordinates":[[-40.4516494,-20.2627328]]}},{"type":"Feature","properties":{"fonte":"IEMA","classificacao":null,"tipo_infracao":"ARMAZENAMENTO E ENVASE DE BEBIDA DESTILADA (CACHA�A) SEM LICEN�A .","item":null,"gravidade":null,"data":"2010-10-29T00:00:00Z","municipio":"Cariacica","processo":""},"geometry":{"type":"MultiPoint","coordinates":[[-40.4516494,-20.2627328]]}},{"type":"Feature","properties":{"fonte":"IEMA","classificacao":null,"tipo_infracao":"ATERRO EM BREJO, PO�O E DESVIO DE �GUA DO RIO DE MARICAR� PARA FAZER DE RODEIO","item":null,"gravidade":null,"data":"2011-08-29T00:00:00Z","municipio":"Cariacica","processo":"GFI 7426"},"geometry":{"type":"MultiPoint","coordinates":[[-40.44989534,-20.2625034]]}},{"type":"Feature","properties":{"fonte":"IEMA","classificacao":null,"tipo_infracao":"ATERRO EM BREJO, PO�O E DESVIO DE �GUA DO RIO DE MARICAR� PARA FAZER DE RODEIO.","item":null,"gravidade":null,"data":"2013-07-17T00:00:00Z","municipio":"Cariacica","processo":""},"geometry":{"type":"MultiPoint","coordinates":[[-40.44989534,-20.2625034]]}},{"type":"Feature","properties":{"fonte":"IEMA","classificacao":null,"tipo_infracao":"DISPOSI��O IRREGULAR DE RES�DUOS SEM LICEN�A AMBIENTAL, BAIRRO MORRO NOVO.","item":null,"gravidade":null,"data":"2012-11-26T00:00:00Z","municipio":"Cariacica","processo":""},"geometry":{"type":"MultiPoint","coordinates":[[-40.42955212,-20.26253498]]}},{"type":"Feature","properties":{"fonte":"IEMA","classificacao":null,"tipo_infracao":"DPMAPC CARIACICA, SOLICITA VISTORIA NA EMPRESA GILMAR FERREIRA DA SILVA FABRICA��O DE ARTIGOS DE SERRALHEIRA ME, VILA MERLO CARIACICA/ES, COM EMISS�O DE LAUDO T�CNICO E FOTOGR�FICO, REF. DEN�NCIA DE POLUI��O SONORA. REF. INQ. POLICIAL N�016/2013","item":null,"gravidade":null,"data":"2014-12-23T00:00:00Z","municipio":"Cariacica","processo":"PROT. 6231/14"},"geometry":{"type":"MultiPoint","coordinates":[[-40.41068619,-20.26079063]]}},{"type":"Feature","properties":{"fonte":"IEMA","classificacao":null,"tipo_infracao":"SOLICITA VISTORIA NA �REA ONDE FOI REALIZADO UM ATERRO EM APP, BAIRRO PROLAR","item":null,"gravidade":null,"data":"2013-05-21T00:00:00Z","municipio":"Cariacica","processo":"Prot. 14992/12"},"geometry":{"type":"MultiPoint","coordinates":[[-40.42499308,-20.25496524]]}},{"type":"Feature","properties":{"fonte":"IEMA","classificacao":null,"tipo_infracao":"MINIST. P�BL. DE CARIACICA, SOLICITA VISTORIA COM MEDI��O DOS N�VEIS DE PRESS�O SONORA CAUSADO PELOS EQUIPAMENTOS DA SERRALHERIA DO SR. GILMAR FERREIRA DA SILVA, EM VILA MERLO, CARIACICA ES.","item":null,"gravidade":null,"data":"2014-12-23T00:00:00Z","municipio":"Cariacica","processo":"PROT. 14749/14"},"geometry":{"type":"MultiPoint","coordinates":[[-40.41068619,-20.26079063]]}},{"type":"Feature","properties":{"fonte":"IEMA","classificacao":null,"tipo_infracao":"DISPOSI��O DE RES�DUOS S�LIDOS, EM CAMPO GRANDE","item":null,"gravidade":null,"data":"2012-05-16T00:00:00Z","municipio":"Cariacica","processo":"AI 04185"},"geometry":{"type":"MultiPoint","coordinates":[[-40.36551916,-20.2608592]]}},{"type":"Feature","properties":{"fonte":"IEMA","classificacao":null,"tipo_infracao":"DISPOSI��O DE RES�DUOS S�LIDOS, EM CAMPO GRANDE.","item":null,"gravidade":null,"data":"2014-11-06T00:00:00Z","municipio":"Cariacica","processo":""},"geometry":{"type":"MultiPoint","coordinates":[[-40.36551916,-20.2608592]]}},{"type":"Feature","properties":{"fonte":"IEMA","classificacao":null,"tipo_infracao":"Extra��o de argila para obras do aeroporto de Vit�ria","item":null,"gravidade":null,"data":"2017-04-18T00:00:00Z","municipio":"Cariacica","processo":"GFI 28487"},"geometry":{"type":"MultiPoint","coordinates":[[-40.37243375,-20.26005534]]}},{"type":"Feature","properties":{"fonte":"IEMA","classificacao":null,"tipo_infracao":"Terraplanagem","item":null,"gravidade":null,"data":"2019-08-23T00:00:00Z","municipio":"Cariacica","processo":"GFI 28487"},"geometry":{"type":"MultiPoint","coordinates":[[-40.37243375,-20.26005534]]}},{"type":"Feature","properties":{"fonte":"IEMA","classificacao":null,"tipo_infracao":"PARQUE AQU�TICO PARCIALMENTE CONSTRU�DO E COM VEST�GIOS DE ABANDONO AO REDOR DE UMA LAGOA, BAIRRO PROLAR II","item":null,"gravidade":null,"data":"2011-08-12T00:00:00Z","municipio":"Cariacica","processo":"AI E AE/I 03420"},"geometry":{"type":"MultiPoint","coordinates":[[-40.42420579,-20.25891058]]}},{"type":"Feature","properties":{"fonte":"IEMA","classificacao":null,"tipo_infracao":"LOTEAMENTO E PARCELAMENTO DE SOLO EM APP, BAIRRO RIO GRANDE","item":null,"gravidade":null,"data":"2013-03-26T00:00:00Z","municipio":"Cariacica","processo":"AI E AE/I 8228"},"geometry":{"type":"MultiPoint","coordinates":[[-40.42662491,-20.25754481]]}},{"type":"Feature","properties":{"fonte":"IEMA","classificacao":null,"tipo_infracao":"LOTEAMENTO E PARCELAMENTO DE SOLO EM APP, BAIRRO RIO GRANDE.","item":null,"gravidade":null,"data":"2014-04-17T00:00:00Z","municipio":"Cariacica","processo":""},"geometry":{"type":"MultiPoint","coordinates":[[-40.42662491,-20.25754481]]}},{"type":"Feature","properties":{"fonte":"IEMA","classificacao":null,"tipo_infracao":"ACIDENTE MAR�TIMO: VAZAMENTO DE �LEO DIESEL DA DRAGA, TERMINAL DE BARBA�AS OCEANICAS  ARCELOR MITAL TUBAR�O","item":null,"gravidade":null,"data":"2013-02-14T00:00:00Z","municipio":"Serra","processo":"AI 7715"},"geometry":{"type":"MultiPoint","coordinates":[[-40.2214344,-20.25844398]]}},{"type":"Feature","properties":{"fonte":"IEMA","classificacao":null,"tipo_infracao":"ACIDENTE MAR�TIMO: VAZAMENTO DE �LEO DIESEL DA DRAGA, TERMINAL DE BARBA�AS OCEANICAS ARCELOR MITAL TUBAR�O.","item":null,"gravidade":null,"data":"2013-03-07T00:00:00Z","municipio":"Serra","processo":""},"geometry":{"type":"MultiPoint","coordinates":[[-40.2214344,-20.25844398]]}},{"type":"Feature","properties":{"fonte":"IEMA","classificacao":null,"tipo_infracao":"ACIDENTE MAR�TIMO: VAZAMENTO DE �LEO DIESEL DA DRAGA, TERMINAL DE BARBA�AS OCEANICAS ARCELOR MITAL TUBAR�O.","item":null,"gravidade":null,"data":"2017-01-20T00:00:00Z","municipio":"Serra","processo":""},"geometry":{"type":"MultiPoint","coordinates":[[-40.2214344,-20.25844398]]}},{"type":"Feature","properties":{"fonte":"IEMA","classificacao":null,"tipo_infracao":"Armazenamento de material reciclavel","item":null,"gravidade":null,"data":"2016-02-19T00:00:00Z","municipio":"Cariacica","processo":"GFI 27327"},"geometry":{"type":"MultiPoint","coordinates":[[-40.35820266,-20.25729321]]}},{"type":"Feature","properties":{"fonte":"IEMA","classificacao":null,"tipo_infracao":"Inc�ndio em local de Armazenamento de materioal reciclavel","item":null,"gravidade":null,"data":"2016-03-15T00:00:00Z","municipio":"Cariacica","processo":"392/16"},"geometry":{"type":"MultiPoint","coordinates":[[-40.35533085,-20.25731544]]}},{"type":"Feature","properties":{"fonte":"IEMA","classificacao":null,"tipo_infracao":"Vistoria Intergovernamental para verificar os controles ambientais nas fontes  de emiss�es difusas conforme roteiro de vistoria prestabelecido.","item":null,"gravidade":null,"data":"2019-01-28T00:00:00Z","municipio":"Serra","processo":"INT 004/19"},"geometry":{"type":"MultiPoint","coordinates":[[-40.24271818,-20.25739995]]}},{"type":"Feature","properties":{"fonte":"IEMA","classificacao":null,"tipo_infracao":"EMPRESA DE PRODU��O DE REFEI�OES SEM LICEN�A, EMISS�O DO ESCAPE DE EFLUENTES ORIUNDOS DE FOSSA S�PTICA EM CURSO D'AGUA (RIO MARICAR�)","item":null,"gravidade":null,"data":"2010-08-02T00:00:00Z","municipio":"Cariacica","processo":"AI E TE/I 04631"},"geometry":{"type":"MultiPoint","coordinates":[[-40.45278973,-20.25564957]]}},{"type":"Feature","properties":{"fonte":"IEMA","classificacao":null,"tipo_infracao":"EMPRESA DE PRODU��O DE REFEI�OES SEM LICEN�A, EMISS�O DO ESCAPE DE EFLUENTES ORIUNDOS DE FOSSA S�PTICA EM CURSO D'AGUA (RIO MARICAR�)","item":null,"gravidade":null,"data":"2013-02-21T00:00:00Z","municipio":"Cariacica","processo":""},"geometry":{"type":"MultiPoint","coordinates":[[-40.45278973,-20.25564957]]}},{"type":"Feature","properties":{"fonte":"IEMA","classificacao":null,"tipo_infracao":"LIX�O DE NOVA ROSA DA PENHA","item":null,"gravidade":null,"data":"2009-06-15T00:00:00Z","municipio":"Cariacica","processo":"GFI 180/08"},"geometry":{"type":"MultiPoint","coordinates":[[-40.37553087,-20.2562637]]}},{"type":"Feature","properties":{"fonte":"IEMA","classificacao":null,"tipo_infracao":"RESTAURANTE FAZENDO LAN�AMENTO DE RES�DUOS DE COMIDA NO C�RREGO, EM MARICAR�.","item":null,"gravidade":null,"data":"2011-05-27T00:00:00Z","municipio":"Cariacica","processo":"RR 636/10"},"geometry":{"type":"MultiPoint","coordinates":[[-40.45176273,-20.25535995]]}},{"type":"Feature","properties":{"fonte":"IEMA","classificacao":null,"tipo_infracao":"DESCARTE DE MATERIAIS DIVERSOS  E QUEIMA DE RES�DUOS DIVERSOS","item":null,"gravidade":null,"data":"2016-08-25T00:00:00Z","municipio":"Cariacica","processo":"GFI 798/16"},"geometry":{"type":"MultiPoint","coordinates":[[-40.37521858,-20.25558857]]}},{"type":"Feature","properties":{"fonte":"IEMA","classificacao":null,"tipo_infracao":"DESVIO DE CURSO H�DRICO PARA FORMAR TANQUES DE PEIXES E ATERRO EM APP SEM LICEN�A AMBIENTAL, BAIRRO PROLAR","item":null,"gravidade":null,"data":"2013-06-17T00:00:00Z","municipio":"Cariacica","processo":"AI E AE/I 06533"},"geometry":{"type":"MultiPoint","coordinates":[[-40.42499308,-20.25496524]]}},{"type":"Feature","properties":{"fonte":"IEMA","classificacao":null,"tipo_infracao":"DESVIO DE CURSO H�DRICO PARA FORMAR TANQUES DE PEIXES E ATERRO EM APP SEM LICEN�A AMBIENTAL, BAIRRO PROLAR.","item":null,"gravidade":null,"data":"2014-09-01T00:00:00Z","municipio":"Cariacica","processo":""},"geometry":{"type":"MultiPoint","coordinates":[[-40.42499308,-20.25496524]]}},{"type":"Feature","properties":{"fonte":"IEMA","classificacao":null,"tipo_infracao":"LOTEAMENTO SEM LICEN�A AMBIENTAL, CHACARAS BELA VISTA, RIO GRANDE.","item":null,"gravidade":null,"data":"2014-04-16T00:00:00Z","municipio":"Cariacica","processo":""},"geometry":{"type":"MultiPoint","coordinates":[[-40.43360124,-20.25414522]]}},{"type":"Feature","properties":{"fonte":"IEMA","classificacao":null,"tipo_infracao":"PISCICULTURA","item":null,"gravidade":null,"data":"2018-04-27T00:00:00Z","municipio":"Cariacica","processo":""},"geometry":{"type":"MultiPoint","coordinates":[[-40.41007856,-20.25287241]]}},{"type":"Feature","properties":{"fonte":"IEMA","classificacao":null,"tipo_infracao":"CONSTRU��O DE BARRAGEM SEM LICEN�A AMBIENTAL, CARIACICA SEDE.","item":null,"gravidade":null,"data":"2011-06-30T00:00:00Z","municipio":"Cariacica","processo":"RR 121/11"},"geometry":{"type":"MultiPoint","coordinates":[[-40.41640366,-20.25258654]]}},{"type":"Feature","properties":{"fonte":"IEMA","classificacao":null,"tipo_infracao":"CONSTRU��O DE BARRAGEM SEM LICEN�A AMBIENTAL, CARIACICA SEDE.","item":null,"gravidade":null,"data":"2014-07-31T00:00:00Z","municipio":"Cariacica","processo":""},"geometry":{"type":"MultiPoint","coordinates":[[-40.41640366,-20.25258654]]}},{"type":"Feature","properties":{"fonte":"IEMA","classificacao":null,"tipo_infracao":"EMPRESA DE FABRICA��O E ACABAMENTO DE PIAS E TANQUES FUNCIONANDO SEM LICEN�A AMBIENTAL, EM BELA AURORA","item":null,"gravidade":null,"data":"2011-04-15T00:00:00Z","municipio":"Cariacica","processo":"GFI 10054"},"geometry":{"type":"MultiPoint","coordinates":[[-40.42109866,-20.25200649]]}},{"type":"Feature","properties":{"fonte":"IEMA","classificacao":null,"tipo_infracao":"EMPRESA DE FABRICA��O E ACABAMENTO DE PIAS E TANQUES FUNCIONANDO SEM LICEN�A AMBIENTAL, EM BELA AURORA.","item":null,"gravidade":null,"data":"2012-01-05T00:00:00Z","municipio":"Cariacica","processo":""},"geometry":{"type":"MultiPoint","coordinates":[[-40.42109866,-20.25200649]]}},{"type":"Feature","properties":{"fonte":"IEMA","classificacao":null,"tipo_infracao":"TERRAPLANAGEM SEM LICEN�A AMBIENTAL, ROD ES 080, IBIAPABA.","item":null,"gravidade":null,"data":"2014-08-18T00:00:00Z","municipio":"Cariacica","processo":""},"geometry":{"type":"MultiPoint","coordinates":[[-40.42104891,-20.25179911]]}},{"type":"Feature","properties":{"fonte":"IEMA","classificacao":null,"tipo_infracao":"Vistoria Intergovernamental na empresa Arcelor para verificar os controles ambientais nas emiss�es atmosf�ricas oriundas das fontes difuisas de acordo com o roteiro preeestabelecido.","item":null,"gravidade":null,"data":"2019-02-27T00:00:00Z","municipio":"Serra","processo":"INT 006/19"},"geometry":{"type":"MultiPoint","coordinates":[[-40.22362065,-20.25277292]]}},{"type":"Feature","properties":{"fonte":"IEMA","classificacao":null,"tipo_infracao":"Manchas em mar","item":null,"gravidade":null,"data":"2016-04-19T00:00:00Z","municipio":"Serra","processo":"GFI 28647"},"geometry":{"type":"MultiPoint","coordinates":[[-40.22381793,-20.25229269]]}},{"type":"Feature","properties":{"fonte":"IEMA","classificacao":null,"tipo_infracao":"VISTORIA INTERGOVERNAMENTAL ARCELORMITTAL","item":null,"gravidade":null,"data":"2017-01-11T00:00:00Z","municipio":"Serra","processo":"GFI 16/15"},"geometry":{"type":"MultiPoint","coordinates":[[-40.22381793,-20.25229269]]}},{"type":"Feature","properties":{"fonte":"IEMA","classificacao":null,"tipo_infracao":"ACIDENTE AMBIENTAL VAZAMENTO DE FERRO GUSA NA �REA INTERNA DO ALTO FORNO II EM LOCAL IMPERMEABILIZADO ATINGINDO O CARRO TORPEDO E LINHA F�RREA","item":null,"gravidade":null,"data":"2014-12-09T00:00:00Z","municipio":"Serra","processo":"AI 10545"},"geometry":{"type":"MultiPoint","coordinates":[[-40.23935177,-20.25181317]]}},{"type":"Feature","properties":{"fonte":"IEMA","classificacao":null,"tipo_infracao":"VAZAMENTO DE �LEO HIDR�ULICO NO P�TIO, EM PORTO DO ENGENHO.","item":null,"gravidade":null,"data":"2012-03-07T00:00:00Z","municipio":"Cariacica","processo":"RR 302/10"},"geometry":{"type":"MultiPoint","coordinates":[[-40.37073434,-20.25077219]]}},{"type":"Feature","properties":{"fonte":"IEMA","classificacao":null,"tipo_infracao":"TERRAPLANAGEM, CORTE E ATERRO EM APP SEM LICEN�A AMBIENTAL, S�TIO POUSO CRIST�O, EM DUAS BOCAS","item":null,"gravidade":null,"data":"2014-10-22T00:00:00Z","municipio":"Cariacica","processo":"GFI 17039"},"geometry":{"type":"MultiPoint","coordinates":[[-40.48100559,-20.24805069]]}},{"type":"Feature","properties":{"fonte":"IEMA","classificacao":null,"tipo_infracao":"TERRAPLANAGEM, CORTE E ATERRO EM APP SEM LICEN�A AMBIENTAL, S�TIO POUSO CRIST�O, EM DUAS BOCAS.","item":null,"gravidade":null,"data":"2014-12-11T00:00:00Z","municipio":"Cariacica","processo":""},"geometry":{"type":"MultiPoint","coordinates":[[-40.48100559,-20.24805069]]}},{"type":"Feature","properties":{"fonte":"IEMA","classificacao":null,"tipo_infracao":"ACIDENTE RODOVI�RIO COM DERRAMAMENTO DE ADUBO NITROGENADO NAS MARGENS DA RODOVIA E CANAL DE DRENAGEM, BR 262 108 KM 283","item":null,"gravidade":null,"data":"2014-03-12T00:00:00Z","municipio":"Cariacica","processo":"AI 10459"},"geometry":{"type":"MultiPoint","coordinates":[[-40.3707714,-20.24845004]]}},{"type":"Feature","properties":{"fonte":"IEMA","classificacao":null,"tipo_infracao":"ACIDENTE RODOVI�RIO COM DERRAMAMENTO DE ADUBO NITROGENADO NAS MARGENS DA RODOVIA E CANAL DE DRENAGEM, BR 262 108 KM 283.","item":null,"gravidade":null,"data":"2014-06-11T00:00:00Z","municipio":"Cariacica","processo":""},"geometry":{"type":"MultiPoint","coordinates":[[-40.3707714,-20.24845004]]}},{"type":"Feature","properties":{"fonte":"IEMA","classificacao":null,"tipo_infracao":"PRODU��O DE CARV�O VEGETAL EM FORNOS SEM LICEN�A AMBIENTAL, RODOVIA PAULO NASCIMENTO.","item":null,"gravidade":null,"data":"2011-10-13T00:00:00Z","municipio":"Cariacica","processo":"RR 122/11"},"geometry":{"type":"MultiPoint","coordinates":[[-40.41445659,-20.24582651]]}},{"type":"Feature","properties":{"fonte":"IEMA","classificacao":null,"tipo_infracao":"PRODU��O DE CARV�O VEGETAL EM FORNOS SEM LICEN�A AMBIENTAL, RODOVIA PAULO NASCIMENTO.","item":null,"gravidade":null,"data":"2014-07-24T00:00:00Z","municipio":"Cariacica","processo":""},"geometry":{"type":"MultiPoint","coordinates":[[-40.41445659,-20.24582651]]}},{"type":"Feature","properties":{"fonte":"IEMA","classificacao":null,"tipo_infracao":"DISPOSI��O INADEQUADA DE RES�DUOS POR TERCEIROS EM �REA URBANA DIRETAMENTE NO SOLO, BAIRRO DE F�TIMA.","item":null,"gravidade":null,"data":"2011-11-30T00:00:00Z","municipio":"Serra","processo":"RR 39/11 B"},"geometry":{"type":"MultiPoint","coordinates":[[-40.2689868,-20.24661405]]}},{"type":"Feature","properties":{"fonte":"IEMA","classificacao":null,"tipo_infracao":"DISPOSI��O INADEQUADA DE RES�DUOS POR TERCEIROS EM �REA URBANA DIRETAMENTE NO SOLO, BAIRRO DE F�TIMA.","item":null,"gravidade":null,"data":"2014-03-21T00:00:00Z","municipio":"Serra","processo":""},"geometry":{"type":"MultiPoint","coordinates":[[-40.2689868,-20.24661405]]}},{"type":"Feature","properties":{"fonte":"IEMA","classificacao":null,"tipo_infracao":"ACIDENTE RODOVI�RIO COM TOMBAMENTO DE CLORETO DE POT�SSIO NA RODOVIA DO CONTORNO ATINGINDO A PISTA E O SOLO, BR 101 CONTORNO","item":null,"gravidade":null,"data":"2012-01-24T00:00:00Z","municipio":"Cariacica","processo":"AI 9045"},"geometry":{"type":"MultiPoint","coordinates":[[-40.36981645,-20.24544]]}},{"type":"Feature","properties":{"fonte":"IEMA","classificacao":null,"tipo_infracao":"ACIDENTE COM DERRAME DE FERTILIZANTE, BR 262  KM 158","item":null,"gravidade":null,"data":"2011-07-11T00:00:00Z","municipio":"Viana","processo":"AI 9728"},"geometry":{"type":"MultiPoint","coordinates":[[-41.50314744,-20.23216964]]}},{"type":"Feature","properties":{"fonte":"IEMA","classificacao":null,"tipo_infracao":"ACIDENTE COM DERRAME DE FERTILIZANTE, BR 262 KM 158.","item":null,"gravidade":null,"data":"2011-12-07T00:00:00Z","municipio":"Viana","processo":""},"geometry":{"type":"MultiPoint","coordinates":[[-41.50314744,-20.23216964]]}},{"type":"Feature","properties":{"fonte":"IEMA","classificacao":null,"tipo_infracao":"Interven��o em APP","item":null,"gravidade":null,"data":"2021-08-31T00:00:00Z","municipio":"Cariacica","processo":"PROT 12269/21; 12334/21"},"geometry":{"type":"MultiPoint","coordinates":[[-40.3604398,-20.24265807]]}},{"type":"Feature","properties":{"fonte":"IEMA","classificacao":null,"tipo_infracao":"INC�NDIO NA C�LULA DE SERVI�O DE SA�DE.","item":null,"gravidade":null,"data":"2012-12-18T00:00:00Z","municipio":"Cariacica","processo":"RR 304/12"},"geometry":{"type":"MultiPoint","coordinates":[[-40.38654976,-20.23902057]]}},{"type":"Feature","properties":{"fonte":"IEMA","classificacao":null,"tipo_infracao":"ATERRO NA APA DE PRAIA MOLE, CARAPEBUS","item":null,"gravidade":null,"data":"2014-11-20T00:00:00Z","municipio":"Serra","processo":"GFI 177/14"},"geometry":{"type":"MultiPoint","coordinates":[[-40.21560436,-20.24004432]]}},{"type":"Feature","properties":{"fonte":"IEMA","classificacao":null,"tipo_infracao":"ATERRO NA APA DE PRAIA MOLE, CARAPEBUS.","item":null,"gravidade":null,"data":"2014-12-18T00:00:00Z","municipio":"Serra","processo":""},"geometry":{"type":"MultiPoint","coordinates":[[-40.21560436,-20.24004432]]}},{"type":"Feature","properties":{"fonte":"IEMA","classificacao":null,"tipo_infracao":"GARAGEM DE VE�CULOS AUTOMOTORES COM ATIVIDADES DE MANUTEN��O SEM LICEN�A AMBIENTAL, EM BAIRRO DE F�TIMA","item":null,"gravidade":null,"data":"2014-09-01T00:00:00Z","municipio":"Serra","processo":"AI E AE/I 9764"},"geometry":{"type":"MultiPoint","coordinates":[[-40.27291756,-20.23793029]]}},{"type":"Feature","properties":{"fonte":"IEMA","classificacao":null,"tipo_infracao":"ACIDENTE: VAZAMENTO DE �LEO COMBUST�VEL EM VIA PAVIMENTADA, EM CARAPINA","item":null,"gravidade":null,"data":"2014-03-24T00:00:00Z","municipio":"Serra","processo":"AI 7969"},"geometry":{"type":"MultiPoint","coordinates":[[-40.26757204,-20.22443492]]}},{"type":"Feature","properties":{"fonte":"IEMA","classificacao":null,"tipo_infracao":"AREA PERTECENTE AO DNIT ,QUE SE ENCONTRA AS MARGENS DA ROD DO CONTORNO E AS PESSOAS APROVEITAM PARA EXTRAIR ARGOLA NO LOCAL","item":null,"gravidade":null,"data":"2013-04-22T00:00:00Z","municipio":"Cariacica","processo":"GFI 285/13"},"geometry":{"type":"MultiPoint","coordinates":[[-40.26837464,-20.23488234]]}},{"type":"Feature","properties":{"fonte":"IEMA","classificacao":null,"tipo_infracao":"TERRAPLANAGEM SEM LICEN�A AMBIENTAL, BR 101 KM 281.","item":null,"gravidade":null,"data":"2011-12-15T00:00:00Z","municipio":"Cariacica","processo":"RR 137/11"},"geometry":{"type":"MultiPoint","coordinates":[[-40.36690203,-20.23399798]]}},{"type":"Feature","properties":{"fonte":"IEMA","classificacao":null,"tipo_infracao":"DISPOSI��O INADEQUADA DE TAMBORES CONTAMINADOS COM RES�DUO OLEOSO LAN�ANDO NA GALERIA PLUVIAL, EM PORTO ENGENHO.","item":null,"gravidade":null,"data":"2013-01-22T00:00:00Z","municipio":"Cariacica","processo":"RR 258/11"},"geometry":{"type":"MultiPoint","coordinates":[[-40.37390031,-20.23304892]]}},{"type":"Feature","properties":{"fonte":"IEMA","classificacao":null,"tipo_infracao":"Realizar vistoria conjunta com a COEI para atendimento diretrizes/Metas TCA n� 036/2018 PE 79321763","item":null,"gravidade":null,"data":"2019-11-05T00:00:00Z","municipio":"Serra","processo":"GFI 218/19"},"geometry":{"type":"MultiPoint","coordinates":[[-40.23337808,-20.23363202]]}},{"type":"Feature","properties":{"fonte":"IEMA","classificacao":null,"tipo_infracao":"DISPOSI��O DE RES�DUOS DE CONSTRU��O CIVIL EM �REA DE APP JANIO QUADROS JARDIM AM�RICA","item":null,"gravidade":null,"data":"2014-11-24T00:00:00Z","municipio":"Serra","processo":""},"geometry":{"type":"MultiPoint","coordinates":[[-40.29055619,-20.2328956]]}},{"type":"Feature","properties":{"fonte":"IEMA","classificacao":null,"tipo_infracao":"ACIDENTE  DERRAME DE �LEO NA LAGOA 5  NA �REA INDUSTRIAL PR�XIMO AO RESTAURANTE DA ANTIGA LAMINA��O","item":null,"gravidade":null,"data":"2014-02-20T00:00:00Z","municipio":"Serra","processo":"AI 10440"},"geometry":{"type":"MultiPoint","coordinates":[[-40.23654088,-20.23171245]]}},{"type":"Feature","properties":{"fonte":"IEMA","classificacao":null,"tipo_infracao":"ACIDENTE DERRAME DE �LEO NA LAGOA 5 NA �REA INDUSTRIAL PR�XIMO AO RESTAURANTE DA ANTIGA LAMINA��O.","item":null,"gravidade":null,"data":"2014-10-20T00:00:00Z","municipio":"Serra","processo":""},"geometry":{"type":"MultiPoint","coordinates":[[-40.23654088,-20.23171245]]}},{"type":"Feature","properties":{"fonte":"IEMA","classificacao":null,"tipo_infracao":"ACIDENTE COM TOMBAMENTO DE CARRETA CONTENDO CARV�O NA BR 101 PROXIMO AO VIT�RIA APART HOSPITAL (CARAPINA)","item":null,"gravidade":null,"data":"2017-04-18T00:00:00Z","municipio":"Serra","processo":"GFI 107/17"},"geometry":{"type":"MultiPoint","coordinates":[[-40.28251002,-20.22870827]]}},{"type":"Feature","properties":{"fonte":"IEMA","classificacao":null,"tipo_infracao":"ACIDENTE: DERRAME DE �LEO COMBUST�VEL MAR�TIMO NO SOLO, VEGETA��O E CURSO H�DRICO, PORTARIA DA VALE, EM CARAPINA","item":null,"gravidade":null,"data":"2013-03-28T00:00:00Z","municipio":"Serra","processo":"AI 7730"},"geometry":{"type":"MultiPoint","coordinates":[[-40.26914801,-20.22874215]]}},{"type":"Feature","properties":{"fonte":"IEMA","classificacao":null,"tipo_infracao":"ACIDENTE: DERRAME DE �LEO COMBUST�VEL MAR�TIMO NO SOLO, VEGETA��O E CURSO H�DRICO, PORTARIA DA VALE, EM CARAPINA.","item":null,"gravidade":null,"data":"2014-01-08T00:00:00Z","municipio":"Serra","processo":""},"geometry":{"type":"MultiPoint","coordinates":[[-40.26914801,-20.22874215]]}},{"type":"Feature","properties":{"fonte":"IEMA","classificacao":null,"tipo_infracao":"ACIDENTE RODOVI�RIO COM VAZAMENTO DA CARGA PROVENIENTE DE ABERTURA DA V�LVULA DO TANQUE COM O VE�CULO ESTACIONADO NO P�TIO DA PORTARIA DA VALE, BAIRRO CARAPINA.","item":null,"gravidade":null,"data":"2014-05-19T00:00:00Z","municipio":"Serra","processo":"PROT. 3348/13 D"},"geometry":{"type":"MultiPoint","coordinates":[[-40.26914801,-20.22874215]]}},{"type":"Feature","properties":{"fonte":"IEMA","classificacao":null,"tipo_infracao":"OFICINA DE PEQUENOS RETOQUES  DE PINTURA VEICULAR, ANDRE CARLONE","item":null,"gravidade":null,"data":"2010-05-19T00:00:00Z","municipio":"Serra","processo":"AI E TE/ 1157"},"geometry":{"type":"MultiPoint","coordinates":[[-40.27860096,-20.22824892]]}},{"type":"Feature","properties":{"fonte":"IEMA","classificacao":null,"tipo_infracao":"OFICINA DE PEQUENOS RETOQUES  DE PINTURA VEICULAR, ANDRE CARLONE","item":null,"gravidade":null,"data":"2012-05-31T00:00:00Z","municipio":"Serra","processo":""},"geometry":{"type":"MultiPoint","coordinates":[[-40.27860096,-20.22824892]]}},{"type":"Feature","properties":{"fonte":"IEMA","classificacao":null,"tipo_infracao":"ANIMAL SILVESTRE EM CATIVEIRO","item":null,"gravidade":null,"data":"2014-11-06T00:00:00Z","municipio":"Serra","processo":"PROT. 13391/14 G"},"geometry":{"type":"MultiPoint","coordinates":[[-40.2897865,-20.22777859]]}},{"type":"Feature","properties":{"fonte":"IEMA","classificacao":null,"tipo_infracao":"Sider�rgica","item":null,"gravidade":null,"data":"2015-09-11T00:00:00Z","municipio":"Serra","processo":"GFI 264/15"},"geometry":{"type":"MultiPoint","coordinates":[[-40.22533755,-20.22632492]]}},{"type":"Feature","properties":{"fonte":"IEMA","classificacao":null,"tipo_infracao":"CONSTRU��O DE PINIC�O AS MARGENS DA LAGOA DE CARAPEBUS","item":null,"gravidade":null,"data":"2012-03-22T00:00:00Z","municipio":"Serra","processo":"GFI 56/11"},"geometry":{"type":"MultiPoint","coordinates":[[-40.2144919,-20.22622863]]}},{"type":"Feature","properties":{"fonte":"IEMA","classificacao":null,"tipo_infracao":"ACIDENTE RODOVI�RIO","item":null,"gravidade":null,"data":"2015-08-26T00:00:00Z","municipio":"Serra","processo":"GFI 260/15"},"geometry":{"type":"MultiPoint","coordinates":[[-40.28765362,-20.22448754]]}},{"type":"Feature","properties":{"fonte":"IEMA","classificacao":null,"tipo_infracao":"Transporte rodovi�rio","item":null,"gravidade":null,"data":"2015-09-11T00:00:00Z","municipio":"Serra","processo":"GFI 259/15"},"geometry":{"type":"MultiPoint","coordinates":[[-40.28799223,-20.22376228]]}},{"type":"Feature","properties":{"fonte":"IEMA","classificacao":null,"tipo_infracao":"CONSTRU��O NA MARGEM DA LAGOA DE CARAPEBUS EM APP, BALNE�RIO CARAPEBUS","item":null,"gravidade":null,"data":"2011-09-27T00:00:00Z","municipio":"Serra","processo":"AI E AE/I 04301"},"geometry":{"type":"MultiPoint","coordinates":[[-40.21452088,-20.22379804]]}},{"type":"Feature","properties":{"fonte":"IEMA","classificacao":null,"tipo_infracao":"CONSTRU��O NA MARGEM DA LAGOA DE CARAPEBUS EM APP, BALNE�RIO CARAPEBUS.","item":null,"gravidade":null,"data":"2011-12-29T00:00:00Z","municipio":"Serra","processo":""},"geometry":{"type":"MultiPoint","coordinates":[[-40.21452088,-20.22379804]]}},{"type":"Feature","properties":{"fonte":"IEMA","classificacao":null,"tipo_infracao":"CONSTRU��O NA MARGEM DA LAGOA DE CARAPEBUS EM APP, BALNE�RIO CARAPEBUS","item":null,"gravidade":null,"data":"2011-10-26T00:00:00Z","municipio":"Serra","processo":"AI E AE/I 04149"},"geometry":{"type":"MultiPoint","coordinates":[[-40.21453848,-20.22359915]]}},{"type":"Feature","properties":{"fonte":"IEMA","classificacao":null,"tipo_infracao":"CONSTRU��O NA MARGEM DA LAGOA DE CARAPEBUS EM APP, BALNE�RIO CARAPEBUS","item":null,"gravidade":null,"data":"2011-11-09T00:00:00Z","municipio":"Serra","processo":"AI E AE/I 04304"},"geometry":{"type":"MultiPoint","coordinates":[[-40.21453848,-20.22359915]]}},{"type":"Feature","properties":{"fonte":"IEMA","classificacao":null,"tipo_infracao":"CONSTRU��O NA MARGEM DA LAGOA DE CARAPEBUS EM APP, BALNE�RIO CARAPEBUS","item":null,"gravidade":null,"data":"2011-08-17T00:00:00Z","municipio":"Serra","processo":"AI E AE/I 04150"},"geometry":{"type":"MultiPoint","coordinates":[[-40.21455566,-20.22334606]]}},{"type":"Feature","properties":{"fonte":"IEMA","classificacao":null,"tipo_infracao":"CONSTRU��O NA MARGEM DA LAGOA DE CARAPEBUS EM APP, BALNE�RIO CARAPEBUS.","item":null,"gravidade":null,"data":"2013-09-17T00:00:00Z","municipio":"Serra","processo":""},"geometry":{"type":"MultiPoint","coordinates":[[-40.21455566,-20.22334606]]}},{"type":"Feature","properties":{"fonte":"IEMA","classificacao":null,"tipo_infracao":"ABERTURA DE PO�O ESCAVADO E ATERRO EM APP, BALNE�RIO CARAPEBUS.","item":null,"gravidade":null,"data":"2014-08-14T00:00:00Z","municipio":"Serra","processo":""},"geometry":{"type":"MultiPoint","coordinates":[[-40.21272582,-20.22313283]]}},{"type":"Feature","properties":{"fonte":"IEMA","classificacao":null,"tipo_infracao":"LAN�AMENTO DE LIXOS DIVERSOS NO BALNE�RIO DE CARAPEBUS.","item":null,"gravidade":null,"data":"2011-12-15T00:00:00Z","municipio":"Serra","processo":"Prot. 20336/09 D"},"geometry":{"type":"MultiPoint","coordinates":[[-40.20932708,-20.22302979]]}},{"type":"Feature","properties":{"fonte":"IEMA","classificacao":null,"tipo_infracao":"CONSTRU��O NA MARGEM DA LAGOA DE CARAPEBUS EM APP, BALNE�RIO CARAPEBUS","item":null,"gravidade":null,"data":"2011-09-27T00:00:00Z","municipio":"Serra","processo":"AI E AE/I 04302"},"geometry":{"type":"MultiPoint","coordinates":[[-40.21446608,-20.22290396]]}},{"type":"Feature","properties":{"fonte":"IEMA","classificacao":null,"tipo_infracao":"CONSTRU��O NA MARGEM DA LAGOA DE CARAPEBUS EM APP, BALNE�RIO CARAPEBUS.","item":null,"gravidade":null,"data":"2012-05-07T00:00:00Z","municipio":"Serra","processo":""},"geometry":{"type":"MultiPoint","coordinates":[[-40.21446608,-20.22290396]]}},{"type":"Feature","properties":{"fonte":"IEMA","classificacao":null,"tipo_infracao":"CONSTRU��O NA MARGEM DA LAGOA DE CARAPEBUS EM APP, BALNE�RIO CARAPEBUS","item":null,"gravidade":null,"data":"2011-09-27T00:00:00Z","municipio":"Serra","processo":"AI E AE/I 04303"},"geometry":{"type":"MultiPoint","coordinates":[[-40.21438804,-20.22271477]]}},{"type":"Feature","properties":{"fonte":"IEMA","classificacao":null,"tipo_infracao":"CONSTRU��O NA MARGEM DA LAGOA DE CARAPEBUS EM APP, BALNE�RIO CARAPEBUS.","item":null,"gravidade":null,"data":"2011-12-29T00:00:00Z","municipio":"Serra","processo":""},"geometry":{"type":"MultiPoint","coordinates":[[-40.21438804,-20.22271477]]}},{"type":"Feature","properties":{"fonte":"IEMA","classificacao":null,"tipo_infracao":"ANIMAL SILVESTRE EM CATIVEIRO.","item":null,"gravidade":null,"data":"2014-06-04T00:00:00Z","municipio":"Serra","processo":"PROT. 9042/14 L"},"geometry":{"type":"MultiPoint","coordinates":[[-40.25324876,-20.22152917]]}},{"type":"Feature","properties":{"fonte":"IEMA","classificacao":null,"tipo_infracao":"PESCA EM PERIODO DE DEFESO, EM CIVIT I","item":null,"gravidade":null,"data":"2013-01-08T00:00:00Z","municipio":"Serra","processo":"GFI 39/13"},"geometry":{"type":"MultiPoint","coordinates":[[-40.23753912,-20.22117078]]}},{"type":"Feature","properties":{"fonte":"IEMA","classificacao":null,"tipo_infracao":"POLUI��O POR MEIO DE DERRAMAMENTO DE CONBUSTIVEL EM CONTATO COM SOLO E AGUA","item":null,"gravidade":null,"data":"2013-04-23T00:00:00Z","municipio":"Serra","processo":"GFI 393/13"},"geometry":{"type":"MultiPoint","coordinates":[[-41.10500289,-20.2126702]]}},{"type":"Feature","properties":{"fonte":"IEMA","classificacao":null,"tipo_infracao":"ATERRO COM RES�DUOS DA CONSTRU��O CIVIL SEM LICEN�A AMBIENTAL, BALNE�RIO DE CARAPEBUS.","item":null,"gravidade":null,"data":"2011-11-10T00:00:00Z","municipio":"Serra","processo":""},"geometry":{"type":"MultiPoint","coordinates":[[-40.21447446,-20.22028378]]}},{"type":"Feature","properties":{"fonte":"IEMA","classificacao":null,"tipo_infracao":"PASS�RO EM CATIVEIRO SEM AUTORIZA��O","item":null,"gravidade":null,"data":"2013-04-23T00:00:00Z","municipio":"Serra","processo":"GFI 380/13"},"geometry":{"type":"MultiPoint","coordinates":[[-40.28158253,-20.21948156]]}},{"type":"Feature","properties":{"fonte":"IEMA","classificacao":null,"tipo_infracao":"PASS�RO EM CATIVEIRO SEM AUTORIZA��O","item":null,"gravidade":null,"data":"2013-04-23T00:00:00Z","municipio":"Serra","processo":"GFI 381/13"},"geometry":{"type":"MultiPoint","coordinates":[[-40.28158253,-20.21948156]]}},{"type":"Feature","properties":{"fonte":"IEMA","classificacao":null,"tipo_infracao":"LAVA JATO SEM LICEN�A AMBIENTAL, PARQUE RESIDENCIAL LARANJEIRAS.","item":null,"gravidade":null,"data":"2014-10-10T00:00:00Z","municipio":"Serra","processo":""},"geometry":{"type":"MultiPoint","coordinates":[[-40.2512464,-20.20093502]]}},{"type":"Feature","properties":{"fonte":"IEMA","classificacao":null,"tipo_infracao":"P�SSAROS SILVESTRE EM CATIVEIRO .","item":null,"gravidade":null,"data":"2014-06-04T00:00:00Z","municipio":"Serra","processo":"PROT. 9042/14 N"},"geometry":{"type":"MultiPoint","coordinates":[[-40.27854646,-20.21806716]]}},{"type":"Feature","properties":{"fonte":"IEMA","classificacao":null,"tipo_infracao":"ESGOTO NA RUA ESCORRENDO PARA AS MATAS E LAGOA, EM CONTINENTAL.","item":null,"gravidade":null,"data":"2013-12-03T00:00:00Z","municipio":"Serra","processo":"RR 110/10"},"geometry":{"type":"MultiPoint","coordinates":[[-40.22604917,-20.2181976]]}},{"type":"Feature","properties":{"fonte":"IEMA","classificacao":null,"tipo_infracao":"DEGRADA��O E INVAS�O DA APA DE PRAIA MOLE","item":null,"gravidade":null,"data":"2012-12-04T00:00:00Z","municipio":"Serra","processo":"GFI 079/10"},"geometry":{"type":"MultiPoint","coordinates":[[-40.21979822,-20.21808754]]}},{"type":"Feature","properties":{"fonte":"IEMA","classificacao":null,"tipo_infracao":"DEGRADA��O E INVAS�O DA APA DE PRAIA MOLE.","item":null,"gravidade":null,"data":"2013-01-02T00:00:00Z","municipio":"Serra","processo":""},"geometry":{"type":"MultiPoint","coordinates":[[-40.21979822,-20.21808754]]}},{"type":"Feature","properties":{"fonte":"IEMA","classificacao":null,"tipo_infracao":"LAN�AMENTO DE DETRITOS DE ESGOTO DE ELEVAT�RIA  DENTRO DA LAGOA DE CARAPEBUS","item":null,"gravidade":null,"data":"2011-04-15T00:00:00Z","municipio":"Serra","processo":"GFI 9917"},"geometry":{"type":"MultiPoint","coordinates":[[-40.22986549,-20.21664402]]}},{"type":"Feature","properties":{"fonte":"IEMA","classificacao":null,"tipo_infracao":"COLETA DE EFLUENTES DOM�STICOS, CIDADE CONTINENTAL.","item":null,"gravidade":null,"data":"2013-03-21T00:00:00Z","municipio":"Serra","processo":""},"geometry":{"type":"MultiPoint","coordinates":[[-40.22986549,-20.21664402]]}},{"type":"Feature","properties":{"fonte":"IEMA","classificacao":null,"tipo_infracao":"GARAGEM DE CAMINH�ES COM ABASTECIMENTO EM TANQUE A�REO SEM LICEN�A AMBIENTAL, EM JARDIM LIMOEIRO","item":null,"gravidade":null,"data":"2012-09-05T00:00:00Z","municipio":"Serra","processo":"GFI 12262 B"},"geometry":{"type":"MultiPoint","coordinates":[[-40.26216898,-20.21436393]]}},{"type":"Feature","properties":{"fonte":"IEMA","classificacao":null,"tipo_infracao":"GARAGEM DE CAMINH�ES COM ABASTECIMENTO EM TANQUE A�REO SEM LICEN�A AMBIENTAL, EM JARDIM LIMOEIRO.","item":null,"gravidade":null,"data":"2013-01-04T00:00:00Z","municipio":"Serra","processo":""},"geometry":{"type":"MultiPoint","coordinates":[[-40.26216898,-20.21436393]]}},{"type":"Feature","properties":{"fonte":"IEMA","classificacao":null,"tipo_infracao":"CONSTRU��O DE ESTRADA EM APP, CARAPINA","item":null,"gravidade":null,"data":"2015-03-13T00:00:00Z","municipio":"Serra","processo":""},"geometry":{"type":"MultiPoint","coordinates":[[-40.35815079,-20.21276255]]}},{"type":"Feature","properties":{"fonte":"IEMA","classificacao":null,"tipo_infracao":"CONSTRU��O DE ESTRADA EM APP.","item":null,"gravidade":null,"data":"2015-03-13T00:00:00Z","municipio":"Serra","processo":""},"geometry":{"type":"MultiPoint","coordinates":[[-40.35806466,-20.21276321]]}},{"type":"Feature","properties":{"fonte":"IEMA","classificacao":null,"tipo_infracao":"CONSTRU��O DE ESTRADA DO QUEIMADO EM AREA DE PRESERVA��O PERMANENTE","item":null,"gravidade":null,"data":"2015-08-05T00:00:00Z","municipio":"Serra","processo":""},"geometry":{"type":"MultiPoint","coordinates":[[-40.35806466,-20.21276321]]}},{"type":"Feature","properties":{"fonte":"IEMA","classificacao":null,"tipo_infracao":"CONSTRU��O DE ESTRADA","item":null,"gravidade":null,"data":"2015-10-20T00:00:00Z","municipio":"Serra","processo":""},"geometry":{"type":"MultiPoint","coordinates":[[-40.35806466,-20.21276321]]}},{"type":"Feature","properties":{"fonte":"IEMA","classificacao":null,"tipo_infracao":"IMPORTA��O E EXPORTA��O LTDA","item":null,"gravidade":null,"data":"2016-08-19T00:00:00Z","municipio":"Serra","processo":""},"geometry":{"type":"MultiPoint","coordinates":[[-40.35806466,-20.21276321]]}},{"type":"Feature","properties":{"fonte":"IEMA","classificacao":null,"tipo_infracao":"ANIMAIS SILVESTRE EM CATIVEIRO","item":null,"gravidade":null,"data":"2013-04-24T00:00:00Z","municipio":"Serra","processo":"GFI 395/13"},"geometry":{"type":"MultiPoint","coordinates":[[-40.24659587,-20.21302958]]}},{"type":"Feature","properties":{"fonte":"IEMA","classificacao":null,"tipo_infracao":"FABRICA��O DE TINTA SEM LICEN�A AMBIENTAL, EM JARDIM TROPICAL","item":null,"gravidade":null,"data":"2012-06-05T00:00:00Z","municipio":"Serra","processo":"AI 06652"},"geometry":{"type":"MultiPoint","coordinates":[[-40.27183457,-20.21187288]]}},{"type":"Feature","properties":{"fonte":"IEMA","classificacao":null,"tipo_infracao":"Oficina e transporte","item":null,"gravidade":null,"data":"2019-10-01T00:00:00Z","municipio":"Serra","processo":"OGE 2019091229"},"geometry":{"type":"MultiPoint","coordinates":[[-40.2585508,-20.21194146]]}},{"type":"Feature","properties":{"fonte":"IEMA","classificacao":null,"tipo_infracao":"GARAGEM PARA ESTACIONAMENTO DE CAMINH�OES COM MANUTEN��O, LAVAGEM, LUBRIFICA��O E ABASTECIMENTO EM TANQUE A�REO, EM JARDIM LIMOEIRO","item":null,"gravidade":null,"data":"2013-04-22T00:00:00Z","municipio":"Serra","processo":"GFI 12262 A"},"geometry":{"type":"MultiPoint","coordinates":[[-40.25843545,-20.21187905]]}},{"type":"Feature","properties":{"fonte":"IEMA","classificacao":null,"tipo_infracao":"Reparo e desgaseifica��o de tanques veiculares","item":null,"gravidade":null,"data":"2017-01-31T00:00:00Z","municipio":"Serra","processo":"GFI 58/17"},"geometry":{"type":"MultiPoint","coordinates":[[-40.25054756,-20.21169144]]}},{"type":"Feature","properties":{"fonte":"IEMA","classificacao":null,"tipo_infracao":"Reparo e descontamina��o de tanques de combust�vel","item":null,"gravidade":null,"data":"2017-01-31T00:00:00Z","municipio":"Serra","processo":"GFI 55/17"},"geometry":{"type":"MultiPoint","coordinates":[[-40.25070809,-20.21141925]]}},{"type":"Feature","properties":{"fonte":"IEMA","classificacao":null,"tipo_infracao":"REPARO E DESCONTAMINA��O LAVAGEM E A�REA DE TANQUES DE COMBUSTIVEL","item":null,"gravidade":null,"data":"2018-03-14T00:00:00Z","municipio":"Serra","processo":""},"geometry":{"type":"MultiPoint","coordinates":[[-40.25070809,-20.21141925]]}},{"type":"Feature","properties":{"fonte":"IEMA","classificacao":null,"tipo_infracao":"ACIDENTE RODOVI�RIO COM DERRAMAMENTO DE PARAFINA AS MARGENS DA RODOVIA, BR 101 KM 274, RODOVIA DO CONTORNO","item":null,"gravidade":null,"data":"2013-02-20T00:00:00Z","municipio":"Serra","processo":"AI 07241"},"geometry":{"type":"MultiPoint","coordinates":[[-40.31768815,-20.21074887]]}},{"type":"Feature","properties":{"fonte":"IEMA","classificacao":null,"tipo_infracao":"OPATIO DE DEPOSITO DE VEICULOS COM ATIVIDADES MANUTEN��O SEM LICEN�A AMBIENTAL","item":null,"gravidade":null,"data":"2017-01-24T00:00:00Z","municipio":"Serra","processo":""},"geometry":{"type":"MultiPoint","coordinates":[[-40.25383511,-20.21108978]]}},{"type":"Feature","properties":{"fonte":"IEMA","classificacao":null,"tipo_infracao":"DISPOSI��O INADEQUADA DE RES�DUOS E FUNCIONAMENTO DE DEPOSITO DE RECICLAGEM SEM LICEN�A AMBIENTAL, EM JARDIM TROPICAL.","item":null,"gravidade":null,"data":"2011-06-30T00:00:00Z","municipio":"Serra","processo":"RR 717/10"},"geometry":{"type":"MultiPoint","coordinates":[[-40.27638639,-20.21022265]]}},{"type":"Feature","properties":{"fonte":"IEMA","classificacao":null,"tipo_infracao":"DISPOSI��O INADEQUADA DE RES�DUOS E FUNCIONAMENTO DE DEPOSITO DE RECICLAGEM SEM LICEN�A AMBIENTAL, EM JARDIM TROPICAL.","item":null,"gravidade":null,"data":"2015-01-12T00:00:00Z","municipio":"Serra","processo":""},"geometry":{"type":"MultiPoint","coordinates":[[-40.27638639,-20.21022265]]}},{"type":"Feature","properties":{"fonte":"IEMA","classificacao":null,"tipo_infracao":"ANIMAL SILVESTRE EM CATIVEIRO.","item":null,"gravidade":null,"data":"2014-06-04T00:00:00Z","municipio":"Serra","processo":"PROT. 9042/14 K"},"geometry":{"type":"MultiPoint","coordinates":[[-40.27462504,-20.21018123]]}},{"type":"Feature","properties":{"fonte":"IEMA","classificacao":null,"tipo_infracao":"ANIMAL SILVESTRE EM CATIVEIRO.","item":null,"gravidade":null,"data":"2014-06-04T00:00:00Z","municipio":"Serra","processo":"PROT. 9042/14 J"},"geometry":{"type":"MultiPoint","coordinates":[[-40.27462504,-20.21018123]]}},{"type":"Feature","properties":{"fonte":"IEMA","classificacao":null,"tipo_infracao":"FUNDI��O SEM COMPROVA��O DE LICENCIAMENTO AMBIENTAL, EM JARDIM LIMOEIRO","item":null,"gravidade":null,"data":"2011-06-13T00:00:00Z","municipio":"Serra","processo":"AI 03417"},"geometry":{"type":"MultiPoint","coordinates":[[-40.25156447,-20.20959715]]}},{"type":"Feature","properties":{"fonte":"IEMA","classificacao":null,"tipo_infracao":"FUNDI��O SEM COMPROVA��O DE LICENCIAMENTO AMBIENTAL, EM JARDIM LIMOEIRO.","item":null,"gravidade":null,"data":"2012-06-27T00:00:00Z","municipio":"Serra","processo":""},"geometry":{"type":"MultiPoint","coordinates":[[-40.25156447,-20.20959715]]}},{"type":"Feature","properties":{"fonte":"IEMA","classificacao":null,"tipo_infracao":"EXTRA��O DE AREIA, BAIRRO JARDIM CARAPINA","item":null,"gravidade":null,"data":"2010-09-20T00:00:00Z","municipio":"Serra","processo":"TAD E TE/ 03352"},"geometry":{"type":"MultiPoint","coordinates":[[-40.30487547,-20.20759203]]}},{"type":"Feature","properties":{"fonte":"IEMA","classificacao":null,"tipo_infracao":"EXTRA��O DE AREIA, BAIRRO JARDIM CARAPINA","item":null,"gravidade":null,"data":"2014-09-05T00:00:00Z","municipio":"Serra","processo":""},"geometry":{"type":"MultiPoint","coordinates":[[-40.30487547,-20.20759203]]}},{"type":"Feature","properties":{"fonte":"IEMA","classificacao":null,"tipo_infracao":"Reparo e descontamina��o de tanques veiculares","item":null,"gravidade":null,"data":"2017-01-31T00:00:00Z","municipio":"Serra","processo":"GFI 57/17"},"geometry":{"type":"MultiPoint","coordinates":[[-40.23167932,-20.2075332]]}},{"type":"Feature","properties":{"fonte":"IEMA","classificacao":null,"tipo_infracao":"ATERRO E TERRAPLANAGEM  EM DESACORDO COM A LICEN�A AMBIENTAL","item":null,"gravidade":null,"data":"2009-05-26T00:00:00Z","municipio":"Serra","processo":"AI E TE/I 1133"},"geometry":{"type":"MultiPoint","coordinates":[[-40.25329013,-20.20637749]]}},{"type":"Feature","properties":{"fonte":"IEMA","classificacao":null,"tipo_infracao":"OBRA POLUIDORA, ATERRO EM DESACORDO COM LICEN�A AMBIENTAL","item":null,"gravidade":null,"data":"2010-09-03T00:00:00Z","municipio":"Serra","processo":""},"geometry":{"type":"MultiPoint","coordinates":[[-40.25329013,-20.20637749]]}},{"type":"Feature","properties":{"fonte":"IEMA","classificacao":null,"tipo_infracao":"Polo Industrial Piracema","item":null,"gravidade":null,"data":"2021-10-21T00:00:00Z","municipio":"Serra","processo":"PROT 14263/21"},"geometry":{"type":"MultiPoint","coordinates":[[-40.322547,-20.20586076]]}},{"type":"Feature","properties":{"fonte":"IEMA","classificacao":null,"tipo_infracao":"DERRAMAMENTO DE PRODUTO QU�MICO EM TERRENO, EM CIVIT.","item":null,"gravidade":null,"data":"2013-07-31T00:00:00Z","municipio":"Serra","processo":"PROT. 3348/13 A"},"geometry":{"type":"MultiPoint","coordinates":[[-40.26995891,-20.20482126]]}},{"type":"Feature","properties":{"fonte":"IEMA","classificacao":null,"tipo_infracao":"ATERRO EM APP, AVENIDA DIDO FONTES.","item":null,"gravidade":null,"data":"2012-05-16T00:00:00Z","municipio":"Serra","processo":"PROT. 28879/11"},"geometry":{"type":"MultiPoint","coordinates":[[-40.27965699,-20.2028807]]}},{"type":"Feature","properties":{"fonte":"IEMA","classificacao":null,"tipo_infracao":"ATERRO EM APP, AVENIDA DIDO FONTES.","item":null,"gravidade":null,"data":"2014-01-29T00:00:00Z","municipio":"Serra","processo":""},"geometry":{"type":"MultiPoint","coordinates":[[-40.27965699,-20.2028807]]}},{"type":"Feature","properties":{"fonte":"IEMA","classificacao":null,"tipo_infracao":"DISPOSI��O DE ENTULHOS SEM LICEN�A AMBIENTAL, CHACARA PARREIRAL.","item":null,"gravidade":null,"data":"2012-06-14T00:00:00Z","municipio":"Serra","processo":""},"geometry":{"type":"MultiPoint","coordinates":[[-40.24048776,-20.20313449]]}},{"type":"Feature","properties":{"fonte":"IEMA","classificacao":null,"tipo_infracao":"TERRAPLANAGEM E ATERRO EM LEITO DE RIO","item":null,"gravidade":null,"data":"2009-01-30T00:00:00Z","municipio":"Vila Velha","processo":"AI 1213"},"geometry":{"type":"MultiPoint","coordinates":[[-40.48385395,-20.20019086]]}},{"type":"Feature","properties":{"fonte":"IEMA","classificacao":null,"tipo_infracao":"LAVA JATO SEM LICEN�A AMBIENTAL, PARQUE RESIDENCIAL LARANJEIRAS","item":null,"gravidade":null,"data":"2013-11-22T00:00:00Z","municipio":"Serra","processo":"GFI 15217"},"geometry":{"type":"MultiPoint","coordinates":[[-40.2512464,-20.20093502]]}},{"type":"Feature","properties":{"fonte":"IEMA","classificacao":null,"tipo_infracao":"ATERRO EM APP","item":null,"gravidade":null,"data":"2010-09-10T00:00:00Z","municipio":"Serra","processo":"AI E TE/ 05101"},"geometry":{"type":"MultiPoint","coordinates":[[-40.23577807,-20.20057467]]}},{"type":"Feature","properties":{"fonte":"IEMA","classificacao":null,"tipo_infracao":"Acidente no Terminal de Logistica TIMS dia 27/01/19 com ocorrencia de incendio em deposito de produtos perigosos da Petrobras","item":null,"gravidade":null,"data":"2019-01-28T00:00:00Z","municipio":"Serra","processo":"GFI 20/19"},"geometry":{"type":"MultiPoint","coordinates":[[-40.31153626,-20.19956482]]}},{"type":"Feature","properties":{"fonte":"IEMA","classificacao":null,"tipo_infracao":"Denuncia de presen�a de �leo na areia da praia","item":null,"gravidade":null,"data":"2016-04-26T00:00:00Z","municipio":"Serra","processo":"GFI 683/2016"},"geometry":{"type":"MultiPoint","coordinates":[[-40.19215846,-20.19954785]]}},{"type":"Feature","properties":{"fonte":"IEMA","classificacao":null,"tipo_infracao":"BENEFICIAMENTO DE ROCHAS ORNAMENTAIS, EM CIVIT II","item":null,"gravidade":null,"data":"2013-09-18T00:00:00Z","municipio":"Serra","processo":"GFI 644/13"},"geometry":{"type":"MultiPoint","coordinates":[[-40.23904253,-20.19586259]]}},{"type":"Feature","properties":{"fonte":"IEMA","classificacao":null,"tipo_infracao":"ATIVIDADE DE BENEFICIAMENTO DE ROCHAS ORNAMENTAIS SME LICEN�A AMBIENTAL, EM CIVIT II","item":null,"gravidade":null,"data":"2013-10-10T00:00:00Z","municipio":"Serra","processo":"AI E AE/I 04197"},"geometry":{"type":"MultiPoint","coordinates":[[-40.23904253,-20.19586259]]}},{"type":"Feature","properties":{"fonte":"IEMA","classificacao":null,"tipo_infracao":"DISPOSI��O INADEQUADA DE TAMBORES CONTAMINADOS COM PRODUTOS QU�MICOS SOBRE O SOLO DESNUDO E �REA DESCOBERTA E LAN�AMENTO DE EFLUENTES NA REDE DE DRENAGEM PLUVIAL, EM CIVIT II","item":null,"gravidade":null,"data":"2012-02-08T00:00:00Z","municipio":"Serra","processo":"AI E AE/I 04349"},"geometry":{"type":"MultiPoint","coordinates":[[-40.24605735,-20.1922623]]}},{"type":"Feature","properties":{"fonte":"IEMA","classificacao":null,"tipo_infracao":"DISPOSI��O INADEQUADA DE TAMBORES CONTAMINADOS COM PRODUTOS QU�MICOS SOBRE O SOLO DESNUDO E �REA DESCOBERTA E LAN�AMENTO DE EFLUENTES NA REDE DE DRENAGEM PLUVIAL, EM CIVIT II.","item":null,"gravidade":null,"data":"2012-05-04T00:00:00Z","municipio":"Serra","processo":""},"geometry":{"type":"MultiPoint","coordinates":[[-40.24605735,-20.1922623]]}},{"type":"Feature","properties":{"fonte":"IEMA","classificacao":null,"tipo_infracao":"SOLICITAM VISTORIA EM LAGOA QUE FICA EM FRENTE A ENTRADA DO CLUBE DA ANTIGA CST NO RODOVIA DE JACARA�PE.","item":null,"gravidade":null,"data":"2011-12-20T00:00:00Z","municipio":"Serra","processo":"Prot. 17215/09"},"geometry":{"type":"MultiPoint","coordinates":[[-40.19678135,-20.19208968]]}},{"type":"Feature","properties":{"fonte":"IEMA","classificacao":null,"tipo_infracao":"SOLICITAM VISTORIA EM LAGOA QUE FICA EM FRENTE A ENTRADA DO CLUBE DA ANTIGA CST NO RODOVIA DE JACARA�PE.","item":null,"gravidade":null,"data":"2012-06-06T00:00:00Z","municipio":"Serra","processo":""},"geometry":{"type":"MultiPoint","coordinates":[[-40.19678135,-20.19208968]]}},{"type":"Feature","properties":{"fonte":"IEMA","classificacao":null,"tipo_infracao":"LAN�AMENTO DE RESIDUOS DE MARMORARIA EM LOCAL SIM LINCENCIADO","item":null,"gravidade":null,"data":"2012-11-27T00:00:00Z","municipio":"Serra","processo":"GFI 222/12"},"geometry":{"type":"MultiPoint","coordinates":[[-40.24582051,-20.19136049]]}},{"type":"Feature","properties":{"fonte":"IEMA","classificacao":null,"tipo_infracao":"POLUI��O ATMOSF�RICA, BAIRRO JOS� DE ANCHIETA III.","item":null,"gravidade":null,"data":"2013-09-13T00:00:00Z","municipio":"Serra","processo":"PROT. 29679/11"},"geometry":{"type":"MultiPoint","coordinates":[[-40.270515,-20.19078622]]}},{"type":"Feature","properties":{"fonte":"IEMA","classificacao":null,"tipo_infracao":"ETE SIM EST� FUNCIONANDO LAN�ANDO DEJETOS DIRETO NA REDE FLUVIAL SEM TRATAMENTO, EM CIVIT II","item":null,"gravidade":null,"data":"2014-03-13T00:00:00Z","municipio":"Serra","processo":"Prot. 13798/11 D"},"geometry":{"type":"MultiPoint","coordinates":[[-40.24184131,-20.19037674]]}},{"type":"Feature","properties":{"fonte":"IEMA","classificacao":null,"tipo_infracao":"TERRAPLANAGEM EM APP SEM LICEN�A AMBIENTAL, RESIDENCIAL LARANJEIRAS","item":null,"gravidade":null,"data":"2012-10-25T00:00:00Z","municipio":"Serra","processo":"GFI 104/12"},"geometry":{"type":"MultiPoint","coordinates":[[-40.25724736,-20.19025821]]}},{"type":"Feature","properties":{"fonte":"IEMA","classificacao":null,"tipo_infracao":"TERRAPLANAGEM EM APP SEM LICEN�A AMBIENTAL, EM RESIDENCIAL LARANJEIRAS.","item":null,"gravidade":null,"data":"2015-01-15T00:00:00Z","municipio":"Serra","processo":""},"geometry":{"type":"MultiPoint","coordinates":[[-40.25724736,-20.19025821]]}},{"type":"Feature","properties":{"fonte":"IEMA","classificacao":null,"tipo_infracao":"BENEFICIAMENTO DE ROCHAS SEM LICEN�A AMBIENTAL, CIVIT II.","item":null,"gravidade":null,"data":"2012-06-12T00:00:00Z","municipio":"Serra","processo":""},"geometry":{"type":"MultiPoint","coordinates":[[-40.24321861,-20.19028569]]}},{"type":"Feature","properties":{"fonte":"IEMA","classificacao":null,"tipo_infracao":"Derrame de �leo Diesel na via","item":null,"gravidade":null,"data":"2015-10-15T00:00:00Z","municipio":"Serra","processo":"GFI 294/15"},"geometry":{"type":"MultiPoint","coordinates":[[-40.26830323,-20.18827245]]}},{"type":"Feature","properties":{"fonte":"IEMA","classificacao":null,"tipo_infracao":"ACIDENTE RODOVIARIO COM VAZAMENTO DE PRODUTO ALCOOL NEUTRO.","item":null,"gravidade":null,"data":"2015-10-16T00:00:00Z","municipio":"Cariacica","processo":"GFI 294/15"},"geometry":{"type":"MultiPoint","coordinates":[[-40.26830323,-20.18827245]]}},{"type":"Feature","properties":{"fonte":"IEMA","classificacao":null,"tipo_infracao":"FABRICA��O DE TINTAS SEM LICEN�A AMBIENTAL, EM CIVIT II","item":null,"gravidade":null,"data":"2011-05-24T00:00:00Z","municipio":"Serra","processo":"AI 8749"},"geometry":{"type":"MultiPoint","coordinates":[[-40.24015213,-20.18733488]]}},{"type":"Feature","properties":{"fonte":"IEMA","classificacao":null,"tipo_infracao":"FABRICA��O DE TINTAS SEM LICEN�A AMBIENTAL, CIVIT II.","item":null,"gravidade":null,"data":"2012-10-09T00:00:00Z","municipio":"Serra","processo":""},"geometry":{"type":"MultiPoint","coordinates":[[-40.24015213,-20.18733488]]}},{"type":"Feature","properties":{"fonte":"IEMA","classificacao":null,"tipo_infracao":"COMUNICA��O DE INC�NDIO PELO CORPO DE BOMBEIRO EM 12/08/13 �S  7:00 HRS INC�NDIO EM P�TIO DE ESTOCAGEM","item":null,"gravidade":null,"data":"2014-09-23T00:00:00Z","municipio":"Serra","processo":"GFI 628/13"},"geometry":{"type":"MultiPoint","coordinates":[[-40.23850393,-20.18704835]]}},{"type":"Feature","properties":{"fonte":"IEMA","classificacao":null,"tipo_infracao":"Acidente rodoviario com tombamento de areia e presen�a de oleo do motor","item":null,"gravidade":null,"data":"2020-07-24T00:00:00Z","municipio":"Serra","processo":"GFI 060/20"},"geometry":{"type":"MultiPoint","coordinates":[[-40.24402748,-20.18609683]]}},{"type":"Feature","properties":{"fonte":"IEMA","classificacao":null,"tipo_infracao":"Acidente rodoviario com tombamento de areia e presen�a de oleo do motor","item":null,"gravidade":null,"data":"2020-07-24T00:00:00Z","municipio":"Serra","processo":"GFI 060/20"},"geometry":{"type":"MultiPoint","coordinates":[[-40.24402748,-20.18609683]]}},{"type":"Feature","properties":{"fonte":"IEMA","classificacao":null,"tipo_infracao":"FABRICA��O DE TINTAS SEM LICEN�A AMBIENTAL, CIVIT II.","item":null,"gravidade":null,"data":"2014-03-12T00:00:00Z","municipio":"Serra","processo":""},"geometry":{"type":"MultiPoint","coordinates":[[-40.23865347,-20.18538487]]}},{"type":"Feature","properties":{"fonte":"IEMA","classificacao":null,"tipo_infracao":"FABRICA��O DE TINTAS SEM LICEN�A","item":null,"gravidade":null,"data":"2016-05-17T00:00:00Z","municipio":"Serra","processo":""},"geometry":{"type":"MultiPoint","coordinates":[[-40.23865347,-20.18538487]]}},{"type":"Feature","properties":{"fonte":"IEMA","classificacao":null,"tipo_infracao":"LAN�AMENTO DE EFLUENTES E RES�DUOS NA GALERIA DE ESGOTO DA CESAN, EM CIVIT II.","item":null,"gravidade":null,"data":"2015-01-09T00:00:00Z","municipio":"Serra","processo":""},"geometry":{"type":"MultiPoint","coordinates":[[-40.24502852,-20.18321666]]}},{"type":"Feature","properties":{"fonte":"IEMA","classificacao":null,"tipo_infracao":"RECAUCHUTADORA DE PNEUS CAUSANDO POLUI��O ATMOSF�RICA, BAIRRO ALTEROSA","item":null,"gravidade":null,"data":"2014-07-09T00:00:00Z","municipio":"Serra","processo":"GFI 57/14"},"geometry":{"type":"MultiPoint","coordinates":[[-40.23309941,-20.18246046]]}},{"type":"Feature","properties":{"fonte":"IEMA","classificacao":null,"tipo_infracao":"RECAUCHUTADORA DE PNEUS CAUSANDO POLUI��O ATMOSF�RICA, BAIRRO ALTEROSA.","item":null,"gravidade":null,"data":"2014-09-30T00:00:00Z","municipio":"Serra","processo":""},"geometry":{"type":"MultiPoint","coordinates":[[-40.23309941,-20.18246046]]}},{"type":"Feature","properties":{"fonte":"IEMA","classificacao":null,"tipo_infracao":"APREENS�O DE P�SSAROS SILVESTRES .","item":null,"gravidade":null,"data":"2014-06-04T00:00:00Z","municipio":"Serra","processo":"PROT. 9042/14 P"},"geometry":{"type":"MultiPoint","coordinates":[[-40.259059,-20.1799094]]}},{"type":"Feature","properties":{"fonte":"IEMA","classificacao":null,"tipo_infracao":"MANTENDO DIVERSOS PASSAROS EM CATIVEIRO,SENDO REICIENTE NO CRIME AMBIENTAL E ESCONDO ANOMAIS DE BAIXO DA CAMA","item":null,"gravidade":null,"data":"2013-07-24T00:00:00Z","municipio":"Serra","processo":"GFI 562/13"},"geometry":{"type":"MultiPoint","coordinates":[[-40.25683726,-20.17969039]]}},{"type":"Feature","properties":{"fonte":"IEMA","classificacao":null,"tipo_infracao":"PASSAROS EM CATIVEIRO SEM AUTORIZA��O","item":null,"gravidade":null,"data":"2013-05-16T00:00:00Z","municipio":"Serra","processo":"GFI 438/13"},"geometry":{"type":"MultiPoint","coordinates":[[-40.1984159,-20.17807432]]}},{"type":"Feature","properties":{"fonte":"IEMA","classificacao":null,"tipo_infracao":"Amplia��o de �reas industriais","item":null,"gravidade":null,"data":"2021-10-04T00:00:00Z","municipio":"Serra","processo":"Prot. 12659/21"},"geometry":{"type":"MultiPoint","coordinates":[[-40.24107505,-20.17699247]]}},{"type":"Feature","properties":{"fonte":"IEMA","classificacao":null,"tipo_infracao":"Amplia��o de empresas no CIVIT II","item":null,"gravidade":null,"data":"2019-07-25T00:00:00Z","municipio":"Serra","processo":"PROT. 11991/19"},"geometry":{"type":"MultiPoint","coordinates":[[-40.2387114,-20.17697299]]}},{"type":"Feature","properties":{"fonte":"IEMA","classificacao":null,"tipo_infracao":"Incendio em terminal logistico ocorrido dia 07/04/18 no municipio da serra.","item":null,"gravidade":null,"data":"2018-04-10T00:00:00Z","municipio":"Serra","processo":"GFI 061/18"},"geometry":{"type":"MultiPoint","coordinates":[[-40.25805795,-20.17679051]]}},{"type":"Feature","properties":{"fonte":"IEMA","classificacao":null,"tipo_infracao":"EXTRA��O DE ARGILA, RODOVIA NORTE SUL TAQUARA II","item":null,"gravidade":null,"data":"2012-07-12T00:00:00Z","municipio":"Serra","processo":"Prot. 13163/10 B"},"geometry":{"type":"MultiPoint","coordinates":[[-40.25864371,-20.17585573]]}},{"type":"Feature","properties":{"fonte":"IEMA","classificacao":null,"tipo_infracao":"APREENS�O DE PASSAROS SILVESTRE EM CATIVEIRO .","item":null,"gravidade":null,"data":"2014-11-06T00:00:00Z","municipio":"Serra","processo":"PROT. 13391/14 K"},"geometry":{"type":"MultiPoint","coordinates":[[-40.20220066,-20.17498564]]}},{"type":"Feature","properties":{"fonte":"IEMA","classificacao":null,"tipo_infracao":"EMPRESA DE GRANITO E CONCRETO FUNCIONANDO SEM LICEN�A AMBIENTAL, EM LARANJEIRAS","item":null,"gravidade":null,"data":"2014-11-28T00:00:00Z","municipio":"Serra","processo":"GFI 7883"},"geometry":{"type":"MultiPoint","coordinates":[[-40.26706261,-20.17448525]]}},{"type":"Feature","properties":{"fonte":"IEMA","classificacao":null,"tipo_infracao":"EMPRESA DE GRANITO E CONCRETO FUNCIONANDO SEM LICEN�A AMBIENTAL, EM LARANJEIRAS.","item":null,"gravidade":null,"data":"2015-01-12T00:00:00Z","municipio":"Serra","processo":""},"geometry":{"type":"MultiPoint","coordinates":[[-40.26706261,-20.17448525]]}},{"type":"Feature","properties":{"fonte":"IEMA","classificacao":null,"tipo_infracao":"FABRICA��O DE TINTAS E SOLVENTES SEM LICEN�A AMBIENTAL, EM CIVIT II","item":null,"gravidade":null,"data":"2014-08-15T00:00:00Z","municipio":"Serra","processo":"AI 9752"},"geometry":{"type":"MultiPoint","coordinates":[[-40.23153604,-20.17469237]]}},{"type":"Feature","properties":{"fonte":"IEMA","classificacao":null,"tipo_infracao":"ANIMAL SILVESTRE EM CATIVEIRO.","item":null,"gravidade":null,"data":"2014-11-06T00:00:00Z","municipio":"Serra","processo":"PROT. 13391/14 J"},"geometry":{"type":"MultiPoint","coordinates":[[-40.19673965,-20.17409227]]}},{"type":"Feature","properties":{"fonte":"IEMA","classificacao":null,"tipo_infracao":"PEDREIRA QUE QUANDO H� IMPLOS�ES AS CASAS NAS REDONDEZAS TREMEM, EM TAQUARA I","item":null,"gravidade":null,"data":"2011-10-06T00:00:00Z","municipio":"Serra","processo":"GFI 02/11"},"geometry":{"type":"MultiPoint","coordinates":[[-40.26785588,-20.17318755]]}},{"type":"Feature","properties":{"fonte":"IEMA","classificacao":null,"tipo_infracao":"INSTALA��O DE CONDOMINIO RESIDENCIAL, PRAIA D�UL�","item":null,"gravidade":null,"data":"2010-10-25T00:00:00Z","municipio":"Guarapari","processo":"AI/ 05979"},"geometry":{"type":"MultiPoint","coordinates":[[-40.42709981,-20.17107346]]}},{"type":"Feature","properties":{"fonte":"IEMA","classificacao":null,"tipo_infracao":"QUEIMA DE CHAPAS DE RAIO X PARA EXTRA��O DE PRATA CAUSANDO POLUI��O ATMOSF�RICA, EM FEU ROSA","item":null,"gravidade":null,"data":"2013-03-07T00:00:00Z","municipio":"Serra","processo":"GFI 341/12"},"geometry":{"type":"MultiPoint","coordinates":[[-40.21262515,-20.17056827]]}},{"type":"Feature","properties":{"fonte":"IEMA","classificacao":null,"tipo_infracao":"JOGANDO O ESGOTO PARA DRENAGEM E O ESGOTA ESTAVA VAZANDO NA RUA PREJUDICANDO OS MORADORES","item":null,"gravidade":null,"data":"2015-01-09T00:00:00Z","municipio":"Serra","processo":"GFI 15072"},"geometry":{"type":"MultiPoint","coordinates":[[-40.19636157,-20.16968576]]}},{"type":"Feature","properties":{"fonte":"IEMA","classificacao":null,"tipo_infracao":"PESCA PREDATORIA .","item":null,"gravidade":null,"data":"2014-06-04T00:00:00Z","municipio":"Serra","processo":"PROT. 9042/14 U"},"geometry":{"type":"MultiPoint","coordinates":[[-40.22002815,-20.1677253]]}},{"type":"Feature","properties":{"fonte":"IEMA","classificacao":null,"tipo_infracao":"P�SSARO SILVESTRE EM CATIVEIRO","item":null,"gravidade":null,"data":"2014-05-27T00:00:00Z","municipio":"Serra","processo":"PROT. 11341/14 H"},"geometry":{"type":"MultiPoint","coordinates":[[-40.18753503,-20.16530935]]}},{"type":"Feature","properties":{"fonte":"IEMA","classificacao":null,"tipo_infracao":"ANIMAL SILVESTRE EM CATIVEIRO.","item":null,"gravidade":null,"data":"2014-06-04T00:00:00Z","municipio":"Serra","processo":"PROT. 9042/14 Q"},"geometry":{"type":"MultiPoint","coordinates":[[-40.26839562,-20.16420305]]}},{"type":"Feature","properties":{"fonte":"IEMA","classificacao":null,"tipo_infracao":"MARMORARIA SEM LICEN�A AMBIENTAL, EM CIVIT I","item":null,"gravidade":null,"data":"2011-04-14T00:00:00Z","municipio":"Serra","processo":"AI 8726"},"geometry":{"type":"MultiPoint","coordinates":[[-40.24111528,-20.16393677]]}},{"type":"Feature","properties":{"fonte":"IEMA","classificacao":null,"tipo_infracao":"MARMORARIA SEM LICEN�A AMBIENTAL, EM CIVIT I.","item":null,"gravidade":null,"data":"2013-07-17T00:00:00Z","municipio":"Serra","processo":""},"geometry":{"type":"MultiPoint","coordinates":[[-40.24111528,-20.16393677]]}},{"type":"Feature","properties":{"fonte":"IEMA","classificacao":null,"tipo_infracao":"ACIDENTE COM INCENDIO DURANTE PROCEDIMENTO DE CARGA DE CARBURETO DE CALCIO NAS DEPENDENCIAS DA VAMTEC.","item":null,"gravidade":null,"data":"2017-06-09T00:00:00Z","municipio":"Serra","processo":"GFI 182/17"},"geometry":{"type":"MultiPoint","coordinates":[[-40.23093522,-20.16275241]]}},{"type":"Feature","properties":{"fonte":"IEMA","classificacao":null,"tipo_infracao":"ACIDENTE COM INCENDIO DURANTE PROCEDIMENTO DE CARGA DE CARBURETO DE CALCIO NAS DEPENDENCIAS DA VAMTEC.","item":null,"gravidade":null,"data":"2017-06-09T00:00:00Z","municipio":"Serra","processo":"GFI 182/17"},"geometry":{"type":"MultiPoint","coordinates":[[-40.23093522,-20.16275241]]}},{"type":"Feature","properties":{"fonte":"IEMA","classificacao":null,"tipo_infracao":"Realizar vistoria para verificar os controles do patio de trabalho","item":null,"gravidade":null,"data":"2017-06-14T00:00:00Z","municipio":"Serra","processo":"GFI185/17"},"geometry":{"type":"MultiPoint","coordinates":[[-40.23093522,-20.16275241]]}},{"type":"Feature","properties":{"fonte":"IEMA","classificacao":null,"tipo_infracao":"CONSIDERANDO O ATENDIMENTO AO ACIDENTE NA REFERIDA EMPRESA, CONFORME CONSTATADO NO ATENDIMENTO E POSTERIORMENTE DISCUTIDO NO SETOR, SOLICITO REALIZAR VISTORIA P VERIFICAR OS CONTROLES DA �REA DE TRABALHO E ADO��O DAS PROVID�NCAS.","item":null,"gravidade":null,"data":"2017-10-24T00:00:00Z","municipio":"Serra","processo":"GFI 185/17"},"geometry":{"type":"MultiPoint","coordinates":[[-40.23093522,-20.16275241]]}},{"type":"Feature","properties":{"fonte":"IEMA","classificacao":null,"tipo_infracao":"MAUS TRATOS A ANIMAIS DOMESTICOS(CAES)","item":null,"gravidade":null,"data":"2013-08-06T00:00:00Z","municipio":"Serra","processo":"GFI 604/13"},"geometry":{"type":"MultiPoint","coordinates":[[-40.18538389,-20.16300185]]}},{"type":"Feature","properties":{"fonte":"IEMA","classificacao":null,"tipo_infracao":"DESDOBRAMENTO E BENEFICIAMENTO DE ROCHAS ORNAMENTAIS, CIVIT I.","item":null,"gravidade":null,"data":"2010-02-23T00:00:00Z","municipio":"Serra","processo":""},"geometry":{"type":"MultiPoint","coordinates":[[-40.23366122,-20.16264298]]}},{"type":"Feature","properties":{"fonte":"IEMA","classificacao":null,"tipo_infracao":"Acidente rodovi�rio com carreta tanque na rodovia BR 101 km 262, na ocasi�o ocorreu o vazamento de �leo sobre a pista, atingindo a drenagem e solo.","item":null,"gravidade":null,"data":"2020-09-21T00:00:00Z","municipio":"Serra","processo":"GFI 85/2020"},"geometry":{"type":"MultiPoint","coordinates":[[-40.27553549,-20.1609441]]}},{"type":"Feature","properties":{"fonte":"IEMA","classificacao":null,"tipo_infracao":"LAN�AMENTO DE PRODUTO QUIMICO NO CORPO H�DRICO, CIVIT I","item":null,"gravidade":null,"data":"2011-04-14T00:00:00Z","municipio":"Serra","processo":"Prot. 05067/09 V (E)"},"geometry":{"type":"MultiPoint","coordinates":[[-40.23361382,-20.15904741]]}},{"type":"Feature","properties":{"fonte":"IEMA","classificacao":null,"tipo_infracao":"PESCA EM PERIODO DE DEFESO, EM FEU ROSA","item":null,"gravidade":null,"data":"2013-01-08T00:00:00Z","municipio":"Serra","processo":"GFI 38/13"},"geometry":{"type":"MultiPoint","coordinates":[[-40.21238942,-20.15863471]]}},{"type":"Feature","properties":{"fonte":"IEMA","classificacao":null,"tipo_infracao":"EXTRA��O DE ARGILA, BAIRRO FEU ROSA","item":null,"gravidade":null,"data":"2010-08-23T00:00:00Z","municipio":"Serra","processo":"AI E TE/ 03494"},"geometry":{"type":"MultiPoint","coordinates":[[-40.21102258,-20.15756895]]}},{"type":"Feature","properties":{"fonte":"IEMA","classificacao":null,"tipo_infracao":"EXTRA��O DE ARGILA, BAIRRO FEU ROSA","item":null,"gravidade":null,"data":"2011-05-19T00:00:00Z","municipio":"Serra","processo":""},"geometry":{"type":"MultiPoint","coordinates":[[-40.21102258,-20.15756895]]}},{"type":"Feature","properties":{"fonte":"IEMA","classificacao":null,"tipo_infracao":"coleta de residuo","item":null,"gravidade":null,"data":"2015-06-18T00:00:00Z","municipio":"Serra","processo":""},"geometry":{"type":"MultiPoint","coordinates":[[-40.19087279,-20.15627888]]}},{"type":"Feature","properties":{"fonte":"IEMA","classificacao":null,"tipo_infracao":"REF. OF/N�174/2009 PJC SERRA ES. ENCAMINHA DEN�NCIA E SOLICITA VISTORIA NO CONDOM�NIO FECHADO POMAR DAS LARANJEIRS, A FIM DE CONSTATAR SUPOSTAS IRREGULARIDAS AMBIENTAIS, BEM COMO INDICAR AS MEDIDAS NECESS�RIA A SUA REPARA��O. SOLICITA INFORMA��ES","item":null,"gravidade":null,"data":"2014-07-01T00:00:00Z","municipio":"Serra","processo":"PROT. 23463/13"},"geometry":{"type":"MultiPoint","coordinates":[[-40.18814356,-20.15595399]]}},{"type":"Feature","properties":{"fonte":"IEMA","classificacao":null,"tipo_infracao":"DEGRADA��O AMBIENTAL","item":null,"gravidade":null,"data":"2013-04-23T00:00:00Z","municipio":"Serra","processo":"GFI 382/13"},"geometry":{"type":"MultiPoint","coordinates":[[-40.24998722,-20.15463131]]}},{"type":"Feature","properties":{"fonte":"IEMA","classificacao":null,"tipo_infracao":"ATERRO EM �REA DE MAR�, EM PORTOO DE SANTANA.","item":null,"gravidade":null,"data":"2014-07-08T00:00:00Z","municipio":"Cariacica","processo":""},"geometry":{"type":"MultiPoint","coordinates":[[-40.4617424,-20.14924231]]}},{"type":"Feature","properties":{"fonte":"IEMA","classificacao":null,"tipo_infracao":"ANIMAL SILVESTRE EM CATIVEIRO.","item":null,"gravidade":null,"data":"2014-11-06T00:00:00Z","municipio":"Serra","processo":"PROT. 13391/14 I"},"geometry":{"type":"MultiPoint","coordinates":[[-40.25495198,-20.1497533]]}},{"type":"Feature","properties":{"fonte":"IEMA","classificacao":null,"tipo_infracao":"EXECU��O DE OBRA DE CONTEN��O DA ORLA DE JACARA�PE SEM LICEN�A AMBIENTAL NA APP, PARQUE JACARA�PE","item":null,"gravidade":null,"data":"2014-03-24T00:00:00Z","municipio":"Serra","processo":"GFI 15286"},"geometry":{"type":"MultiPoint","coordinates":[[-40.18482742,-20.15012162]]}},{"type":"Feature","properties":{"fonte":"IEMA","classificacao":null,"tipo_infracao":"EXTRA��O MINERAL PARALISADA","item":null,"gravidade":null,"data":"2012-08-24T00:00:00Z","municipio":"Serra","processo":"GFI 111/12"},"geometry":{"type":"MultiPoint","coordinates":[[-40.40505075,-20.14597256]]}},{"type":"Feature","properties":{"fonte":"IEMA","classificacao":null,"tipo_infracao":"INDUSTRIA E COM�RCIO DE BATATA PALHA SEM LICEN�A AMBIENTAL, EM ELDORADO","item":null,"gravidade":null,"data":"2011-12-05T00:00:00Z","municipio":"Serra","processo":"AI 05354"},"geometry":{"type":"MultiPoint","coordinates":[[-40.25484415,-20.14703457]]}},{"type":"Feature","properties":{"fonte":"IEMA","classificacao":null,"tipo_infracao":"ANIMAL SILVESTRE EM CATIVEIRO.","item":null,"gravidade":null,"data":"2014-11-06T00:00:00Z","municipio":"Serra","processo":"PROT. 13391/14 H"},"geometry":{"type":"MultiPoint","coordinates":[[-40.23658734,-20.14663968]]}},{"type":"Feature","properties":{"fonte":"IEMA","classificacao":null,"tipo_infracao":"Loteamento urbano","item":null,"gravidade":null,"data":"2021-10-21T00:00:00Z","municipio":"Serra","processo":"PROT 13280/21"},"geometry":{"type":"MultiPoint","coordinates":[[-40.19176582,-20.14535851]]}},{"type":"Feature","properties":{"fonte":"IEMA","classificacao":null,"tipo_infracao":"Acidente com tombamento de veiculo carregado com combustivel, atingindo solo, vegetacao e recurso h�drico.","item":null,"gravidade":null,"data":"2021-08-11T00:00:00Z","municipio":"Serra","processo":"GFI 072/21"},"geometry":{"type":"MultiPoint","coordinates":[[-40.29169237,-20.14197974]]}},{"type":"Feature","properties":{"fonte":"IEMA","classificacao":null,"tipo_infracao":"DISPOSI��O IRREGULAR DE RES�DUOS URBANOS E ENTULHO AO REDOR DO AFLUENTE DO C�RREGO BARRO BRANCO, EM PORTO CANOA.","item":null,"gravidade":null,"data":"2011-10-31T00:00:00Z","municipio":"Serra","processo":""},"geometry":{"type":"MultiPoint","coordinates":[[-40.25307336,-20.14212317]]}},{"type":"Feature","properties":{"fonte":"IEMA","classificacao":null,"tipo_infracao":"PASSAROS SILVESTRE EM CATIVEIRO.","item":null,"gravidade":null,"data":"2014-06-04T00:00:00Z","municipio":"Serra","processo":"PROT. 9042/14 O"},"geometry":{"type":"MultiPoint","coordinates":[[-40.30156938,-20.14135591]]}},{"type":"Feature","properties":{"fonte":"IEMA","classificacao":null,"tipo_infracao":"DEGRADA��O","item":null,"gravidade":null,"data":"2012-11-27T00:00:00Z","municipio":"Serra","processo":"GFI 205/12"},"geometry":{"type":"MultiPoint","coordinates":[[-40.19497297,-20.14187637]]}},{"type":"Feature","properties":{"fonte":"IEMA","classificacao":null,"tipo_infracao":"CAPTURA DE ANIMAIS","item":null,"gravidade":null,"data":"2013-07-01T00:00:00Z","municipio":"Serra","processo":"GFI 536/13"},"geometry":{"type":"MultiPoint","coordinates":[[-40.19134034,-20.13971449]]}},{"type":"Feature","properties":{"fonte":"IEMA","classificacao":null,"tipo_infracao":"CATIVEIRO DE ANIMAIS SILVESTRE","item":null,"gravidade":null,"data":"2013-07-02T00:00:00Z","municipio":"Serra","processo":"GFI 542/13"},"geometry":{"type":"MultiPoint","coordinates":[[-40.19134034,-20.13971449]]}},{"type":"Feature","properties":{"fonte":"IEMA","classificacao":null,"tipo_infracao":"CATIVEIRO DE ANIMAIS SILVESTRE","item":null,"gravidade":null,"data":"2013-07-02T00:00:00Z","municipio":"Serra","processo":"GFI 540/13"},"geometry":{"type":"MultiPoint","coordinates":[[-40.25654969,-20.13899041]]}},{"type":"Feature","properties":{"fonte":"IEMA","classificacao":null,"tipo_infracao":"PASSAROS SILVESTRE SEM AUTORIZA��O","item":null,"gravidade":null,"data":"2013-05-16T00:00:00Z","municipio":"Serra","processo":"GFI 437/13"},"geometry":{"type":"MultiPoint","coordinates":[[-40.19322559,-20.13853621]]}},{"type":"Feature","properties":{"fonte":"IEMA","classificacao":null,"tipo_infracao":"LAN�AMENTO DE ESGOTO EM �REA DE ALAGADO, EM SERRA DOURADA III.","item":null,"gravidade":null,"data":"2012-01-11T00:00:00Z","municipio":"Serra","processo":""},"geometry":{"type":"MultiPoint","coordinates":[[-40.25815243,-20.13724427]]}},{"type":"Feature","properties":{"fonte":"IEMA","classificacao":null,"tipo_infracao":"LAVANDERIA INDUSTRIAL SEM LICEN�A AMBIENTAL, SERRA DOURADA I","item":null,"gravidade":null,"data":"2011-06-20T00:00:00Z","municipio":"Serra","processo":"AI E AE/I 03143"},"geometry":{"type":"MultiPoint","coordinates":[[-40.23756343,-20.13695642]]}},{"type":"Feature","properties":{"fonte":"IEMA","classificacao":null,"tipo_infracao":"LAVANDERIA INDUSTRIAL SEM LICEN�A AMBIENTAL, SERRA DOURADA I.","item":null,"gravidade":null,"data":"2012-05-11T00:00:00Z","municipio":"Serra","processo":""},"geometry":{"type":"MultiPoint","coordinates":[[-40.23756343,-20.13695642]]}},{"type":"Feature","properties":{"fonte":"IEMA","classificacao":null,"tipo_infracao":"P�SSAROS SILVESTRE EM CATIVEIRO .","item":null,"gravidade":null,"data":"2014-11-07T00:00:00Z","municipio":"Serra","processo":"PROT. 13391/14 P"},"geometry":{"type":"MultiPoint","coordinates":[[-40.28950186,-20.13617738]]}},{"type":"Feature","properties":{"fonte":"IEMA","classificacao":null,"tipo_infracao":"LAN�AMENTO DE �GUA DA RUA NA PRAIA DE JACARA�PE","item":null,"gravidade":null,"data":"2012-09-18T00:00:00Z","municipio":"Serra","processo":"Prot. 04498/12 I"},"geometry":{"type":"MultiPoint","coordinates":[[-40.18197259,-20.13690444]]}},{"type":"Feature","properties":{"fonte":"IEMA","classificacao":null,"tipo_infracao":"CONSTRU��O CIVIL SEM LICEN�A, RUA DR AFONSO SCHWANB, JARDIM AM�RICA.","item":null,"gravidade":null,"data":"2011-09-26T00:00:00Z","municipio":"Cariacica","processo":""},"geometry":{"type":"MultiPoint","coordinates":[[-40.43935819,-20.13476395]]}},{"type":"Feature","properties":{"fonte":"IEMA","classificacao":null,"tipo_infracao":"PASSAROS EM CATIVEIRO SEM AUTORIZA��O","item":null,"gravidade":null,"data":"2013-05-16T00:00:00Z","municipio":"Serra","processo":"GFI 439/13"},"geometry":{"type":"MultiPoint","coordinates":[[-40.18957438,-20.13137804]]}},{"type":"Feature","properties":{"fonte":"IEMA","classificacao":null,"tipo_infracao":"Lan�amento de esgoto dom�stico em curso d'�gua e lagoa","item":null,"gravidade":null,"data":"2019-09-24T00:00:00Z","municipio":"Serra","processo":"OGE 2019091084"},"geometry":{"type":"MultiPoint","coordinates":[[-40.21257172,-20.12895352]]}},{"type":"Feature","properties":{"fonte":"IEMA","classificacao":null,"tipo_infracao":"EXTRA��O DE AREIA","item":null,"gravidade":null,"data":"2012-11-27T00:00:00Z","municipio":"Serra","processo":"GFI 206/12"},"geometry":{"type":"MultiPoint","coordinates":[[-40.20796346,-20.12803648]]}},{"type":"Feature","properties":{"fonte":"IEMA","classificacao":null,"tipo_infracao":"ATERRO EM AREA DE ALAGADO","item":null,"gravidade":null,"data":"2009-06-15T00:00:00Z","municipio":"Serra","processo":"AI E TE/ 1192"},"geometry":{"type":"MultiPoint","coordinates":[[-40.20663699,-20.12595848]]}},{"type":"Feature","properties":{"fonte":"IEMA","classificacao":null,"tipo_infracao":"ATERRO EM AREA DE ALAGADO","item":null,"gravidade":null,"data":"2014-11-11T00:00:00Z","municipio":"Serra","processo":""},"geometry":{"type":"MultiPoint","coordinates":[[-40.20663699,-20.12595848]]}},{"type":"Feature","properties":{"fonte":"IEMA","classificacao":null,"tipo_infracao":"CATIVEIRO DE ANIMAIS SILVESTRE","item":null,"gravidade":null,"data":"2013-07-02T00:00:00Z","municipio":"Serra","processo":"GFI 541/13"},"geometry":{"type":"MultiPoint","coordinates":[[-40.17860761,-20.1244676]]}},{"type":"Feature","properties":{"fonte":"IEMA","classificacao":null,"tipo_infracao":"CATIVEIROS DE  ANIMAIS SILVESTRE","item":null,"gravidade":null,"data":"2013-07-01T00:00:00Z","municipio":"Serra","processo":"GFI 537/13"},"geometry":{"type":"MultiPoint","coordinates":[[-40.17857851,-20.12441358]]}},{"type":"Feature","properties":{"fonte":"IEMA","classificacao":null,"tipo_infracao":"CATIVEIRO DE ANIMAIS SILVESTRE","item":null,"gravidade":null,"data":"2013-07-24T00:00:00Z","municipio":"Serra","processo":"GFI 563/13"},"geometry":{"type":"MultiPoint","coordinates":[[-40.1817516,-20.124049]]}},{"type":"Feature","properties":{"fonte":"IEMA","classificacao":null,"tipo_infracao":"FUNDI��O DE FERRO PARA MODELA��O DE PE�AS DE CONSTRU��O CIVIL SEM A DEVIDA DESMOBILIZA��O COMPROVADA, BAIRRO S�O DOMINGOS","item":null,"gravidade":null,"data":"2011-03-28T00:00:00Z","municipio":"Serra","processo":"AI 03416"},"geometry":{"type":"MultiPoint","coordinates":[[-40.30523093,-20.12263592]]}},{"type":"Feature","properties":{"fonte":"IEMA","classificacao":null,"tipo_infracao":"Deposito de produtos inflam�veis","item":null,"gravidade":null,"data":"2020-10-01T00:00:00Z","municipio":"Serra","processo":"PROT. 5032/20"},"geometry":{"type":"MultiPoint","coordinates":[[-40.31577507,-20.11844673]]}},{"type":"Feature","properties":{"fonte":"IEMA","classificacao":null,"tipo_infracao":"ATIVIDADE DE RECREA��O E LAZER COM LICEN�A DE OPERA��O VENCIDA, EM BAIRROS DAS LARANJEIRAS","item":null,"gravidade":null,"data":"2012-12-18T00:00:00Z","municipio":"Serra","processo":"AI 8924"},"geometry":{"type":"MultiPoint","coordinates":[[-40.19885014,-20.11838604]]}},{"type":"Feature","properties":{"fonte":"IEMA","classificacao":null,"tipo_infracao":"EXTRA��O DE AREIA/TERRA PARA CONSTRU��O DE TANQUES PARA FINS DE PSICULTURA, EM JACARAIPE","item":null,"gravidade":null,"data":"2012-03-22T00:00:00Z","municipio":"Serra","processo":"AI 04458"},"geometry":{"type":"MultiPoint","coordinates":[[-40.19405637,-20.11818365]]}},{"type":"Feature","properties":{"fonte":"IEMA","classificacao":null,"tipo_infracao":"EXTRA��O DE AREIA/TERRA PARA CONSTRU��O DE TANQUES PARA FINS DE PSICULTURA, EM JACARAIPE.","item":null,"gravidade":null,"data":"2012-10-10T00:00:00Z","municipio":"Serra","processo":""},"geometry":{"type":"MultiPoint","coordinates":[[-40.19405637,-20.11818365]]}},{"type":"Feature","properties":{"fonte":"IEMA","classificacao":null,"tipo_infracao":"DISPOSI��O DE RES�DUOS S�LIDOS URBANOS SEM LICEN�A AMBIENTAL, EM JACARA�PE","item":null,"gravidade":null,"data":"2014-03-27T00:00:00Z","municipio":"Serra","processo":"AI E AE/I 10486"},"geometry":{"type":"MultiPoint","coordinates":[[-40.20209796,-20.11781279]]}},{"type":"Feature","properties":{"fonte":"IEMA","classificacao":null,"tipo_infracao":"ATERRO COM RESIDUOS DOM�STICOS JACARAIPE SERRA/ES","item":null,"gravidade":null,"data":"2014-09-16T00:00:00Z","municipio":"Serra","processo":""},"geometry":{"type":"MultiPoint","coordinates":[[-40.20209796,-20.11781279]]}},{"type":"Feature","properties":{"fonte":"IEMA","classificacao":null,"tipo_infracao":"ATERRO COM RESIDUOS DOM�STICOS JACARAIPE SERRA/ES","item":null,"gravidade":null,"data":"2017-05-29T00:00:00Z","municipio":"Serra","processo":""},"geometry":{"type":"MultiPoint","coordinates":[[-40.20209796,-20.11781279]]}},{"type":"Feature","properties":{"fonte":"IEMA","classificacao":null,"tipo_infracao":"transporte rodovi�rio","item":null,"gravidade":null,"data":"2015-10-01T00:00:00Z","municipio":"Serra","processo":"GFI 284/15"},"geometry":{"type":"MultiPoint","coordinates":[[-40.32586478,-20.11147767]]}},{"type":"Feature","properties":{"fonte":"IEMA","classificacao":null,"tipo_infracao":"ACIDENTE RODOVIARIO COM CARRETA PARCIALMENTE INCENDIADA, CONTENDO 26.000KG DE NPK (FERTILIZANTE MINERAL MISTO), RIBEIRA","item":null,"gravidade":null,"data":"2015-10-02T00:00:00Z","municipio":"Viana","processo":"GFI 284/15"},"geometry":{"type":"MultiPoint","coordinates":[[-40.32586478,-20.11147767]]}},{"type":"Feature","properties":{"fonte":"IEMA","classificacao":null,"tipo_infracao":"DESCARTE DE RESIDUOS EM LOCAL SIM LICENCIADO","item":null,"gravidade":null,"data":"2012-11-27T00:00:00Z","municipio":"Vila Velha","processo":"GFI 202/12"},"geometry":{"type":"MultiPoint","coordinates":[[-40.3344595,-20.10877472]]}},{"type":"Feature","properties":{"fonte":"IEMA","classificacao":null,"tipo_infracao":"DESVIO DE CURSO D'�GUA, RODOVIA ES 10 NORTE EM JACARA�PE","item":null,"gravidade":null,"data":"2011-12-08T00:00:00Z","municipio":"Serra","processo":"Prot. 13798/11 A"},"geometry":{"type":"MultiPoint","coordinates":[[-40.1730122,-20.10914522]]}},{"type":"Feature","properties":{"fonte":"IEMA","classificacao":null,"tipo_infracao":"ACIDENTE RODOVI�RIO COM TOMBAMENTO DE CAMINH�O TANQUE NA �REA DE SERVID�O DA RODOVIA COM DERRAME DE PRODUTO, BR 101 KM 250","item":null,"gravidade":null,"data":"2014-12-10T00:00:00Z","municipio":"Serra","processo":"AI 06577"},"geometry":{"type":"MultiPoint","coordinates":[[-40.33016234,-20.10731645]]}},{"type":"Feature","properties":{"fonte":"IEMA","classificacao":null,"tipo_infracao":"COLOCA��O DE PEDRAS EM �REA DE RESTINGA BLOQUEANDO A PASSAGEM DAS PESSOAS, EM PRAIA DE COSTA BELA.","item":null,"gravidade":null,"data":"2011-06-30T00:00:00Z","municipio":"Serra","processo":"PROT. 28895/10 F"},"geometry":{"type":"MultiPoint","coordinates":[[-40.1732229,-20.10404801]]}},{"type":"Feature","properties":{"fonte":"IEMA","classificacao":null,"tipo_infracao":"COLOCA��O DE PEDRAS EM �REA DE RESTINGA BLOQUEANDO A PASSAGEM DAS PESSOAS, EM PRAIA DE COSTA BELA.","item":null,"gravidade":null,"data":"2014-09-17T00:00:00Z","municipio":"Serra","processo":""},"geometry":{"type":"MultiPoint","coordinates":[[-40.1732229,-20.10404801]]}},{"type":"Feature","properties":{"fonte":"IEMA","classificacao":null,"tipo_infracao":"EXTRA��O MINERAL PARA OBTEN��O DE PARALELE�PEDO SEM LICEN�A AMBIENTAL, BR 101, BAIRRO BELVEDERE","item":null,"gravidade":null,"data":"2014-08-26T00:00:00Z","municipio":"Serra","processo":"GFI 646/13 A"},"geometry":{"type":"MultiPoint","coordinates":[[-40.33424315,-20.10130466]]}},{"type":"Feature","properties":{"fonte":"IEMA","classificacao":null,"tipo_infracao":"EXTRA��O MINERAL PARA OBTEN��O DE PARALELEP�PEDO SEM LICEN�A AMBIENTAL, ROD BR 101, BAIRRO BELVEDERE","item":null,"gravidade":null,"data":"2014-08-26T00:00:00Z","municipio":"Serra","processo":"GFI 646/13 B"},"geometry":{"type":"MultiPoint","coordinates":[[-40.33468258,-20.09785911]]}},{"type":"Feature","properties":{"fonte":"IEMA","classificacao":null,"tipo_infracao":"REALIZA��O DE TRANSPORTE PERIGOSO SEM LICEN�A AMBIENTAL, BAIRRO BELVEDERE.","item":null,"gravidade":null,"data":"2014-01-28T00:00:00Z","municipio":"Serra","processo":""},"geometry":{"type":"MultiPoint","coordinates":[[-40.33865313,-20.09692557]]}},{"type":"Feature","properties":{"fonte":"IEMA","classificacao":null,"tipo_infracao":"EXTRA��O MINERAL PARA OBTEN��O DE PARALELEP�PEDO SEM LICEN�A AMBIENTAL, ROD BR 101, BAIRRO BELVEDERE","item":null,"gravidade":null,"data":"2014-08-26T00:00:00Z","municipio":"Serra","processo":"GFI 646/13 C"},"geometry":{"type":"MultiPoint","coordinates":[[-40.33749767,-20.09600376]]}},{"type":"Feature","properties":{"fonte":"IEMA","classificacao":null,"tipo_infracao":"ACIDENTE RODOVI�RIO COM TOMBAMENTO DE VE�CULO DENTRO DE CURSO D'�GUA, ES 264 KM 139","item":null,"gravidade":null,"data":"2014-09-09T00:00:00Z","municipio":"Cariacica","processo":"AI 10534"},"geometry":{"type":"MultiPoint","coordinates":[[-40.60917003,-20.0766437]]}},{"type":"Feature","properties":{"fonte":"IEMA","classificacao":null,"tipo_infracao":"RETIRADA E QUEIMADA DE VEGETA��O DE RESTINGA E FIXADORA DE DUNAS, NOVA ALMEIDA.","item":null,"gravidade":null,"data":"2017-01-31T00:00:00Z","municipio":"Serra","processo":""},"geometry":{"type":"MultiPoint","coordinates":[[-40.17454494,-20.0773946]]}},{"type":"Feature","properties":{"fonte":"IEMA","classificacao":null,"tipo_infracao":"ACIDENTE RODOVI�RIO COM DERRAMAMENTO DE �LEO LUBRIFICANTE NA RODOVIA, CANALETA, SOLO E VEGETA��O, ROD BR 101 KM 246","item":null,"gravidade":null,"data":"2013-02-14T00:00:00Z","municipio":"Serra","processo":"AI 07250"},"geometry":{"type":"MultiPoint","coordinates":[[-40.37610095,-20.06480864]]}},{"type":"Feature","properties":{"fonte":"IEMA","classificacao":null,"tipo_infracao":"ACIDENTE RODOVI�RIO COM DERRAMAMENTO DE �LEO LUBRIFICANTE NA RODOVIA, CANALETA, SOLO E VEGETA��O, ROD BR 101 KM 246.","item":null,"gravidade":null,"data":"2013-07-03T00:00:00Z","municipio":"Serra","processo":""},"geometry":{"type":"MultiPoint","coordinates":[[-40.37610095,-20.06480864]]}},{"type":"Feature","properties":{"fonte":"IEMA","classificacao":null,"tipo_infracao":"ANIMAIS SILVESTRE EM CATIVEIRO","item":null,"gravidade":null,"data":"2013-04-22T00:00:00Z","municipio":"Cariacica","processo":"GFI 284/13"},"geometry":{"type":"MultiPoint","coordinates":[[-40.39156238,-20.06160677]]}},{"type":"Feature","properties":{"fonte":"IEMA","classificacao":null,"tipo_infracao":"Acidente rodovi�rio com carreta transportando granito na BR 101  norte Km 246 no municipio da serra. Na ocasi�o ocorreu o vazamento de combustive ONU1202 e oleo do motor sobre o solo e vegeta��o marginal ao curso hidrico, em APP.","item":null,"gravidade":null,"data":"2017-11-01T00:00:00Z","municipio":"Serra","processo":"549/17"},"geometry":{"type":"MultiPoint","coordinates":[[-40.37836868,-20.05952379]]}},{"type":"Feature","properties":{"fonte":"IEMA","classificacao":null,"tipo_infracao":"PASSARO EM CATIVEIRO, EM NOVA ALMEIDA","item":null,"gravidade":null,"data":"2013-02-05T00:00:00Z","municipio":"Serra","processo":"GFI 86/13"},"geometry":{"type":"MultiPoint","coordinates":[[-40.18868208,-20.05878706]]}},{"type":"Feature","properties":{"fonte":"IEMA","classificacao":null,"tipo_infracao":"ANIMAL SILVESTRE EM CATIVEIRO.","item":null,"gravidade":null,"data":"2014-11-07T00:00:00Z","municipio":"Serra","processo":"PROT. 13391/14 O"},"geometry":{"type":"MultiPoint","coordinates":[[-40.20073583,-20.0570612]]}},{"type":"Feature","properties":{"fonte":"IEMA","classificacao":null,"tipo_infracao":"RETIRADA DE AREIA A PRAIA DE NOVA ALMEIDA.","item":null,"gravidade":null,"data":"2013-07-31T00:00:00Z","municipio":"Serra","processo":"PROT. 6972/13 D"},"geometry":{"type":"MultiPoint","coordinates":[[-40.19170373,-20.05627302]]}},{"type":"Feature","properties":{"fonte":"IEMA","classificacao":null,"tipo_infracao":"ANIMAL SILVESTRE EM CATIVEIRO .","item":null,"gravidade":null,"data":"2014-06-13T00:00:00Z","municipio":"Serra","processo":"PROT. 13391/14 N"},"geometry":{"type":"MultiPoint","coordinates":[[-40.19794583,-20.05480328]]}},{"type":"Feature","properties":{"fonte":"IEMA","classificacao":null,"tipo_infracao":"SUPRESS�O DE VEGETA��O DE RESTINGA E MOVIMENTA��O DE AREIA COM RETRO ESCAVADEIRA PARA INSTALA��O DE CAMPO DE FUTEBOL E VOLEI, NA ORLA DE PRAIA DE GRANDE","item":null,"gravidade":null,"data":"2012-08-08T00:00:00Z","municipio":"Serra","processo":"GFI 065/09"},"geometry":{"type":"MultiPoint","coordinates":[[-40.19061565,-20.05019067]]}},{"type":"Feature","properties":{"fonte":"IEMA","classificacao":null,"tipo_infracao":"PASSAROS EM CATIVEIRO SEM AUTORIZA��O","item":null,"gravidade":null,"data":"2013-06-26T00:00:00Z","municipio":"Serra","processo":"GFI 488/13"},"geometry":{"type":"MultiPoint","coordinates":[[-40.19708896,-20.04898144]]}},{"type":"Feature","properties":{"fonte":"IEMA","classificacao":null,"tipo_infracao":"EXTRA��O DE AREIA, FAZENDA S�O PEDRO, ZONA RURAL NOVA ALMEIDA","item":null,"gravidade":null,"data":"2009-05-28T00:00:00Z","municipio":"Serra","processo":""},"geometry":{"type":"MultiPoint","coordinates":[[-40.2256022,-20.03323679]]}},{"type":"Feature","properties":{"fonte":"IEMA","classificacao":null,"tipo_infracao":"LAVA JATO SEM LICEN�A AMBIENTAL, BR 101 NORTE KM 239,5, BAIRRO CIDADE NOVA DA SERRA","item":null,"gravidade":null,"data":"2014-07-21T00:00:00Z","municipio":"Serra","processo":"AI 10371"},"geometry":{"type":"MultiPoint","coordinates":[[-40.39869486,-20.02811353]]}},{"type":"Feature","properties":{"fonte":"IEMA","classificacao":null,"tipo_infracao":"LAVA JATO SEM LICEN�A AMBIENTAL, BR 101 NORTE KM 239,5, BAIRRO CIDADE NOVA DA SERRA.","item":null,"gravidade":null,"data":"2014-09-23T00:00:00Z","municipio":"Serra","processo":""},"geometry":{"type":"MultiPoint","coordinates":[[-40.39869486,-20.02811353]]}},{"type":"Feature","properties":{"fonte":"IEMA","classificacao":null,"tipo_infracao":"LAVA JATO SEM LICEN�A AMBIENTAL, BR 101 KM 239,5 CHAPADA GRANDE","item":null,"gravidade":null,"data":"2014-07-16T00:00:00Z","municipio":"Serra","processo":""},"geometry":{"type":"MultiPoint","coordinates":[[-40.39840587,-20.02786284]]}},{"type":"Feature","properties":{"fonte":"IEMA","classificacao":null,"tipo_infracao":"TERRAPLANAGEM, LIMPEZA E REGULARIZA��O DE �REA COM DESMATAMENTO ATINGINDO APP SEM LICEN�A AMBIENTAL, BR 101 KM 239,5 SANTIAGO DE TIMBU�","item":null,"gravidade":null,"data":"2013-11-21T00:00:00Z","municipio":"Serra","processo":"GFI 16213"},"geometry":{"type":"MultiPoint","coordinates":[[-40.39860817,-20.02695778]]}},{"type":"Feature","properties":{"fonte":"IEMA","classificacao":null,"tipo_infracao":"TERRAPLANAGEM, LIMPEZA E REGULARIZA��O DE �REA COM DESMATAMENTO ATINGINDO APP SEM LICEN�A AMBIENTAL, BR 101 KM 239,5 SANTIAGO DE TIMBU�.","item":null,"gravidade":null,"data":"2014-12-22T00:00:00Z","municipio":"Serra","processo":""},"geometry":{"type":"MultiPoint","coordinates":[[-40.39860817,-20.02695778]]}},{"type":"Feature","properties":{"fonte":"IEMA","classificacao":null,"tipo_infracao":"Terraplanagem","item":null,"gravidade":null,"data":"2015-06-23T00:00:00Z","municipio":"Serra","processo":"Prot. 06442/15"},"geometry":{"type":"MultiPoint","coordinates":[[-40.39860817,-20.02695778]]}},{"type":"Feature","properties":{"fonte":"IEMA","classificacao":null,"tipo_infracao":"DISPOSI��O IRREGULAR DE RES�DUOS PR�XIMO A �REA DE ALAGADO, EM AREINHA","item":null,"gravidade":null,"data":"2010-07-07T00:00:00Z","municipio":"Cariacica","processo":"AI 04387"},"geometry":{"type":"MultiPoint","coordinates":[[-40.42735909,-20.02133465]]}},{"type":"Feature","properties":{"fonte":"IEMA","classificacao":null,"tipo_infracao":"ENCAMINHA RELATORIO DE VISTORIA QUANTO A MANCHAS DE PICHE NA AREIA DA PRAIA NAS IMEDIA��ES DA PRAIA COSTA AZUL","item":null,"gravidade":null,"data":"2011-12-08T00:00:00Z","municipio":"Serra","processo":"GFI 26/11"},"geometry":{"type":"MultiPoint","coordinates":[[-40.15969519,-20.02160994]]}},{"type":"Feature","properties":{"fonte":"IEMA","classificacao":null,"tipo_infracao":"TOMBAMENTO DE CMAINH�O CARRREGADO COM CIMENTO DE CONSTRU��O CIVIL COM LAN�AMENTO DO PRODUTO NA PISTA E MARGEM ESQUERDA DA RODOVIA SEM PRESEN�A DE PRODUTOS OLIOSOS( AUTO DE INTIMA��O 12311 /2021","item":null,"gravidade":null,"data":"2021-07-30T00:00:00Z","municipio":"Viana","processo":"GFI 67/21"},"geometry":{"type":"MultiPoint","coordinates":[[-40.40315155,-20.0197303]]}},{"type":"Feature","properties":{"fonte":"IEMA","classificacao":null,"tipo_infracao":"TOMBAMENTO DE CMAINH�O CARRREGADO COM CIMENTO DE CONSTRU��O CIVIL COM LAN�AMENTO DO PRODUTO NA PISTA E MARGEM ESQUERDA DA RODOVIA SEM PRESEN�A DE PRODUTOS OLIOSOS( AUTO DE INTIMA��O 12311 /2021","item":null,"gravidade":null,"data":"2021-07-30T00:00:00Z","municipio":"Viana","processo":"GFI 67/21"},"geometry":{"type":"MultiPoint","coordinates":[[-40.40315155,-20.0197303]]}},{"type":"Feature","properties":{"fonte":"IEMA","classificacao":null,"tipo_infracao":"ACIDENTE RODOVI�RIO COM DERRAMAMENTO DE DIISOCIONATO DE TOLUENO NO SOLO, VEGETA��O E CURSO H�DRICO, BR 101 KM 238, EM SANTIAGO DA SERRA","item":null,"gravidade":null,"data":"2013-02-14T00:00:00Z","municipio":"Serra","processo":"AI 7599"},"geometry":{"type":"MultiPoint","coordinates":[[-40.40399463,-20.0167151]]}},{"type":"Feature","properties":{"fonte":"IEMA","classificacao":null,"tipo_infracao":"ACIDENTE RODOVI�RIO COM DERRAMAMENTO DE DIISOCIONATO DE TOLUENO NO SOLO, VEGETA��O E CURSO H�DRICO, BR 101 KM 238, EM SANTIAGO DA SERRA.","item":null,"gravidade":null,"data":"2014-10-20T00:00:00Z","municipio":"Serra","processo":""},"geometry":{"type":"MultiPoint","coordinates":[[-40.40399463,-20.0167151]]}},{"type":"Feature","properties":{"fonte":"IEMA","classificacao":null,"tipo_infracao":"TERRAPLANAGEM EM AREA DE PRESERVA��O AMBIENTAL, SEM LICEN�A","item":null,"gravidade":null,"data":"2010-08-09T00:00:00Z","municipio":"Vila Velha","processo":"AI E TE/I 04878"},"geometry":{"type":"MultiPoint","coordinates":[[-40.58305267,-19.99315267]]}},{"type":"Feature","properties":{"fonte":"IEMA","classificacao":null,"tipo_infracao":"TERRAPLANAGEM EM AREA DE PRESERVA��O AMBIENTAL, SEM LICEN�A","item":null,"gravidade":null,"data":"2013-07-08T00:00:00Z","municipio":"Vila Velha","processo":""},"geometry":{"type":"MultiPoint","coordinates":[[-40.58305267,-19.99315267]]}},{"type":"Feature","properties":{"fonte":"IEMA","classificacao":null,"tipo_infracao":"ACIDENTE COM QUEDA DE ENGRADADOS DE REFRIGERANTES NA PISTA CACOS DE VIDRO NA PISTA E VEGETA��O (COLA COLA)","item":null,"gravidade":null,"data":"2017-04-12T00:00:00Z","municipio":"Cariacica","processo":"GFI 111/17"},"geometry":{"type":"MultiPoint","coordinates":[[-40.41358516,-19.99033014]]}},{"type":"Feature","properties":{"fonte":"IEMA","classificacao":null,"tipo_infracao":"ACIDENTE COM QUEDA DE ENGRADADOS DE REFRIGERANTES NA PISTA CACOS DE VIDRO NA PISTA E VEGETA��O (COLA COLA)","item":null,"gravidade":null,"data":"2017-04-12T00:00:00Z","municipio":"Cariacica","processo":"GFI 111/17"},"geometry":{"type":"MultiPoint","coordinates":[[-40.41358516,-19.99033014]]}},{"type":"Feature","properties":{"fonte":"IEMA","classificacao":null,"tipo_infracao":"DERRAMAMENTO DE �LEO","item":null,"gravidade":null,"data":"2012-09-27T00:00:00Z","municipio":"Serra","processo":"GFI 160/12"},"geometry":{"type":"MultiPoint","coordinates":[[-40.40906788,-19.9508939]]}},{"type":"Feature","properties":{"fonte":"IEMA","classificacao":null,"tipo_infracao":"TRANSPORTADORA ZAMPALLINI FOI CONSTATADO VAZAMENTO DE OLEO DIESEL NO ACIDENTE BR 101, KM 233, TIMBU�","item":null,"gravidade":null,"data":"2015-01-09T00:00:00Z","municipio":"Serra","processo":"AI 11533"},"geometry":{"type":"MultiPoint","coordinates":[[-40.40847043,-19.97077481]]}},{"type":"Feature","properties":{"fonte":"IEMA","classificacao":null,"tipo_infracao":"LAVAGEM DE VE�CULOS SEM LICEN�A AMBIENTAL, EM SOTEMA","item":null,"gravidade":null,"data":"2012-11-13T00:00:00Z","municipio":"Cariacica","processo":"AI E AE/I 07239"},"geometry":{"type":"MultiPoint","coordinates":[[-40.40906788,-19.9508939]]}},{"type":"Feature","properties":{"fonte":"IEMA","classificacao":null,"tipo_infracao":"LAVAGEM DE VE�CULOS SEM LICEN�A AMBIENTAL, EM SOTEMA.","item":null,"gravidade":null,"data":"2013-03-20T00:00:00Z","municipio":"Cariacica","processo":""},"geometry":{"type":"MultiPoint","coordinates":[[-40.40906788,-19.9508939]]}},{"type":"Feature","properties":{"fonte":"IEMA","classificacao":null,"tipo_infracao":"GARAGEM DE �NIBUS COM SERVI�OS DE MANUTEN��O E LAVADOR EM APP SEM LICEN�A AMBIENTAL, BR 101 KM 227, JARDIM LIMOEIRO","item":null,"gravidade":null,"data":"2012-05-22T00:00:00Z","municipio":"Serra","processo":"AE/I 06657"},"geometry":{"type":"MultiPoint","coordinates":[[-40.40626898,-19.92505893]]}},{"type":"Feature","properties":{"fonte":"IEMA","classificacao":null,"tipo_infracao":"GARAGEM DE �NIBUS COM SERVI�OS DE MANUTEN��O E LAVADOR EM APP SEM LICEN�A AMBIENTAL, BR 101 KM 227, JARDIM LIMOEIRO.","item":null,"gravidade":null,"data":"2015-01-02T00:00:00Z","municipio":"Serra","processo":""},"geometry":{"type":"MultiPoint","coordinates":[[-40.40626898,-19.92505893]]}},{"type":"Feature","properties":{"fonte":"IEMA","classificacao":null,"tipo_infracao":"FABRICA��O DE PE�AS DE CIMENTO SEM LICEN�A AMBIENTAL, EM CAMPO GRANDE.","item":null,"gravidade":null,"data":"2012-01-17T00:00:00Z","municipio":"Cariacica","processo":""},"geometry":{"type":"MultiPoint","coordinates":[[-40.47849456,-19.89689061]]}},{"type":"Feature","properties":{"fonte":"IEMA","classificacao":null,"tipo_infracao":"Acidente rodovi�rio com caminh�o-tanque de GLP","item":null,"gravidade":null,"data":"2017-03-20T00:00:00Z","municipio":"Cariacica","processo":"AI 7970"},"geometry":{"type":"MultiPoint","coordinates":[[-40.41154877,-19.87085422]]}},{"type":"Feature","properties":{"fonte":"IEMA","classificacao":null,"tipo_infracao":"Acidente rodovi�rio com caminh�o-tanque de GLP","item":null,"gravidade":null,"data":"2020-02-28T00:00:00Z","municipio":"Cariacica","processo":"AI 7970"},"geometry":{"type":"MultiPoint","coordinates":[[-40.41154877,-19.87085422]]}},{"type":"Feature","properties":{"fonte":"IEMA","classificacao":null,"tipo_infracao":"Acidente rodovi�rio com caminh�o-tanque de GLP","item":null,"gravidade":null,"data":"2020-10-29T00:00:00Z","municipio":"Cariacica","processo":"AI 7970"},"geometry":{"type":"MultiPoint","coordinates":[[-40.41154877,-19.87085422]]}},{"type":"Feature","properties":{"fonte":"IEMA","classificacao":null,"tipo_infracao":"DEP�SITO E QUEIMA DE  PRODUTO FARMACEUTICO (REMEDIOS) VENCIDOS","item":null,"gravidade":null,"data":"2013-04-23T00:00:00Z","municipio":"Serra","processo":"GFI 364/13"},"geometry":{"type":"MultiPoint","coordinates":[[-40.89367266,-19.86366263]]}},{"type":"Feature","properties":{"fonte":"IEMA","classificacao":null,"tipo_infracao":"ACIDENTE FERROVI�RIO EFVM LINHA TRONCO, JO�O NEIVA.","item":null,"gravidade":null,"data":"2012-07-09T00:00:00Z","municipio":"Serra","processo":"AI 03450"},"geometry":{"type":"MultiPoint","coordinates":[[-40.37032731,-19.78124308]]}},{"type":"Feature","properties":{"fonte":"IEMA","classificacao":null,"tipo_infracao":"CONTRU��O DE PO�O ESCAVADO SEM AUTORIZA��O","item":null,"gravidade":null,"data":"2013-04-17T00:00:00Z","municipio":"Vila Velha","processo":"GFI149/13"},"geometry":{"type":"MultiPoint","coordinates":[[-40.64460228,-19.72422969]]}},{"type":"Feature","properties":{"fonte":"IEMA","classificacao":null,"tipo_infracao":"FABRICA��O E REFORMA DE RESERVATORIOS E OUTROS RECIPIENTES MET�LICOS.","item":null,"gravidade":null,"data":"2012-09-28T00:00:00Z","municipio":"Cariacica","processo":"RR 123/12"},"geometry":{"type":"MultiPoint","coordinates":[[-40.61480068,-19.62831331]]}},{"type":"Feature","properties":{"fonte":"IEMA","classificacao":null,"tipo_infracao":"FABRICA��O E REFORMA DE RESERVATORIOS E OUTROS RECIPIENTES MET�LICOS.","item":null,"gravidade":null,"data":"2014-08-28T00:00:00Z","municipio":"Cariacica","processo":""},"geometry":{"type":"MultiPoint","coordinates":[[-40.61480068,-19.62831331]]}},{"type":"Feature","properties":{"fonte":"IEMA","classificacao":null,"tipo_infracao":"CONSTRU��O EM APP, LAGOA DO LIM�O","item":null,"gravidade":null,"data":"2010-05-03T00:00:00Z","municipio":"Vila Velha","processo":"AI/ 2016"},"geometry":{"type":"MultiPoint","coordinates":[[-40.38421307,-19.57565401]]}},{"type":"Feature","properties":{"fonte":"IEMA","classificacao":null,"tipo_infracao":"CONSTRU��O EM APP, LAGOA DO LIM�O","item":null,"gravidade":null,"data":"2014-09-16T00:00:00Z","municipio":"Vila Velha","processo":""},"geometry":{"type":"MultiPoint","coordinates":[[-40.38421307,-19.57565401]]}},{"type":"Feature","properties":{"fonte":"IEMA","classificacao":null,"tipo_infracao":"OF. 246/16 DP/MDP - APOIO JURIDICO PE 57717917","item":null,"gravidade":null,"data":"2021-01-28T00:00:00Z","municipio":"Cariacica","processo":""},"geometry":{"type":"MultiPoint","coordinates":[[-40.37873362,-19.56351669]]}},{"type":"Feature","properties":{"fonte":"IEMA","classificacao":null,"tipo_infracao":"CONSTRU��O EM APP, LAGOA DO LIM�O","item":null,"gravidade":null,"data":"2010-04-29T00:00:00Z","municipio":"Serra","processo":"AI/ 2013"},"geometry":{"type":"MultiPoint","coordinates":[[-40.37887428,-19.56212421]]}},{"type":"Feature","properties":{"fonte":"IEMA","classificacao":null,"tipo_infracao":"CONSTRU��O EM APP, LAGOA DO LIM�O","item":null,"gravidade":null,"data":"2013-05-14T00:00:00Z","municipio":"Serra","processo":""},"geometry":{"type":"MultiPoint","coordinates":[[-40.37887428,-19.56212421]]}},{"type":"Feature","properties":{"fonte":"IEMA","classificacao":null,"tipo_infracao":"ARMAS E PASS�ROS EM CATIVEIRO SEM AURORIZA��O","item":null,"gravidade":null,"data":"2013-04-22T00:00:00Z","municipio":"Vila Velha","processo":"GFI 306/13"},"geometry":{"type":"MultiPoint","coordinates":[[-40.27243486,-19.553717]]}},{"type":"Feature","properties":{"fonte":"IEMA","classificacao":null,"tipo_infracao":"DERRAME DE GASOLINA E DIESEL","item":null,"gravidade":null,"data":"2017-03-20T00:00:00Z","municipio":"Serra","processo":"GFI 1611/16"},"geometry":{"type":"MultiPoint","coordinates":[[-40.08782626,-19.2758739]]}},{"type":"Feature","properties":{"fonte":"IEMA","classificacao":null,"tipo_infracao":"ACIDENTE RODOVI�RIO COM DERRAMAMENTO DE EMULS�O ASF�LTICA ATINGINDO AO SOLO, VEGETA��O E CURSO H�DRICO, ROD ES 245 ESTACA N�510","item":null,"gravidade":null,"data":"2014-12-10T00:00:00Z","municipio":"Serra","processo":"AI 06645"},"geometry":{"type":"MultiPoint","coordinates":[[-40.59262864,-19.22046634]]}},{"type":"Feature","properties":{"fonte":"IEMA","classificacao":null,"tipo_infracao":"PASS�ROS DA FAUNA SILVESTRE EM CATIVEIRO,SEM AUTORIZA��O","item":null,"gravidade":null,"data":"2013-04-22T00:00:00Z","municipio":"Vila Velha","processo":"GFI 305/13"},"geometry":{"type":"MultiPoint","coordinates":[[-40.42030856,-18.97252479]]}},{"type":"Feature","properties":{"fonte":"IEMA","classificacao":null,"tipo_infracao":"ACIDENTE RODOVIARIO COM DERRAMAMENTO DE �LEO, BR 101 NORTE, KM 73.","item":null,"gravidade":null,"data":"2015-04-01T00:00:00Z","municipio":"Serra","processo":"AI  11541"},"geometry":{"type":"MultiPoint","coordinates":[[-39.86696479,-18.76883213]]}},{"type":"Feature","properties":{"fonte":"IEMA","classificacao":null,"tipo_infracao":"acidente rodoviario","item":null,"gravidade":null,"data":"2015-06-11T00:00:00Z","municipio":"Serra","processo":"AI: 11541/2015"},"geometry":{"type":"MultiPoint","coordinates":[[-39.86696479,-18.76883213]]}},{"type":"Feature","properties":{"fonte":"IEMA","classificacao":null,"tipo_infracao":"PARA AN�LISE.","item":null,"gravidade":null,"data":"2021-06-24T00:00:00Z","municipio":"Cariacica","processo":""},"geometry":{"type":"MultiPoint","coordinates":[[-39.78980064,-18.7150771]]}},{"type":"Feature","properties":{"fonte":"IEMA","classificacao":null,"tipo_infracao":"APIO JURIDICO","item":null,"gravidade":null,"data":"2022-08-01T00:00:00Z","municipio":"Cariacica","processo":""},"geometry":{"type":"MultiPoint","coordinates":[[-40.93409814,-18.63868134]]}},{"type":"Feature","properties":{"fonte":"IEMA","classificacao":null,"tipo_infracao":"EXTRA��O DE GRANITO","item":null,"gravidade":null,"data":"2021-09-20T00:00:00Z","municipio":"Serra","processo":"GFI 26/12"},"geometry":{"type":"MultiPoint","coordinates":[[-40.87007879,-18.32936189]]}},{"type":"Feature","properties":{"fonte":"IEMA","classificacao":null,"tipo_infracao":"GTIs 15583, 16128, 16376 ANO 2013","item":null,"gravidade":null,"data":"2014-08-07T00:00:00Z","municipio":"Cariacica","processo":"GFI 16381"},"geometry":{"type":"MultiPoint","coordinates":[[-40.53507375,-18.12372524]]}},{"type":"Feature","properties":{"fonte":"IEMA","classificacao":null,"tipo_infracao":"EMPRESA FUNCIONANDO SEM LICEN�A AMBIENTAL","item":null,"gravidade":null,"data":"2014-11-12T00:00:00Z","municipio":"Cariacica","processo":"GFI 16376"},"geometry":{"type":"MultiPoint","coordinates":[[-40.53507375,-18.12372524]]}}]}