{"type":"FeatureCollection","features":[{"type":"Feature","properties":{"tipo_direito":"Direito de Uso","tipo_intervencao":"Captação","corpo_hidrico":"Rio ou Curso D'Água","situacao":"Outorgado","data_outorga":"12/08/2014","finalidade":"Aquicultura em Tanque Escavado","vazao":0.36,"volume_dia":3153.6,"municipio":"GUARAPARI"},"geometry":{"type":"Point","coordinates":[-40.59608333,-20.72133334]}},{"type":"Feature","properties":{"tipo_direito":"Direito de Uso","tipo_intervencao":"Captação","corpo_hidrico":"Rio ou Curso D'Água","situacao":"Outorgado","data_outorga":"08/11/2012","finalidade":"Outras","vazao":10.44,"volume_dia":91454.4,"municipio":"CARIACICA"},"geometry":{"type":"Point","coordinates":[-40.50874444,-20.34574168]}},{"type":"Feature","properties":{"tipo_direito":"Direito de Uso","tipo_intervencao":"Captação","corpo_hidrico":"Rio ou Curso D'Água","situacao":"Outorgado","data_outorga":"03/10/2014","finalidade":"Irrigação","vazao":20.16,"volume_dia":6048,"municipio":"FUNDÃO"},"geometry":{"type":"Point","coordinates":[-40.42197222,-19.93511112]}},{"type":"Feature","properties":{"tipo_direito":"Direito de Uso","tipo_intervencao":"Barragem","corpo_hidrico":"Rio ou Curso D'Água","situacao":"Outorgado","data_outorga":"30/05/2018","finalidade":"Reservatório/Barramento/Regularização de Vazões para Usos Múltiplos","vazao":0,"volume_dia":null,"municipio":"FUNDÃO"},"geometry":{"type":"Point","coordinates":[-40.43716667,-19.93711112]}},{"type":"Feature","properties":{"tipo_direito":"Direito de Uso","tipo_intervencao":"Captação","corpo_hidrico":"Rio ou Curso D'Água","situacao":"Outorgado","data_outorga":"13/05/2016","finalidade":"Irrigação","vazao":6.12,"volume_dia":269.28,"municipio":"FUNDÃO"},"geometry":{"type":"Point","coordinates":[-40.39297778,-19.95076668]}},{"type":"Feature","properties":{"tipo_direito":"Direito de Uso","tipo_intervencao":"Captação","corpo_hidrico":"Rio ou Curso D'Água","situacao":"Outorgado","data_outorga":"25/06/2021","finalidade":"Irrigação","vazao":20.99,"volume_dia":24936.12,"municipio":"GUARAPARI"},"geometry":{"type":"Point","coordinates":[-40.58777778,-20.50444446]}},{"type":"Feature","properties":{"tipo_direito":"Direito de Uso","tipo_intervencao":"Captação","corpo_hidrico":"Rio ou Curso D'Água","situacao":"Outorgado","data_outorga":"28/08/2017","finalidade":"Aquicultura em Tanque Escavado","vazao":1.8,"volume_dia":12614.4,"municipio":"VIANA"},"geometry":{"type":"Point","coordinates":[-40.46344444,-20.35755557]}},{"type":"Feature","properties":{"tipo_direito":"Direito de Uso","tipo_intervencao":"Captação","corpo_hidrico":"Espelho D'Água","situacao":"Outorgado","data_outorga":"11/01/2013","finalidade":"Irrigação","vazao":76,"volume_dia":140068,"municipio":"SERRA"},"geometry":{"type":"Point","coordinates":[-40.37941667,-20.07641668]}},{"type":"Feature","properties":{"tipo_direito":"Direito de Uso","tipo_intervencao":"Captação","corpo_hidrico":"Rio ou Curso D'Água","situacao":"Outorgado","data_outorga":"30/11/2017","finalidade":"Irrigação","vazao":7.2,"volume_dia":4190.4,"municipio":"SERRA"},"geometry":{"type":"Point","coordinates":[-40.29508333,-20.0573889]}},{"type":"Feature","properties":{"tipo_direito":"Direito de Uso","tipo_intervencao":"Captação","corpo_hidrico":"Rio ou Curso D'Água","situacao":"Outorgado","data_outorga":"30/05/2018","finalidade":"Irrigação","vazao":1.08,"volume_dia":1600.56,"municipio":"FUNDÃO"},"geometry":{"type":"Point","coordinates":[-40.35483333,-19.97019445]}},{"type":"Feature","properties":{"tipo_direito":"Direito de Uso","tipo_intervencao":"Lançamento","corpo_hidrico":"Rio ou Curso D'Água","situacao":"Outorgado","data_outorga":"28/11/2022","finalidade":"Indústria","vazao":15.48,"volume_dia":135604.8,"municipio":"CARIACICA"},"geometry":{"type":"Point","coordinates":[-40.38958333,-20.2978889]}},{"type":"Feature","properties":{"tipo_direito":"Direito de Uso","tipo_intervencao":"Barragem","corpo_hidrico":"Rio ou Curso D'Água","situacao":"Outorgado","data_outorga":"30/11/2017","finalidade":"Reservatório/Barramento/Regularização de Vazões para Usos Múltiplos","vazao":0,"volume_dia":null,"municipio":"SERRA"},"geometry":{"type":"Point","coordinates":[-40.29508056,-20.05739723]}},{"type":"Feature","properties":{"tipo_direito":"Direito de Uso","tipo_intervencao":"Barragem","corpo_hidrico":"Espelho D'Água","situacao":"Outorgado","data_outorga":"11/01/2013","finalidade":"Reservatório/Barramento/Regularização de Vazões para Usos Múltiplos","vazao":0,"volume_dia":null,"municipio":"SERRA"},"geometry":{"type":"Point","coordinates":[-40.37941667,-20.07641668]}},{"type":"Feature","properties":{"tipo_direito":"Direito de Uso","tipo_intervencao":"Barragem","corpo_hidrico":"Espelho D'Água","situacao":"Outorgado","data_outorga":"26/07/2013","finalidade":"Reservatório/Barramento/Regularização de Vazões para Usos Múltiplos","vazao":0,"volume_dia":null,"municipio":"FUNDÃO"},"geometry":{"type":"Point","coordinates":[-40.34273056,-20.0163139]}},{"type":"Feature","properties":{"tipo_direito":"Direito de Uso","tipo_intervencao":"Lançamento","corpo_hidrico":"Rio ou Curso D'Água","situacao":"Outorgado","data_outorga":"12/08/2014","finalidade":"Aquicultura em Tanque Escavado","vazao":0.14,"volume_dia":1226.4,"municipio":"GUARAPARI"},"geometry":{"type":"Point","coordinates":[-40.5955,-20.72116668]}},{"type":"Feature","properties":{"tipo_direito":"Direito de Uso","tipo_intervencao":"Captação","corpo_hidrico":"Rio ou Curso D'Água","situacao":"Outorgado","data_outorga":"22/02/2017","finalidade":"Irrigação","vazao":97.2,"volume_dia":47628,"municipio":"VIANA"},"geometry":{"type":"Point","coordinates":[-40.43278889,-20.42785279]}},{"type":"Feature","properties":{"tipo_direito":"Direito de Uso","tipo_intervencao":"Captação","corpo_hidrico":"Rio ou Curso D'Água","situacao":"Outorgado","data_outorga":"26/06/2024","finalidade":"Irrigação","vazao":9,"volume_dia":5241.6,"municipio":"CARIACICA"},"geometry":{"type":"Point","coordinates":[-40.46458333,-20.32594445]}},{"type":"Feature","properties":{"tipo_direito":"Direito de Uso","tipo_intervencao":"Captação","corpo_hidrico":"Rio ou Curso D'Água","situacao":"Outorgado","data_outorga":"04/01/2018","finalidade":"Irrigação","vazao":3.96,"volume_dia":34689.6,"municipio":"SERRA"},"geometry":{"type":"Point","coordinates":[-40.32997222,-20.15097223]}},{"type":"Feature","properties":{"tipo_direito":"Direito de Uso","tipo_intervencao":"Captação","corpo_hidrico":"Rio ou Curso D'Água","situacao":"Outorgado","data_outorga":"05/09/2018","finalidade":"Aquicultura em Tanque Escavado","vazao":7.2,"volume_dia":63072,"municipio":"SERRA"},"geometry":{"type":"Point","coordinates":[-40.39941667,-20.03030557]}},{"type":"Feature","properties":{"tipo_direito":"Direito de Uso","tipo_intervencao":"Captação","corpo_hidrico":"Rio ou Curso D'Água","situacao":"Outorgado","data_outorga":"13/05/2016","finalidade":"Irrigação","vazao":16.2,"volume_dia":47304,"municipio":"FUNDÃO"},"geometry":{"type":"Point","coordinates":[-40.39986944,-19.95004445]}},{"type":"Feature","properties":{"tipo_direito":"Direito de Uso","tipo_intervencao":"Captação","corpo_hidrico":"Rio ou Curso D'Água","situacao":"Outorgado","data_outorga":"05/02/2018","finalidade":"Irrigação","vazao":14.4,"volume_dia":43747.2,"municipio":"SERRA"},"geometry":{"type":"Point","coordinates":[-40.36468611,-20.17840834]}},{"type":"Feature","properties":{"tipo_direito":"Direito de Uso","tipo_intervencao":"Captação","corpo_hidrico":"Rio ou Curso D'Água","situacao":"Outorgado","data_outorga":"13/05/2016","finalidade":"Irrigação","vazao":6.84,"volume_dia":22489.92,"municipio":"FUNDÃO"},"geometry":{"type":"Point","coordinates":[-40.39259167,-19.95030001]}},{"type":"Feature","properties":{"tipo_direito":"Direito de Uso","tipo_intervencao":"Captação","corpo_hidrico":"Rio ou Curso D'Água","situacao":"Outorgado","data_outorga":"30/05/2018","finalidade":"Irrigação","vazao":14.4,"volume_dia":7862.4,"municipio":"FUNDÃO"},"geometry":{"type":"Point","coordinates":[-40.43755556,-19.93769445]}},{"type":"Feature","properties":{"tipo_direito":"Direito de Uso","tipo_intervencao":"Lançamento","corpo_hidrico":"Rio ou Curso D'Água","situacao":"Outorgado","data_outorga":"28/08/2017","finalidade":"Aquicultura em Tanque Escavado","vazao":1.8,"volume_dia":12614.4,"municipio":"VIANA"},"geometry":{"type":"Point","coordinates":[-40.46377778,-20.35819445]}},{"type":"Feature","properties":{"tipo_direito":"Direito de Uso","tipo_intervencao":"Barragem","corpo_hidrico":"Rio ou Curso D'Água","situacao":"Outorgado","data_outorga":"30/05/2018","finalidade":"Reservatório/Barramento/Regularização de Vazões para Usos Múltiplos","vazao":0,"volume_dia":null,"municipio":"FUNDÃO"},"geometry":{"type":"Point","coordinates":[-40.35483333,-19.97019445]}},{"type":"Feature","properties":{"tipo_direito":"Direito de Uso","tipo_intervencao":"Ponto de Referência","corpo_hidrico":"Espelho D'Água","situacao":"Outorgado","data_outorga":"27/11/2018","finalidade":"Aquicultura em Tanque Rede","vazao":0,"volume_dia":0,"municipio":"GUARAPARI"},"geometry":{"type":"Point","coordinates":[-40.38455556,-20.52811112]}},{"type":"Feature","properties":{"tipo_direito":"Direito de Uso","tipo_intervencao":"Lançamento","corpo_hidrico":"Rio ou Curso D'Água","situacao":"Outorgado","data_outorga":"25/10/2017","finalidade":"Indústria","vazao":7.2,"volume_dia":13824,"municipio":"VILA VELHA"},"geometry":{"type":"Point","coordinates":[-40.35536111,-20.39947223]}},{"type":"Feature","properties":{"tipo_direito":"Direito de Uso","tipo_intervencao":"Lançamento","corpo_hidrico":"Espelho D'Água","situacao":"Outorgado","data_outorga":"21/12/2017","finalidade":"Indústria","vazao":18.72,"volume_dia":163987.2,"municipio":"CARIACICA"},"geometry":{"type":"Point","coordinates":[-40.39277778,-20.28200001]}},{"type":"Feature","properties":{"tipo_direito":"Direito de Uso","tipo_intervencao":"Ponto de Referência","corpo_hidrico":"Rio ou Curso D'Água","situacao":"Outorgado","data_outorga":"30/11/2017","finalidade":"Aquicultura em Tanque Rede","vazao":5.76,"volume_dia":3352.32,"municipio":"SERRA"},"geometry":{"type":"Point","coordinates":[-40.29508056,-20.05739723]}},{"type":"Feature","properties":{"tipo_direito":"Direito de Uso","tipo_intervencao":"Ponto de Referência","corpo_hidrico":"Rio ou Curso D'Água","situacao":"Outorgado","data_outorga":"04/09/2013","finalidade":"Aquicultura em Tanque Rede","vazao":0,"volume_dia":null,"municipio":"SERRA"},"geometry":{"type":"Point","coordinates":[-40.28055556,-20.05619445]}},{"type":"Feature","properties":{"tipo_direito":"Direito de Uso","tipo_intervencao":"Barragem","corpo_hidrico":"Rio ou Curso D'Água","situacao":"Outorgado","data_outorga":"04/01/2018","finalidade":"Reservatório/Barramento/Regularização de Vazões para Usos Múltiplos","vazao":0,"volume_dia":null,"municipio":"SERRA"},"geometry":{"type":"Point","coordinates":[-40.32997222,-20.15097223]}},{"type":"Feature","properties":{"tipo_direito":"Direito de Uso","tipo_intervencao":"Barragem","corpo_hidrico":"Rio ou Curso D'Água","situacao":"Outorgado","data_outorga":"04/09/2013","finalidade":"Reservatório/Barramento/Regularização de Vazões para Usos Múltiplos","vazao":0,"volume_dia":null,"municipio":"SERRA"},"geometry":{"type":"Point","coordinates":[-40.28055556,-20.05619445]}},{"type":"Feature","properties":{"tipo_direito":"Direito de Uso","tipo_intervencao":"Lançamento","corpo_hidrico":"Rio ou Curso D'Água","situacao":"Outorgado","data_outorga":"06/07/2023","finalidade":"Esgotamento Sanitário","vazao":9,"volume_dia":78840,"municipio":"VILA VELHA"},"geometry":{"type":"Point","coordinates":[-40.35511111,-20.47455557]}},{"type":"Feature","properties":{"tipo_direito":"Direito de Uso","tipo_intervencao":"Captação","corpo_hidrico":"Rio ou Curso D'Água","situacao":"Outorgado","data_outorga":"02/08/2023","finalidade":"Indústria","vazao":2196,"volume_dia":77076,"municipio":"SERRA"},"geometry":{"type":"Point","coordinates":[-40.2395,-20.23755557]}},{"type":"Feature","properties":{"tipo_direito":"Direito de Uso","tipo_intervencao":"Barragem","corpo_hidrico":"Rio ou Curso D'Água","situacao":"Outorgado","data_outorga":"02/08/2023","finalidade":"Reservatório/Barramento/Regularização de Vazões para Usos Múltiplos","vazao":null,"volume_dia":null,"municipio":"SERRA"},"geometry":{"type":"Point","coordinates":[-40.23947222,-20.23755557]}},{"type":"Feature","properties":{"tipo_direito":"Direito de Uso","tipo_intervencao":"Barragem","corpo_hidrico":"Rio ou Curso D'Água","situacao":"Outorgado","data_outorga":"23/08/2029","finalidade":"Reservatório/Barramento/Regularização de Vazões para Usos Múltiplos","vazao":null,"volume_dia":null,"municipio":"VIANA"},"geometry":{"type":"Point","coordinates":[-40.56666667,-20.37630557]}},{"type":"Feature","properties":{"tipo_direito":"Direito de Uso","tipo_intervencao":"Lançamento","corpo_hidrico":"Rio ou Curso D'Água","situacao":"Outorgado","data_outorga":"08/04/2018","finalidade":"Indústria","vazao":1.8,"volume_dia":1296,"municipio":"CARIACICA"},"geometry":{"type":"Point","coordinates":[-40.43661111,-20.26077779]}},{"type":"Feature","properties":{"tipo_direito":"Direito de Uso","tipo_intervencao":"Lançamento","corpo_hidrico":"Rio ou Curso D'Água","situacao":"Outorgado","data_outorga":"12/05/2025","finalidade":"Esgotamento Sanitário","vazao":108,"volume_dia":946080,"municipio":"VILA VELHA"},"geometry":{"type":"Point","coordinates":[-40.34566667,-20.44302779]}},{"type":"Feature","properties":{"tipo_direito":"Direito de Uso","tipo_intervencao":"Lançamento","corpo_hidrico":"Rio ou Curso D'Água","situacao":"Outorgado","data_outorga":"19/11/2018","finalidade":"Indústria","vazao":5.04,"volume_dia":30965.76,"municipio":"SERRA"},"geometry":{"type":"Point","coordinates":[-40.37863889,-20.05947223]}},{"type":"Feature","properties":{"tipo_direito":"Direito de Uso","tipo_intervencao":"Lançamento","corpo_hidrico":"Rio ou Curso D'Água","situacao":"Outorgado","data_outorga":"04/10/2017","finalidade":"Indústria","vazao":24.48,"volume_dia":51701.76,"municipio":"CARIACICA"},"geometry":{"type":"Point","coordinates":[-40.39916667,-20.28797223]}},{"type":"Feature","properties":{"tipo_direito":"Direito de Uso","tipo_intervencao":"Lançamento","corpo_hidrico":"Rio ou Curso D'Água","situacao":"Outorgado","data_outorga":"25/02/2020","finalidade":"Esgotamento Sanitário","vazao":28.8,"volume_dia":252288,"municipio":"CARIACICA"},"geometry":{"type":"Point","coordinates":[-40.44474351,-20.27041991]}},{"type":"Feature","properties":{"tipo_direito":"Direito de Uso","tipo_intervencao":"Captação","corpo_hidrico":"Rio ou Curso D'Água","situacao":"Outorgado","data_outorga":"11/05/2020","finalidade":"Outras","vazao":36,"volume_dia":64800,"municipio":"VILA VELHA"},"geometry":{"type":"Point","coordinates":[-40.36427778,-20.50008334]}},{"type":"Feature","properties":{"tipo_direito":"Direito de Uso","tipo_intervencao":"Barragem","corpo_hidrico":"Rio ou Curso D'Água","situacao":"Outorgado","data_outorga":"11/05/2020","finalidade":"Reservatório/Barramento/Regularização de Vazões para Usos Múltiplos","vazao":null,"volume_dia":null,"municipio":"VILA VELHA"},"geometry":{"type":"Point","coordinates":[-40.36427778,-20.50008334]}},{"type":"Feature","properties":{"tipo_direito":"Direito de Uso","tipo_intervencao":"Lançamento","corpo_hidrico":"Rio ou Curso D'Água","situacao":"Outorgado","data_outorga":"12/05/2015","finalidade":"Esgotamento Sanitário","vazao":5.4,"volume_dia":47304,"municipio":"SERRA"},"geometry":{"type":"Point","coordinates":[-40.25302778,-20.20561112]}},{"type":"Feature","properties":{"tipo_direito":"Direito de Uso","tipo_intervencao":"Captação","corpo_hidrico":"Rio ou Curso D'Água","situacao":"Outorgado","data_outorga":"04/08/2027","finalidade":"Abastecimento Público","vazao":1800,"volume_dia":15768000.0,"municipio":"SERRA"},"geometry":{"type":"Point","coordinates":[-40.29394444,-20.02925001]}},{"type":"Feature","properties":{"tipo_direito":"Direito de Uso","tipo_intervencao":"Lançamento","corpo_hidrico":"Rio ou Curso D'Água","situacao":"Outorgado","data_outorga":"01/12/2015","finalidade":"Indústria","vazao":3.96,"volume_dia":10454.4,"municipio":"VIANA"},"geometry":{"type":"Point","coordinates":[-40.44369444,-20.37300001]}},{"type":"Feature","properties":{"tipo_direito":"Direito de Uso","tipo_intervencao":"Lançamento","corpo_hidrico":"Rio ou Curso D'Água","situacao":"Outorgado","data_outorga":"02/01/2024","finalidade":"Esgotamento Sanitário","vazao":119.88,"volume_dia":175024.8,"municipio":"FUNDÃO"},"geometry":{"type":"Point","coordinates":[-40.40125,-19.93322223]}},{"type":"Feature","properties":{"tipo_direito":"Direito de Uso","tipo_intervencao":"Barragem","corpo_hidrico":"Rio ou Curso D'Água","situacao":"Outorgado","data_outorga":"22/10/2025","finalidade":"Reservatório/Barramento/Regularização de Vazões para Usos Múltiplos","vazao":null,"volume_dia":null,"municipio":"CARIACICA"},"geometry":{"type":"Point","coordinates":[-40.45383333,-20.33891668]}},{"type":"Feature","properties":{"tipo_direito":"Direito de Uso","tipo_intervencao":"Lançamento","corpo_hidrico":"Rio ou Curso D'Água","situacao":"Outorgado","data_outorga":"23/08/2017","finalidade":"Indústria","vazao":25.92,"volume_dia":46952.64,"municipio":"CARIACICA"},"geometry":{"type":"Point","coordinates":[-40.39555556,-20.28250001]}},{"type":"Feature","properties":{"tipo_direito":"Direito de Uso","tipo_intervencao":"Lançamento","corpo_hidrico":"Rio ou Curso D'Água","situacao":"Outorgado","data_outorga":"07/05/2021","finalidade":"Esgotamento Sanitário","vazao":16.2,"volume_dia":141912,"municipio":"SERRA"},"geometry":{"type":"Point","coordinates":[-40.28275,-20.13144445]}},{"type":"Feature","properties":{"tipo_direito":"Direito de Uso","tipo_intervencao":"Ponto de Referência","corpo_hidrico":"Rio ou Curso D'Água","situacao":"Outorgado","data_outorga":"24/09/2013","finalidade":"Aquicultura em Tanque Rede","vazao":null,"volume_dia":null,"municipio":"SERRA"},"geometry":{"type":"Point","coordinates":[-40.32997222,-20.15097223]}},{"type":"Feature","properties":{"tipo_direito":"Direito de Uso","tipo_intervencao":"Captação","corpo_hidrico":"Rio ou Curso D'Água","situacao":"Outorgado","data_outorga":"29/09/2021","finalidade":"Abastecimento Público","vazao":36,"volume_dia":236520,"municipio":"FUNDÃO"},"geometry":{"type":"Point","coordinates":[-40.46652778,-19.92225001]}},{"type":"Feature","properties":{"tipo_direito":"Direito de Uso","tipo_intervencao":"Captação","corpo_hidrico":"Rio ou Curso D'Água","situacao":"Outorgado","data_outorga":"29/09/2021","finalidade":"Abastecimento Público","vazao":194.4,"volume_dia":1277208,"municipio":"FUNDÃO"},"geometry":{"type":"Point","coordinates":[-40.41066667,-19.93155557]}},{"type":"Feature","properties":{"tipo_direito":"Direito de Uso","tipo_intervencao":"Captação","corpo_hidrico":"Rio ou Curso D'Água","situacao":"Outorgado","data_outorga":"01/08/2008","finalidade":"Outras","vazao":1.48,"volume_dia":1080.4,"municipio":"SERRA"},"geometry":{"type":"Point","coordinates":[-40.41688889,-20.12322223]}},{"type":"Feature","properties":{"tipo_direito":"Direito de Uso","tipo_intervencao":"Lançamento","corpo_hidrico":"Espelho D'Água","situacao":"Outorgado","data_outorga":"08/07/2016","finalidade":"Esgotamento Sanitário","vazao":10.8,"volume_dia":94608,"municipio":"GUARAPARI"},"geometry":{"type":"Point","coordinates":[-40.37872222,-20.52800001]}},{"type":"Feature","properties":{"tipo_direito":"Direito de Uso","tipo_intervencao":"Captação","corpo_hidrico":"Rio ou Curso D'Água","situacao":"Outorgado","data_outorga":"05/03/2024","finalidade":"Abastecimento Público","vazao":122.4,"volume_dia":1072224,"municipio":"VIANA"},"geometry":{"type":"Point","coordinates":[-40.47372222,-20.42577779]}},{"type":"Feature","properties":{"tipo_direito":"Direito de Uso","tipo_intervencao":"Captação","corpo_hidrico":"Rio ou Curso D'Água","situacao":"Outorgado","data_outorga":"05/03/2024","finalidade":"Abastecimento Público","vazao":64.08,"volume_dia":561340.8,"municipio":"VIANA"},"geometry":{"type":"Point","coordinates":[-40.47166667,-20.4276389]}},{"type":"Feature","properties":{"tipo_direito":"Direito de Uso","tipo_intervencao":"Captação","corpo_hidrico":"Rio ou Curso D'Água","situacao":"Outorgado","data_outorga":"31/07/2019","finalidade":"Abastecimento Público","vazao":108,"volume_dia":946080,"municipio":"CARIACICA"},"geometry":{"type":"Point","coordinates":[-40.51655556,-20.34161112]}},{"type":"Feature","properties":{"tipo_direito":"Direito de Uso","tipo_intervencao":"Captação","corpo_hidrico":"Rio ou Curso D'Água","situacao":"Outorgado","data_outorga":"29/11/2017","finalidade":"Indústria","vazao":36,"volume_dia":76032,"municipio":"CARIACICA"},"geometry":{"type":"Point","coordinates":[-40.39886111,-20.28769445]}},{"type":"Feature","properties":{"tipo_direito":"Direito de Uso","tipo_intervencao":"Ponto de Referência","corpo_hidrico":"Rio ou Curso D'Água","situacao":"Outorgado","data_outorga":"03/01/2019","finalidade":"Obras Hidráulicas","vazao":null,"volume_dia":null,"municipio":"SERRA"},"geometry":{"type":"Point","coordinates":[-40.19188889,-20.16825001]}},{"type":"Feature","properties":{"tipo_direito":"Direito de Uso","tipo_intervencao":"Captação","corpo_hidrico":"Rio ou Curso D'Água","situacao":"Outorgado","data_outorga":"11/09/2019","finalidade":"Abastecimento Público","vazao":144,"volume_dia":1261440,"municipio":"VIANA"},"geometry":{"type":"Point","coordinates":[-40.5155,-20.37261112]}},{"type":"Feature","properties":{"tipo_direito":"Direito de Uso","tipo_intervencao":"Captação","corpo_hidrico":"Rio ou Curso D'Água","situacao":"Outorgado","data_outorga":"10/08/2018","finalidade":"Abastecimento Público","vazao":15.16,"volume_dia":66400.8,"municipio":"VIANA"},"geometry":{"type":"Point","coordinates":[-40.49194444,-20.45311112]}},{"type":"Feature","properties":{"tipo_direito":"Direito de Uso","tipo_intervencao":"Lançamento","corpo_hidrico":"Rio ou Curso D'Água","situacao":"Outorgado","data_outorga":"13/02/2020","finalidade":"Esgotamento Sanitário","vazao":466.56,"volume_dia":4087065.6,"municipio":"GUARAPARI"},"geometry":{"type":"Point","coordinates":[-40.54308333,-20.73211112]}},{"type":"Feature","properties":{"tipo_direito":"Direito de Uso","tipo_intervencao":"Barragem","corpo_hidrico":"Rio ou Curso D'Água","situacao":"Outorgado","data_outorga":"23/08/2029","finalidade":"Reservatório/Barramento/Regularização de Vazões para Usos Múltiplos","vazao":null,"volume_dia":null,"municipio":"VIANA"},"geometry":{"type":"Point","coordinates":[-40.56663889,-20.37630557]}},{"type":"Feature","properties":{"tipo_direito":"Direito de Uso","tipo_intervencao":"Captação","corpo_hidrico":"Rio ou Curso D'Água","situacao":"Outorgado","data_outorga":"04/11/2018","finalidade":"Outras","vazao":14.76,"volume_dia":11689.92,"municipio":"SERRA"},"geometry":{"type":"Point","coordinates":[-40.20194444,-20.1908889]}},{"type":"Feature","properties":{"tipo_direito":"Direito de Uso","tipo_intervencao":"Captação","corpo_hidrico":"Rio ou Curso D'Água","situacao":"Outorgado","data_outorga":"04/11/2018","finalidade":"Outras","vazao":14.76,"volume_dia":11689.92,"municipio":"SERRA"},"geometry":{"type":"Point","coordinates":[-40.36333333,-20.22647223]}},{"type":"Feature","properties":{"tipo_direito":"Direito de Uso","tipo_intervencao":"Lançamento","corpo_hidrico":"Rio ou Curso D'Água","situacao":"Outorgado","data_outorga":"29/06/2012","finalidade":"Esgotamento Sanitário","vazao":25.2,"volume_dia":220752,"municipio":"VITÓRIA"},"geometry":{"type":"Point","coordinates":[-40.25666667,-20.25736112]}},{"type":"Feature","properties":{"tipo_direito":"Direito de Uso","tipo_intervencao":"Captação","corpo_hidrico":"Rio ou Curso D'Água","situacao":"Outorgado","data_outorga":"25/03/2015","finalidade":"Outras","vazao":36,"volume_dia":64440,"municipio":"VILA VELHA"},"geometry":{"type":"Point","coordinates":[-40.35452778,-20.47736112]}},{"type":"Feature","properties":{"tipo_direito":"Direito de Uso","tipo_intervencao":"Barragem","corpo_hidrico":"Rio ou Curso D'Água","situacao":"Outorgado","data_outorga":"21/05/2015","finalidade":"Reservatório/Barramento/Regularização de Vazões para Usos Múltiplos","vazao":null,"volume_dia":null,"municipio":"CARIACICA"},"geometry":{"type":"Point","coordinates":[-40.38088889,-20.24402779]}},{"type":"Feature","properties":{"tipo_direito":"Direito de Uso","tipo_intervencao":"Captação","corpo_hidrico":"Rio ou Curso D'Água","situacao":"Outorgado","data_outorga":"31/03/2016","finalidade":"Indústria","vazao":936,"volume_dia":8199360,"municipio":"GUARAPARI"},"geometry":{"type":"Point","coordinates":[-40.65269444,-20.51650001]}},{"type":"Feature","properties":{"tipo_direito":"Direito de Uso","tipo_intervencao":"Lançamento","corpo_hidrico":"Rio ou Curso D'Água","situacao":"Outorgado","data_outorga":"14/07/2016","finalidade":"Esgotamento Sanitário","vazao":108,"volume_dia":946080,"municipio":"VILA VELHA"},"geometry":{"type":"Point","coordinates":[-40.34338889,-20.44272223]}},{"type":"Feature","properties":{"tipo_direito":"Direito de Uso","tipo_intervencao":"Lançamento","corpo_hidrico":"Rio ou Curso D'Água","situacao":"Outorgado","data_outorga":"15/08/2016","finalidade":"Indústria","vazao":0.36,"volume_dia":437.4,"municipio":"VIANA"},"geometry":{"type":"Point","coordinates":[-40.41772778,-20.35594445]}},{"type":"Feature","properties":{"tipo_direito":"Direito de Uso","tipo_intervencao":"Lançamento","corpo_hidrico":"Rio ou Curso D'Água","situacao":"Outorgado","data_outorga":"15/08/2016","finalidade":"Indústria","vazao":2.09,"volume_dia":5217.12,"municipio":"VIANA"},"geometry":{"type":"Point","coordinates":[-40.41772222,-20.35594445]}},{"type":"Feature","properties":{"tipo_direito":"Direito de Uso","tipo_intervencao":"Barragem","corpo_hidrico":"Rio ou Curso D'Água","situacao":"Outorgado","data_outorga":"04/01/2013","finalidade":"Reservatório/Barramento/Regularização de Vazões para Usos Múltiplos","vazao":null,"volume_dia":null,"municipio":"SERRA"},"geometry":{"type":"Point","coordinates":[-40.22,-20.08700001]}},{"type":"Feature","properties":{"tipo_direito":"Direito de Uso","tipo_intervencao":"Barragem","corpo_hidrico":"Rio ou Curso D'Água","situacao":"Outorgado","data_outorga":"04/01/2013","finalidade":"Reservatório/Barramento/Regularização de Vazões para Usos Múltiplos","vazao":null,"volume_dia":null,"municipio":"SERRA"},"geometry":{"type":"Point","coordinates":[-40.21891667,-20.07797223]}},{"type":"Feature","properties":{"tipo_direito":"Direito de Uso","tipo_intervencao":"Barragem","corpo_hidrico":"Rio ou Curso D'Água","situacao":"Outorgado","data_outorga":"07/01/2013","finalidade":"Reservatório/Barramento/Regularização de Vazões para Usos Múltiplos","vazao":null,"volume_dia":null,"municipio":"SERRA"},"geometry":{"type":"Point","coordinates":[-40.295,-20.09902779]}},{"type":"Feature","properties":{"tipo_direito":"Direito de Uso","tipo_intervencao":"Barragem","corpo_hidrico":"Rio ou Curso D'Água","situacao":"Outorgado","data_outorga":"04/01/2013","finalidade":"Reservatório/Barramento/Regularização de Vazões para Usos Múltiplos","vazao":null,"volume_dia":null,"municipio":"SERRA"},"geometry":{"type":"Point","coordinates":[-40.23697222,-20.05380557]}},{"type":"Feature","properties":{"tipo_direito":"Direito de Uso","tipo_intervencao":"Barragem","corpo_hidrico":"Rio ou Curso D'Água","situacao":"Outorgado","data_outorga":"04/01/2013","finalidade":"Reservatório/Barramento/Regularização de Vazões para Usos Múltiplos","vazao":null,"volume_dia":null,"municipio":"SERRA"},"geometry":{"type":"Point","coordinates":[-40.22558333,-20.06483334]}},{"type":"Feature","properties":{"tipo_direito":"Direito de Uso","tipo_intervencao":"Barragem","corpo_hidrico":"Rio ou Curso D'Água","situacao":"Outorgado","data_outorga":"24/01/2014","finalidade":"Reservatório/Barramento/Regularização de Vazões para Usos Múltiplos","vazao":null,"volume_dia":null,"municipio":"GUARAPARI"},"geometry":{"type":"Point","coordinates":[-40.66986111,-20.56055557]}},{"type":"Feature","properties":{"tipo_direito":"Direito de Uso","tipo_intervencao":"Barragem","corpo_hidrico":"Rio ou Curso D'Água","situacao":"Outorgado","data_outorga":"19/02/2014","finalidade":"Reservatório/Barramento/Regularização de Vazões para Usos Múltiplos","vazao":null,"volume_dia":null,"municipio":"CARIACICA"},"geometry":{"type":"Point","coordinates":[-40.38858333,-20.2433889]}},{"type":"Feature","properties":{"tipo_direito":"Direito de Uso","tipo_intervencao":"Captação","corpo_hidrico":"Rio ou Curso D'Água","situacao":"Uso Insignificante","data_outorga":"16/05/2019","finalidade":"Criação Animal","vazao":5.4,"volume_dia":15724.8,"municipio":"SERRA"},"geometry":{"type":"Point","coordinates":[-40.41461634,-20.07698731]}},{"type":"Feature","properties":{"tipo_direito":"Direito de Uso","tipo_intervencao":"Captação","corpo_hidrico":"Rio ou Curso D'Água","situacao":"Uso Insignificante","data_outorga":"03/07/2019","finalidade":"Consumo Humano","vazao":1.8,"volume_dia":5241.6,"municipio":"GUARAPARI"},"geometry":{"type":"Point","coordinates":[-40.5805741,-20.62046295]}},{"type":"Feature","properties":{"tipo_direito":"Direito de Uso","tipo_intervencao":"Captação","corpo_hidrico":"Rio ou Curso D'Água","situacao":"Uso Insignificante","data_outorga":"23/11/2019","finalidade":"Irrigação","vazao":5.4,"volume_dia":15724.8,"municipio":"SERRA"},"geometry":{"type":"Point","coordinates":[-40.31241911,-20.14974671]}},{"type":"Feature","properties":{"tipo_direito":"Direito de Uso","tipo_intervencao":"Captação","corpo_hidrico":"Rio ou Curso D'Água","situacao":"Uso Insignificante","data_outorga":"26/06/2019","finalidade":"Irrigação","vazao":4.3,"volume_dia":4695.6,"municipio":"CARIACICA"},"geometry":{"type":"Point","coordinates":[-40.45124206,-20.272733]}},{"type":"Feature","properties":{"tipo_direito":"Direito de Uso","tipo_intervencao":"Captação","corpo_hidrico":"Rio ou Curso D'Água","situacao":"Uso Insignificante","data_outorga":"22/08/2018","finalidade":"Outras","vazao":5.4,"volume_dia":15724.8,"municipio":"SERRA"},"geometry":{"type":"Point","coordinates":[-40.20080296,-20.15377774]}},{"type":"Feature","properties":{"tipo_direito":"Direito de Uso","tipo_intervencao":"Captação","corpo_hidrico":"Rio ou Curso D'Água","situacao":"Uso Insignificante","data_outorga":"06/06/2018","finalidade":"Indústria","vazao":5,"volume_dia":12740,"municipio":"CARIACICA"},"geometry":{"type":"Point","coordinates":[-40.37234123,-20.25738698]}},{"type":"Feature","properties":{"tipo_direito":"Direito de Uso","tipo_intervencao":"Captação","corpo_hidrico":"Rio ou Curso D'Água","situacao":"Uso Insignificante","data_outorga":"30/09/2018","finalidade":"Outras","vazao":5.1,"volume_dia":14851.2,"municipio":"CARIACICA"},"geometry":{"type":"Point","coordinates":[-40.37249728,-20.34790988]}},{"type":"Feature","properties":{"tipo_direito":"Direito de Uso","tipo_intervencao":"Captação","corpo_hidrico":"Rio ou Curso D'Água","situacao":"Uso Insignificante","data_outorga":"30/05/2018","finalidade":"Outras","vazao":2.3,"volume_dia":6697.6,"municipio":"CARIACICA"},"geometry":{"type":"Point","coordinates":[-40.37937435,-20.24401512]}},{"type":"Feature","properties":{"tipo_direito":"Direito de Uso","tipo_intervencao":"Captação","corpo_hidrico":"Rio ou Curso D'Água","situacao":"Uso Insignificante","data_outorga":"30/05/2018","finalidade":"Outras","vazao":2.3,"volume_dia":6697.6,"municipio":"CARIACICA"},"geometry":{"type":"Point","coordinates":[-40.37937435,-20.24401512]}},{"type":"Feature","properties":{"tipo_direito":"Direito de Uso","tipo_intervencao":"Captação","corpo_hidrico":"Rio ou Curso D'Água","situacao":"Uso Insignificante","data_outorga":"27/06/2019","finalidade":"Consumo Humano","vazao":0,"volume_dia":0,"municipio":"FUNDÃO"},"geometry":{"type":"Point","coordinates":[-40.34621395,-19.97437293]}},{"type":"Feature","properties":{"tipo_direito":"Direito de Uso","tipo_intervencao":"Captação","corpo_hidrico":"Rio ou Curso D'Água","situacao":"Uso Insignificante","data_outorga":"03/05/2019","finalidade":"Outras","vazao":5.4,"volume_dia":15724.8,"municipio":"SERRA"},"geometry":{"type":"Point","coordinates":[-40.28022136,-20.07269113]}},{"type":"Feature","properties":{"tipo_direito":"Direito de Uso","tipo_intervencao":"Captação","corpo_hidrico":"Rio ou Curso D'Água","situacao":"Uso Insignificante","data_outorga":"09/06/2018","finalidade":"Consumo Humano","vazao":5.4,"volume_dia":1965.6,"municipio":"GUARAPARI"},"geometry":{"type":"Point","coordinates":[-40.49416728,-20.56909844]}},{"type":"Feature","properties":{"tipo_direito":"Direito de Uso","tipo_intervencao":"Captação","corpo_hidrico":"Espelho D'Água","situacao":"Uso Insignificante","data_outorga":"21/12/2018","finalidade":"Irrigação","vazao":5.4,"volume_dia":15724.8,"municipio":"GUARAPARI"},"geometry":{"type":"Point","coordinates":[-40.54922646,-20.73677239]}},{"type":"Feature","properties":{"tipo_direito":"Direito de Uso","tipo_intervencao":"Captação","corpo_hidrico":"Rio ou Curso D'Água","situacao":"Uso Insignificante","data_outorga":"05/05/2019","finalidade":"Irrigação","vazao":2.7,"volume_dia":7862.4,"municipio":"SERRA"},"geometry":{"type":"Point","coordinates":[-40.31531924,-20.22174905]}},{"type":"Feature","properties":{"tipo_direito":"Direito de Uso","tipo_intervencao":"Captação","corpo_hidrico":"Espelho D'Água","situacao":"Uso Insignificante","data_outorga":"05/01/2019","finalidade":"Outras","vazao":5.4,"volume_dia":15724.8,"municipio":"SERRA"},"geometry":{"type":"Point","coordinates":[-40.21501151,-20.15266835]}},{"type":"Feature","properties":{"tipo_direito":"Direito de Uso","tipo_intervencao":"Captação","corpo_hidrico":"Rio ou Curso D'Água","situacao":"Uso Insignificante","data_outorga":"23/03/2019","finalidade":"Consumo Humano","vazao":5.4,"volume_dia":1965.6,"municipio":"SERRA"},"geometry":{"type":"Point","coordinates":[-40.32595537,-20.07928338]}},{"type":"Feature","properties":{"tipo_direito":"Direito de Uso","tipo_intervencao":"Captação","corpo_hidrico":"Rio ou Curso D'Água","situacao":"Uso Insignificante","data_outorga":"23/06/2019","finalidade":"Outras","vazao":5.4,"volume_dia":15724.8,"municipio":"FUNDÃO"},"geometry":{"type":"Point","coordinates":[-40.40509936,-19.91295983]}},{"type":"Feature","properties":{"tipo_direito":"Direito de Uso","tipo_intervencao":"Captação","corpo_hidrico":"Rio ou Curso D'Água","situacao":"Uso Insignificante","data_outorga":"07/12/2019","finalidade":"Outras","vazao":1.8,"volume_dia":7862.4,"municipio":"GUARAPARI"},"geometry":{"type":"Point","coordinates":[-40.6422704,-20.55869647]}},{"type":"Feature","properties":{"tipo_direito":"Direito de Uso","tipo_intervencao":"Captação","corpo_hidrico":"Rio ou Curso D'Água","situacao":"Uso Insignificante","data_outorga":"07/12/2018","finalidade":"Consumo Humano","vazao":2.3,"volume_dia":1674.4,"municipio":"FUNDÃO"},"geometry":{"type":"Point","coordinates":[-40.40628016,-19.95572028]}},{"type":"Feature","properties":{"tipo_direito":"Direito de Uso","tipo_intervencao":"Captação","corpo_hidrico":"Rio ou Curso D'Água","situacao":"Uso Insignificante","data_outorga":"24/05/2019","finalidade":"Outras","vazao":5.4,"volume_dia":15724.8,"municipio":"VIANA"},"geometry":{"type":"Point","coordinates":[-40.50364609,-20.38038198]}},{"type":"Feature","properties":{"tipo_direito":"Direito de Uso","tipo_intervencao":"Captação","corpo_hidrico":"Rio ou Curso D'Água","situacao":"Uso Insignificante","data_outorga":"20/03/2019","finalidade":"Consumo Humano","vazao":0.5,"volume_dia":728,"municipio":"SERRA"},"geometry":{"type":"Point","coordinates":[-40.42997102,-20.14622946]}},{"type":"Feature","properties":{"tipo_direito":"Direito de Uso","tipo_intervencao":"Captação","corpo_hidrico":"Rio ou Curso D'Água","situacao":"Uso Insignificante","data_outorga":"25/04/2019","finalidade":"Outras","vazao":5.4,"volume_dia":15724.8,"municipio":"SERRA"},"geometry":{"type":"Point","coordinates":[-40.28031459,-20.14764306]}},{"type":"Feature","properties":{"tipo_direito":"Direito de Uso","tipo_intervencao":"Captação","corpo_hidrico":"Rio ou Curso D'Água","situacao":"Uso Insignificante","data_outorga":"07/06/2018","finalidade":"Consumo Humano","vazao":3.6,"volume_dia":5241.6,"municipio":"GUARAPARI"},"geometry":{"type":"Point","coordinates":[-40.49576975,-20.56718752]}},{"type":"Feature","properties":{"tipo_direito":"Direito de Uso","tipo_intervencao":"Captação","corpo_hidrico":"Espelho D'Água","situacao":"Uso Insignificante","data_outorga":"02/05/2018","finalidade":"Outras","vazao":5.4,"volume_dia":15724.8,"municipio":"VITÓRIA"},"geometry":{"type":"Point","coordinates":[-40.33492465,-20.27593458]}},{"type":"Feature","properties":{"tipo_direito":"Direito de Uso","tipo_intervencao":"Captação","corpo_hidrico":"Rio ou Curso D'Água","situacao":"Uso Insignificante","data_outorga":"02/02/2019","finalidade":"Indústria","vazao":3.6,"volume_dia":10483.2,"municipio":"CARIACICA"},"geometry":{"type":"Point","coordinates":[-40.44809777,-20.26198127]}},{"type":"Feature","properties":{"tipo_direito":"Direito de Uso","tipo_intervencao":"Captação","corpo_hidrico":"Rio ou Curso D'Água","situacao":"Uso Insignificante","data_outorga":"12/04/2018","finalidade":"Outras","vazao":5.4,"volume_dia":15724.8,"municipio":"SERRA"},"geometry":{"type":"Point","coordinates":[-40.18362776,-20.07472001]}},{"type":"Feature","properties":{"tipo_direito":"Direito de Uso","tipo_intervencao":"Captação","corpo_hidrico":"Rio ou Curso D'Água","situacao":"Uso Insignificante","data_outorga":"17/08/2018","finalidade":"Outras","vazao":3.6,"volume_dia":10483.2,"municipio":"SERRA"},"geometry":{"type":"Point","coordinates":[-40.34500774,-20.11221506]}},{"type":"Feature","properties":{"tipo_direito":"Direito de Uso","tipo_intervencao":"Barragem","corpo_hidrico":"Rio ou Curso D'Água","situacao":"Outorgado","data_outorga":"30/03/2014","finalidade":"Reservatório/Barramento/Regularização de Vazões para Usos Múltiplos","vazao":null,"volume_dia":null,"municipio":"FUNDÃO"},"geometry":{"type":"Point","coordinates":[-40.40397222,-19.96505557]}},{"type":"Feature","properties":{"tipo_direito":"Direito de Uso","tipo_intervencao":"Captação","corpo_hidrico":"Rio ou Curso D'Água","situacao":"Uso Insignificante","data_outorga":"26/04/2018","finalidade":"Outras","vazao":5,"volume_dia":14560,"municipio":"CARIACICA"},"geometry":{"type":"Point","coordinates":[-40.40460732,-20.37566062]}},{"type":"Feature","properties":{"tipo_direito":"Direito de Uso","tipo_intervencao":"Barragem","corpo_hidrico":"Rio ou Curso D'Água","situacao":"Outorgado","data_outorga":"26/11/2013","finalidade":"Reservatório/Barramento/Regularização de Vazões para Usos Múltiplos","vazao":null,"volume_dia":null,"municipio":"SERRA"},"geometry":{"type":"Point","coordinates":[-40.28872222,-20.05797223]}},{"type":"Feature","properties":{"tipo_direito":"Direito de Uso","tipo_intervencao":"Captação","corpo_hidrico":"Rio ou Curso D'Água","situacao":"Uso Insignificante","data_outorga":"04/05/2019","finalidade":"Consumo Humano","vazao":5.4,"volume_dia":15724.8,"municipio":"VIANA"},"geometry":{"type":"Point","coordinates":[-40.53594084,-20.39385903]}},{"type":"Feature","properties":{"tipo_direito":"Direito de Uso","tipo_intervencao":"Captação","corpo_hidrico":"Rio ou Curso D'Água","situacao":"Uso Insignificante","data_outorga":"13/03/2019","finalidade":"Outras","vazao":5.4,"volume_dia":15724.8,"municipio":"VIANA"},"geometry":{"type":"Point","coordinates":[-40.43901115,-20.36643651]}},{"type":"Feature","properties":{"tipo_direito":"Direito de Uso","tipo_intervencao":"Captação","corpo_hidrico":"Espelho D'Água","situacao":"Uso Insignificante","data_outorga":"24/07/2019","finalidade":"Outras","vazao":5.4,"volume_dia":15724.8,"municipio":"SERRA"},"geometry":{"type":"Point","coordinates":[-40.23256554,-20.16460789]}},{"type":"Feature","properties":{"tipo_direito":"Direito de Uso","tipo_intervencao":"Captação","corpo_hidrico":"Rio ou Curso D'Água","situacao":"Uso Insignificante","data_outorga":"20/06/2019","finalidade":"Outras","vazao":1.8,"volume_dia":3276,"municipio":"FUNDÃO"},"geometry":{"type":"Point","coordinates":[-40.41385579,-19.93303755]}},{"type":"Feature","properties":{"tipo_direito":"Direito de Uso","tipo_intervencao":"Captação","corpo_hidrico":"Rio ou Curso D'Água","situacao":"Uso Insignificante","data_outorga":"01/06/2018","finalidade":"Criação Animal","vazao":0.1,"volume_dia":873.6,"municipio":"GUARAPARI"},"geometry":{"type":"Point","coordinates":[-40.50030488,-20.54833106]}},{"type":"Feature","properties":{"tipo_direito":"Direito de Uso","tipo_intervencao":"Captação","corpo_hidrico":"Rio ou Curso D'Água","situacao":"Uso Insignificante","data_outorga":"23/03/2019","finalidade":"Irrigação","vazao":5.4,"volume_dia":15724.8,"municipio":"SERRA"},"geometry":{"type":"Point","coordinates":[-40.31531164,-20.22084565]}},{"type":"Feature","properties":{"tipo_direito":"Direito de Uso","tipo_intervencao":"Barragem","corpo_hidrico":"Rio ou Curso D'Água","situacao":"Outorgado","data_outorga":"26/11/2013","finalidade":"Reservatório/Barramento/Regularização de Vazões para Usos Múltiplos","vazao":null,"volume_dia":null,"municipio":"SERRA"},"geometry":{"type":"Point","coordinates":[-40.29069444,-20.05900001]}},{"type":"Feature","properties":{"tipo_direito":"Direito de Uso","tipo_intervencao":"Captação","corpo_hidrico":"Rio ou Curso D'Água","situacao":"Uso Insignificante","data_outorga":"19/04/2018","finalidade":"Outras","vazao":4.7,"volume_dia":10264.8,"municipio":"SERRA"},"geometry":{"type":"Point","coordinates":[-40.34456409,-20.22231352]}},{"type":"Feature","properties":{"tipo_direito":"Direito de Uso","tipo_intervencao":"Captação","corpo_hidrico":"Rio ou Curso D'Água","situacao":"Uso Insignificante","data_outorga":"05/05/2019","finalidade":"Irrigação","vazao":2.7,"volume_dia":7862.4,"municipio":"SERRA"},"geometry":{"type":"Point","coordinates":[-40.31531164,-20.22084565]}},{"type":"Feature","properties":{"tipo_direito":"Direito de Uso","tipo_intervencao":"Captação","corpo_hidrico":"Rio ou Curso D'Água","situacao":"Uso Insignificante","data_outorga":"10/03/2019","finalidade":"Outras","vazao":5.4,"volume_dia":15724.8,"municipio":"VIANA"},"geometry":{"type":"Point","coordinates":[-40.43938926,-20.36692123]}},{"type":"Feature","properties":{"tipo_direito":"Direito de Uso","tipo_intervencao":"Captação","corpo_hidrico":"Rio ou Curso D'Água","situacao":"Uso Insignificante","data_outorga":"27/11/2019","finalidade":"Outras","vazao":1.8,"volume_dia":5241.6,"municipio":"VIANA"},"geometry":{"type":"Point","coordinates":[-40.43938926,-20.36692123]}},{"type":"Feature","properties":{"tipo_direito":"Direito de Uso","tipo_intervencao":"Captação","corpo_hidrico":"Rio ou Curso D'Água","situacao":"Uso Insignificante","data_outorga":"24/05/2019","finalidade":"Outras","vazao":5.4,"volume_dia":15724.8,"municipio":"VIANA"},"geometry":{"type":"Point","coordinates":[-40.55897579,-20.37499999]}},{"type":"Feature","properties":{"tipo_direito":"Direito de Uso","tipo_intervencao":"Barragem","corpo_hidrico":"Rio ou Curso D'Água","situacao":"Outorgado","data_outorga":"04/05/2017","finalidade":"Reservatório/Barramento/Regularização de Vazões para Usos Múltiplos","vazao":null,"volume_dia":null,"municipio":"GUARAPARI"},"geometry":{"type":"Point","coordinates":[-40.44825,-20.5801389]}},{"type":"Feature","properties":{"tipo_direito":"Direito de Uso","tipo_intervencao":"Captação","corpo_hidrico":"Rio ou Curso D'Água","situacao":"Uso Insignificante","data_outorga":"06/09/2019","finalidade":"Outras","vazao":5.4,"volume_dia":15724.8,"municipio":"VIANA"},"geometry":{"type":"Point","coordinates":[-40.50888913,-20.37473571]}},{"type":"Feature","properties":{"tipo_direito":"Direito de Uso","tipo_intervencao":"Captação","corpo_hidrico":"Rio ou Curso D'Água","situacao":"Uso Insignificante","data_outorga":"30/09/2018","finalidade":"Outras","vazao":5.1,"volume_dia":14851.2,"municipio":"VIANA"},"geometry":{"type":"Point","coordinates":[-40.43962622,-20.36664826]}},{"type":"Feature","properties":{"tipo_direito":"Direito de Uso","tipo_intervencao":"Captação","corpo_hidrico":"Rio ou Curso D'Água","situacao":"Uso Insignificante","data_outorga":"13/12/2018","finalidade":"Indústria","vazao":2.4,"volume_dia":2620.8,"municipio":"SERRA"},"geometry":{"type":"Point","coordinates":[-40.24490266,-20.16631898]}},{"type":"Feature","properties":{"tipo_direito":"Direito de Uso","tipo_intervencao":"Captação","corpo_hidrico":"Rio ou Curso D'Água","situacao":"Uso Insignificante","data_outorga":"01/02/2019","finalidade":"Indústria","vazao":2.5,"volume_dia":4550,"municipio":"SERRA"},"geometry":{"type":"Point","coordinates":[-40.23656902,-20.17847539]}},{"type":"Feature","properties":{"tipo_direito":"Direito de Uso","tipo_intervencao":"Captação","corpo_hidrico":"Rio ou Curso D'Água","situacao":"Uso Insignificante","data_outorga":"04/05/2018","finalidade":"Outras","vazao":0.9,"volume_dia":2620.8,"municipio":"CARIACICA"},"geometry":{"type":"Point","coordinates":[-40.3847239,-20.39131326]}},{"type":"Feature","properties":{"tipo_direito":"Direito de Uso","tipo_intervencao":"Captação","corpo_hidrico":"Rio ou Curso D'Água","situacao":"Uso Insignificante","data_outorga":"27/06/2018","finalidade":"Outras","vazao":1,"volume_dia":2912,"municipio":"CARIACICA"},"geometry":{"type":"Point","coordinates":[-40.38286843,-20.265652]}},{"type":"Feature","properties":{"tipo_direito":"Direito de Uso","tipo_intervencao":"Captação","corpo_hidrico":"Rio ou Curso D'Água","situacao":"Uso Insignificante","data_outorga":"17/02/2018","finalidade":"Outras","vazao":5.4,"volume_dia":15724.8,"municipio":"SERRA"},"geometry":{"type":"Point","coordinates":[-40.25253119,-20.18703585]}},{"type":"Feature","properties":{"tipo_direito":"Direito de Uso","tipo_intervencao":"Captação","corpo_hidrico":"Rio ou Curso D'Água","situacao":"Uso Insignificante","data_outorga":"10/03/2018","finalidade":"Indústria","vazao":5.2,"volume_dia":15142.4,"municipio":"GUARAPARI"},"geometry":{"type":"Point","coordinates":[-40.59808751,-20.69961418]}},{"type":"Feature","properties":{"tipo_direito":"Direito de Uso","tipo_intervencao":"Captação","corpo_hidrico":"Rio ou Curso D'Água","situacao":"Uso Insignificante","data_outorga":"03/03/2019","finalidade":"Outras","vazao":3.6,"volume_dia":10483.2,"municipio":"CARIACICA"},"geometry":{"type":"Point","coordinates":[-40.44963704,-20.32968832]}},{"type":"Feature","properties":{"tipo_direito":"Direito de Uso","tipo_intervencao":"Captação","corpo_hidrico":"Rio ou Curso D'Água","situacao":"Uso Insignificante","data_outorga":"11/07/2018","finalidade":"Irrigação","vazao":5.4,"volume_dia":11793.6,"municipio":"CARIACICA"},"geometry":{"type":"Point","coordinates":[-40.54931945,-20.29139716]}},{"type":"Feature","properties":{"tipo_direito":"Direito de Uso","tipo_intervencao":"Captação","corpo_hidrico":"Rio ou Curso D'Água","situacao":"Uso Insignificante","data_outorga":"20/06/2019","finalidade":"Irrigação","vazao":3.2,"volume_dia":11648,"municipio":"SERRA"},"geometry":{"type":"Point","coordinates":[-40.39811932,-20.02273995]}},{"type":"Feature","properties":{"tipo_direito":"Direito de Uso","tipo_intervencao":"Captação","corpo_hidrico":"Rio ou Curso D'Água","situacao":"Uso Insignificante","data_outorga":"13/05/2018","finalidade":"Consumo Humano","vazao":3.6,"volume_dia":10483.2,"municipio":"GUARAPARI"},"geometry":{"type":"Point","coordinates":[-40.60398348,-20.63029224]}},{"type":"Feature","properties":{"tipo_direito":"Direito de Uso","tipo_intervencao":"Captação","corpo_hidrico":"Rio ou Curso D'Água","situacao":"Uso Insignificante","data_outorga":"30/05/2018","finalidade":"Outras","vazao":2.3,"volume_dia":6697.6,"municipio":"CARIACICA"},"geometry":{"type":"Point","coordinates":[-40.37298705,-20.24373096]}},{"type":"Feature","properties":{"tipo_direito":"Direito de Uso","tipo_intervencao":"Captação","corpo_hidrico":"Rio ou Curso D'Água","situacao":"Uso Insignificante","data_outorga":"30/05/2018","finalidade":"Outras","vazao":2.3,"volume_dia":6697.6,"municipio":"CARIACICA"},"geometry":{"type":"Point","coordinates":[-40.37298705,-20.24373096]}},{"type":"Feature","properties":{"tipo_direito":"Direito de Uso","tipo_intervencao":"Captação","corpo_hidrico":"Rio ou Curso D'Água","situacao":"Uso Insignificante","data_outorga":"14/07/2018","finalidade":"Irrigação","vazao":2.4,"volume_dia":13977.6,"municipio":"CARIACICA"},"geometry":{"type":"Point","coordinates":[-40.54526483,-20.27548828]}},{"type":"Feature","properties":{"tipo_direito":"Direito de Uso","tipo_intervencao":"Captação","corpo_hidrico":"Rio ou Curso D'Água","situacao":"Outorgado","data_outorga":"07/07/2016","finalidade":"Indústria","vazao":29.88,"volume_dia":120476.16,"municipio":"FUNDÃO"},"geometry":{"type":"Point","coordinates":[-40.40638889,-19.92541668]}},{"type":"Feature","properties":{"tipo_direito":"Direito de Uso","tipo_intervencao":"Lançamento","corpo_hidrico":"Rio ou Curso D'Água","situacao":"Outorgado","data_outorga":"26/03/2018","finalidade":"Esgotamento Sanitário","vazao":0.79,"volume_dia":4025.84,"municipio":"VIANA"},"geometry":{"type":"Point","coordinates":[-40.43630556,-20.36519445]}},{"type":"Feature","properties":{"tipo_direito":"Direito de Uso","tipo_intervencao":"Lançamento","corpo_hidrico":"Rio ou Curso D'Água","situacao":"Outorgado","data_outorga":"13/02/2020","finalidade":"Esgotamento Sanitário","vazao":426.24,"volume_dia":3733862.4,"municipio":"SERRA"},"geometry":{"type":"Point","coordinates":[-40.32230556,-20.13155557]}},{"type":"Feature","properties":{"tipo_direito":"Direito de Uso","tipo_intervencao":"Captação","corpo_hidrico":"Rio ou Curso D'Água","situacao":"Outorgado","data_outorga":"26/02/2020","finalidade":"Abastecimento Público","vazao":19051.2,"volume_dia":166888512.0,"municipio":"VILA VELHA"},"geometry":{"type":"Point","coordinates":[-40.359,-20.40197223]}},{"type":"Feature","properties":{"tipo_direito":"Direito de Uso","tipo_intervencao":"Lançamento","corpo_hidrico":"Rio ou Curso D'Água","situacao":"Outorgado","data_outorga":"22/06/2020","finalidade":"Esgotamento Sanitário","vazao":1440,"volume_dia":12614400.0,"municipio":"VILA VELHA"},"geometry":{"type":"Point","coordinates":[-40.32630556,-20.39825001]}},{"type":"Feature","properties":{"tipo_direito":"Direito de Uso","tipo_intervencao":"Lançamento","corpo_hidrico":"Rio ou Curso D'Água","situacao":"Outorgado","data_outorga":"24/09/2026","finalidade":"Esgotamento Sanitário","vazao":900,"volume_dia":7884000,"municipio":"CARIACICA"},"geometry":{"type":"Point","coordinates":[-40.36861111,-20.3668889]}},{"type":"Feature","properties":{"tipo_direito":"Direito de Uso","tipo_intervencao":"Lançamento","corpo_hidrico":"Rio ou Curso D'Água","situacao":"Outorgado","data_outorga":"11/12/2015","finalidade":"Esgotamento Sanitário","vazao":23.04,"volume_dia":201830.4,"municipio":"VIANA"},"geometry":{"type":"Point","coordinates":[-40.42222222,-20.36794445]}},{"type":"Feature","properties":{"tipo_direito":"Direito de Uso","tipo_intervencao":"Lançamento","corpo_hidrico":"Rio ou Curso D'Água","situacao":"Outorgado","data_outorga":"21/11/2018","finalidade":"Outras","vazao":23.4,"volume_dia":204984,"municipio":"SERRA"},"geometry":{"type":"Point","coordinates":[-40.26052778,-20.04236112]}},{"type":"Feature","properties":{"tipo_direito":"Direito de Uso","tipo_intervencao":"Lançamento","corpo_hidrico":"Rio ou Curso D'Água","situacao":"Outorgado","data_outorga":"17/06/2015","finalidade":"Indústria","vazao":2.16,"volume_dia":18921.6,"municipio":"CARIACICA"},"geometry":{"type":"Point","coordinates":[-40.37316667,-20.24366668]}},{"type":"Feature","properties":{"tipo_direito":"Direito de Uso","tipo_intervencao":"Lançamento","corpo_hidrico":"Rio ou Curso D'Água","situacao":"Outorgado","data_outorga":"22/03/2017","finalidade":"Indústria","vazao":2.3,"volume_dia":20148,"municipio":"VILA VELHA"},"geometry":{"type":"Point","coordinates":[-40.38508333,-20.4606389]}},{"type":"Feature","properties":{"tipo_direito":"Direito de Uso","tipo_intervencao":"Lançamento","corpo_hidrico":"Rio ou Curso D'Água","situacao":"Outorgado","data_outorga":"29/12/2015","finalidade":"Indústria","vazao":15.01,"volume_dia":131487.6,"municipio":"CARIACICA"},"geometry":{"type":"Point","coordinates":[-40.37280556,-20.24294445]}},{"type":"Feature","properties":{"tipo_direito":"Direito de Uso","tipo_intervencao":"Lançamento","corpo_hidrico":"Rio ou Curso D'Água","situacao":"Outorgado","data_outorga":"20/07/2022","finalidade":"Esgotamento Sanitário","vazao":90,"volume_dia":788400,"municipio":"VIANA"},"geometry":{"type":"Point","coordinates":[-40.42458333,-20.34069445]}},{"type":"Feature","properties":{"tipo_direito":"Direito de Uso","tipo_intervencao":"Lançamento","corpo_hidrico":"Rio ou Curso D'Água","situacao":"Outorgado","data_outorga":"05/01/2017","finalidade":"Esgotamento Sanitário","vazao":900,"volume_dia":7884000,"municipio":"CARIACICA"},"geometry":{"type":"Point","coordinates":[-40.36297222,-20.36580557]}},{"type":"Feature","properties":{"tipo_direito":"Direito de Uso","tipo_intervencao":"Lançamento","corpo_hidrico":"Rio ou Curso D'Água","situacao":"Outorgado","data_outorga":"19/08/2021","finalidade":"Esgotamento Sanitário","vazao":105.12,"volume_dia":920851.2,"municipio":"SERRA"},"geometry":{"type":"Point","coordinates":[-40.25536111,-20.15230557]}},{"type":"Feature","properties":{"tipo_direito":"Direito de Uso","tipo_intervencao":"Lançamento","corpo_hidrico":"Rio ou Curso D'Água","situacao":"Outorgado","data_outorga":"04/05/2020","finalidade":"Indústria","vazao":45,"volume_dia":297535.68,"municipio":"VIANA"},"geometry":{"type":"Point","coordinates":[-40.41311111,-20.34833334]}},{"type":"Feature","properties":{"tipo_direito":"Direito de Uso","tipo_intervencao":"Lançamento","corpo_hidrico":"Rio ou Curso D'Água","situacao":"Outorgado","data_outorga":"20/09/2017","finalidade":"Indústria","vazao":26.28,"volume_dia":160886.16,"municipio":"VIANA"},"geometry":{"type":"Point","coordinates":[-40.47277778,-20.42561112]}},{"type":"Feature","properties":{"tipo_direito":"Direito de Uso","tipo_intervencao":"Barragem","corpo_hidrico":"Rio ou Curso D'Água","situacao":"Outorgado","data_outorga":"04/01/2013","finalidade":"Reservatório/Barramento/Regularização de Vazões para Usos Múltiplos","vazao":null,"volume_dia":null,"municipio":"SERRA"},"geometry":{"type":"Point","coordinates":[-40.19136111,-20.10258334]}},{"type":"Feature","properties":{"tipo_direito":"Direito de Uso","tipo_intervencao":"Lançamento","corpo_hidrico":"Rio ou Curso D'Água","situacao":"Outorgado","data_outorga":"22/06/2020","finalidade":"Esgotamento Sanitário","vazao":33.84,"volume_dia":296438.4,"municipio":"VIANA"},"geometry":{"type":"Point","coordinates":[-40.49730556,-20.39680557]}},{"type":"Feature","properties":{"tipo_direito":"Direito de Uso","tipo_intervencao":"Barragem","corpo_hidrico":"Espelho D'Água","situacao":"Outorgado","data_outorga":"17/04/2019","finalidade":"Reservatório/Barramento/Regularização de Vazões para Usos Múltiplos","vazao":null,"volume_dia":null,"municipio":"CARIACICA"},"geometry":{"type":"Point","coordinates":[-40.47783333,-20.27319445]}},{"type":"Feature","properties":{"tipo_direito":"Direito de Uso","tipo_intervencao":"Captação","corpo_hidrico":"Espelho D'Água","situacao":"Outorgado","data_outorga":"17/04/2019","finalidade":"Abastecimento Público","vazao":781.2,"volume_dia":6843312,"municipio":"CARIACICA"},"geometry":{"type":"Point","coordinates":[-40.47783333,-20.27319445]}},{"type":"Feature","properties":{"tipo_direito":"Direito de Uso","tipo_intervencao":"Lançamento","corpo_hidrico":"Rio ou Curso D'Água","situacao":"Outorgado","data_outorga":"28/01/2020","finalidade":"Esgotamento Sanitário","vazao":15.12,"volume_dia":132451.2,"municipio":"VIANA"},"geometry":{"type":"Point","coordinates":[-40.47516667,-20.39619446]}},{"type":"Feature","properties":{"tipo_direito":"Direito de Uso","tipo_intervencao":"Lançamento","corpo_hidrico":"Espelho D'Água","situacao":"Outorgado","data_outorga":"11/09/2019","finalidade":"Esgotamento Sanitário","vazao":93.6,"volume_dia":819936,"municipio":"CARIACICA"},"geometry":{"type":"Point","coordinates":[-40.39261111,-20.28152779]}},{"type":"Feature","properties":{"tipo_direito":"Direito de Uso","tipo_intervencao":"Lançamento","corpo_hidrico":"Rio ou Curso D'Água","situacao":"Outorgado","data_outorga":"14/04/2016","finalidade":"Esgotamento Sanitário","vazao":134.64,"volume_dia":1179446.4,"municipio":"SERRA"},"geometry":{"type":"Point","coordinates":[-40.31755556,-20.21794445]}},{"type":"Feature","properties":{"tipo_direito":"Direito de Uso","tipo_intervencao":"Barragem","corpo_hidrico":"Rio ou Curso D'Água","situacao":"Outorgado","data_outorga":"08/01/2015","finalidade":"Reservatório/Barramento/Regularização de Vazões para Usos Múltiplos","vazao":null,"volume_dia":null,"municipio":"SERRA"},"geometry":{"type":"Point","coordinates":[-40.22802778,-20.04986112]}},{"type":"Feature","properties":{"tipo_direito":"Direito de Uso","tipo_intervencao":"Lançamento","corpo_hidrico":"Rio ou Curso D'Água","situacao":"Outorgado","data_outorga":"07/07/2021","finalidade":"Indústria","vazao":30.24,"volume_dia":264902.4,"municipio":"CARIACICA"},"geometry":{"type":"Point","coordinates":[-40.42308333,-20.34002779]}},{"type":"Feature","properties":{"tipo_direito":"Direito de Uso","tipo_intervencao":"Lançamento","corpo_hidrico":"Rio ou Curso D'Água","situacao":"Outorgado","data_outorga":"06/01/2016","finalidade":"Esgotamento Sanitário","vazao":10.8,"volume_dia":70956,"municipio":"GUARAPARI"},"geometry":{"type":"Point","coordinates":[-40.53002778,-20.63794446]}},{"type":"Feature","properties":{"tipo_direito":"Direito de Uso","tipo_intervencao":"Captação","corpo_hidrico":"Rio ou Curso D'Água","situacao":"Outorgado","data_outorga":"05/11/2013","finalidade":"Indústria","vazao":0.72,"volume_dia":1382.4,"municipio":"CARIACICA"},"geometry":{"type":"Point","coordinates":[-40.45886111,-20.26700001]}},{"type":"Feature","properties":{"tipo_direito":"Direito de Uso","tipo_intervencao":"Captação","corpo_hidrico":"Rio ou Curso D'Água","situacao":"Outorgado","data_outorga":"19/11/2013","finalidade":"Irrigação","vazao":5.4,"volume_dia":8478,"municipio":"VIANA"},"geometry":{"type":"Point","coordinates":[-40.52780556,-20.47047223]}},{"type":"Feature","properties":{"tipo_direito":"Direito de Uso","tipo_intervencao":"Captação","corpo_hidrico":"Rio ou Curso D'Água","situacao":"Outorgado","data_outorga":"30/01/2014","finalidade":"Irrigação","vazao":21.6,"volume_dia":85773.6,"municipio":"SERRA"},"geometry":{"type":"Point","coordinates":[-40.28633333,-20.05247223]}},{"type":"Feature","properties":{"tipo_direito":"Direito de Uso","tipo_intervencao":"Barragem","corpo_hidrico":"Rio ou Curso D'Água","situacao":"Outorgado","data_outorga":"30/01/2014","finalidade":"Reservatório/Barramento/Regularização de Vazões para Usos Múltiplos","vazao":null,"volume_dia":null,"municipio":"SERRA"},"geometry":{"type":"Point","coordinates":[-40.28633333,-20.05247223]}},{"type":"Feature","properties":{"tipo_direito":"Direito de Uso","tipo_intervencao":"Barragem","corpo_hidrico":"Rio ou Curso D'Água","situacao":"Outorgado","data_outorga":"30/01/2014","finalidade":"Reservatório/Barramento/Regularização de Vazões para Usos Múltiplos","vazao":null,"volume_dia":null,"municipio":"SERRA"},"geometry":{"type":"Point","coordinates":[-40.28980556,-20.05316668]}},{"type":"Feature","properties":{"tipo_direito":"Direito de Uso","tipo_intervencao":"Barragem","corpo_hidrico":"Rio ou Curso D'Água","situacao":"Outorgado","data_outorga":"30/01/2014","finalidade":"Reservatório/Barramento/Regularização de Vazões para Usos Múltiplos","vazao":null,"volume_dia":null,"municipio":"SERRA"},"geometry":{"type":"Point","coordinates":[-40.28983333,-20.05358334]}},{"type":"Feature","properties":{"tipo_direito":"Direito de Uso","tipo_intervencao":"Barragem","corpo_hidrico":"Rio ou Curso D'Água","situacao":"Outorgado","data_outorga":"30/01/2014","finalidade":"Reservatório/Barramento/Regularização de Vazões para Usos Múltiplos","vazao":null,"volume_dia":null,"municipio":"SERRA"},"geometry":{"type":"Point","coordinates":[-40.29136111,-20.05547223]}},{"type":"Feature","properties":{"tipo_direito":"Direito de Uso","tipo_intervencao":"Barragem","corpo_hidrico":"Rio ou Curso D'Água","situacao":"Outorgado","data_outorga":"13/05/2014","finalidade":"Reservatório/Barramento/Regularização de Vazões para Usos Múltiplos","vazao":null,"volume_dia":null,"municipio":"SERRA"},"geometry":{"type":"Point","coordinates":[-40.28894444,-20.05177779]}},{"type":"Feature","properties":{"tipo_direito":"Direito de Uso","tipo_intervencao":"Captação","corpo_hidrico":"Rio ou Curso D'Água","situacao":"Outorgado","data_outorga":"30/01/2014","finalidade":"Outras","vazao":0.36,"volume_dia":3093.12,"municipio":"SERRA"},"geometry":{"type":"Point","coordinates":[-40.28772222,-20.05316668]}},{"type":"Feature","properties":{"tipo_direito":"Direito de Uso","tipo_intervencao":"Barragem","corpo_hidrico":"Rio ou Curso D'Água","situacao":"Outorgado","data_outorga":"30/01/2014","finalidade":"Reservatório/Barramento/Regularização de Vazões para Usos Múltiplos","vazao":null,"volume_dia":null,"municipio":"SERRA"},"geometry":{"type":"Point","coordinates":[-40.28772222,-20.05316668]}},{"type":"Feature","properties":{"tipo_direito":"Direito de Uso","tipo_intervencao":"Captação","corpo_hidrico":"Rio ou Curso D'Água","situacao":"Outorgado","data_outorga":"13/05/2014","finalidade":"Aquicultura em Tanque Escavado","vazao":7.2,"volume_dia":388.8,"municipio":"SERRA"},"geometry":{"type":"Point","coordinates":[-40.28872222,-20.05219445]}},{"type":"Feature","properties":{"tipo_direito":"Direito de Uso","tipo_intervencao":"Barragem","corpo_hidrico":"Rio ou Curso D'Água","situacao":"Outorgado","data_outorga":"13/05/2014","finalidade":"Reservatório/Barramento/Regularização de Vazões para Usos Múltiplos","vazao":null,"volume_dia":null,"municipio":"SERRA"},"geometry":{"type":"Point","coordinates":[-40.28872222,-20.05219445]}},{"type":"Feature","properties":{"tipo_direito":"Direito de Uso","tipo_intervencao":"Barragem","corpo_hidrico":"Rio ou Curso D'Água","situacao":"Outorgado","data_outorga":"30/01/2014","finalidade":"Reservatório/Barramento/Regularização de Vazões para Usos Múltiplos","vazao":null,"volume_dia":null,"municipio":"SERRA"},"geometry":{"type":"Point","coordinates":[-40.29261111,-20.05305557]}},{"type":"Feature","properties":{"tipo_direito":"Direito de Uso","tipo_intervencao":"Barragem","corpo_hidrico":"Espelho D'Água","situacao":"Outorgado","data_outorga":"04/05/2017","finalidade":"Reservatório/Barramento/Regularização de Vazões para Usos Múltiplos","vazao":null,"volume_dia":null,"municipio":"GUARAPARI"},"geometry":{"type":"Point","coordinates":[-40.45563889,-20.5798889]}},{"type":"Feature","properties":{"tipo_direito":"Direito de Uso","tipo_intervencao":"Barragem","corpo_hidrico":"Espelho D'Água","situacao":"Outorgado","data_outorga":"04/05/2017","finalidade":"Reservatório/Barramento/Regularização de Vazões para Usos Múltiplos","vazao":null,"volume_dia":null,"municipio":"GUARAPARI"},"geometry":{"type":"Point","coordinates":[-40.45313889,-20.5798889]}},{"type":"Feature","properties":{"tipo_direito":"Direito de Uso","tipo_intervencao":"Captação","corpo_hidrico":"Rio ou Curso D'Água","situacao":"Outorgado","data_outorga":"19/11/2013","finalidade":"Irrigação","vazao":5.4,"volume_dia":9439.2,"municipio":"VIANA"},"geometry":{"type":"Point","coordinates":[-40.52325,-20.4733889]}},{"type":"Feature","properties":{"tipo_direito":"Direito de Uso","tipo_intervencao":"Lançamento","corpo_hidrico":"Rio ou Curso D'Água","situacao":"Outorgado","data_outorga":"20/11/2013","finalidade":"Esgotamento Sanitário","vazao":368.64,"volume_dia":3229286.4,"municipio":"SERRA"},"geometry":{"type":"Point","coordinates":[-40.19644444,-20.15205557]}},{"type":"Feature","properties":{"tipo_direito":"Direito de Uso","tipo_intervencao":"Barragem","corpo_hidrico":"Rio ou Curso D'Água","situacao":"Outorgado","data_outorga":"05/01/2016","finalidade":"Reservatório/Barramento/Regularização de Vazões para Usos Múltiplos","vazao":null,"volume_dia":null,"municipio":"GUARAPARI"},"geometry":{"type":"Point","coordinates":[-40.58336111,-20.60477779]}},{"type":"Feature","properties":{"tipo_direito":"Direito de Uso","tipo_intervencao":"Ponto de Referência","corpo_hidrico":"Espelho D'Água","situacao":"Outorgado","data_outorga":"09/11/2012","finalidade":"Aquicultura em Tanque Rede","vazao":null,"volume_dia":null,"municipio":"GUARAPARI"},"geometry":{"type":"Point","coordinates":[-40.56958333,-20.75211112]}},{"type":"Feature","properties":{"tipo_direito":"Direito de Uso","tipo_intervencao":"Captação","corpo_hidrico":"Rio ou Curso D'Água","situacao":"Outorgado","data_outorga":"24/04/2014","finalidade":"Indústria","vazao":1.08,"volume_dia":2073.6,"municipio":"GUARAPARI"},"geometry":{"type":"Point","coordinates":[-40.571,-20.58683334]}},{"type":"Feature","properties":{"tipo_direito":"Direito de Uso","tipo_intervencao":"Lançamento","corpo_hidrico":"Rio ou Curso D'Água","situacao":"Outorgado","data_outorga":"07/02/2020","finalidade":"Indústria","vazao":0.86,"volume_dia":4854.24,"municipio":"VITÓRIA"},"geometry":{"type":"Point","coordinates":[-40.24466667,-20.26555557]}},{"type":"Feature","properties":{"tipo_direito":"Direito de Uso","tipo_intervencao":"Lançamento","corpo_hidrico":"Rio ou Curso D'Água","situacao":"Outorgado","data_outorga":"09/01/2024","finalidade":"Esgotamento Sanitário","vazao":1.33,"volume_dia":11650.8,"municipio":"SERRA"},"geometry":{"type":"Point","coordinates":[-40.20455556,-20.14108334]}},{"type":"Feature","properties":{"tipo_direito":"Direito de Uso","tipo_intervencao":"Ponto de Referência","corpo_hidrico":"Rio ou Curso D'Água","situacao":"Outorgado","data_outorga":"14/02/2024","finalidade":"Aquicultura em Tanque Rede","vazao":null,"volume_dia":null,"municipio":"SERRA"},"geometry":{"type":"Point","coordinates":[-40.28961111,-20.05155557]}},{"type":"Feature","properties":{"tipo_direito":"Direito de Uso","tipo_intervencao":"Ponto de Referência","corpo_hidrico":"Rio ou Curso D'Água","situacao":"Outorgado","data_outorga":"14/02/2024","finalidade":"Aquicultura em Tanque Rede","vazao":null,"volume_dia":null,"municipio":"SERRA"},"geometry":{"type":"Point","coordinates":[-40.28680556,-20.0526389]}},{"type":"Feature","properties":{"tipo_direito":"Direito de Uso","tipo_intervencao":"Ponto de Referência","corpo_hidrico":"Rio ou Curso D'Água","situacao":"Outorgado","data_outorga":"14/02/2024","finalidade":"Aquicultura em Tanque Rede","vazao":null,"volume_dia":null,"municipio":"SERRA"},"geometry":{"type":"Point","coordinates":[-40.29025,-20.0541389]}},{"type":"Feature","properties":{"tipo_direito":"Direito de Uso","tipo_intervencao":"Ponto de Referência","corpo_hidrico":"Rio ou Curso D'Água","situacao":"Outorgado","data_outorga":"14/02/2024","finalidade":"Aquicultura em Tanque Rede","vazao":null,"volume_dia":null,"municipio":"SERRA"},"geometry":{"type":"Point","coordinates":[-40.28961111,-20.05158334]}},{"type":"Feature","properties":{"tipo_direito":"Direito de Uso","tipo_intervencao":"Ponto de Referência","corpo_hidrico":"Rio ou Curso D'Água","situacao":"Outorgado","data_outorga":"14/02/2024","finalidade":"Aquicultura em Tanque Rede","vazao":null,"volume_dia":null,"municipio":"SERRA"},"geometry":{"type":"Point","coordinates":[-40.292,-20.05597223]}},{"type":"Feature","properties":{"tipo_direito":"Direito de Uso","tipo_intervencao":"Ponto de Referência","corpo_hidrico":"Rio ou Curso D'Água","situacao":"Outorgado","data_outorga":"14/02/2024","finalidade":"Aquicultura em Tanque Rede","vazao":null,"volume_dia":null,"municipio":"SERRA"},"geometry":{"type":"Point","coordinates":[-40.288,-20.05286112]}},{"type":"Feature","properties":{"tipo_direito":"Direito de Uso","tipo_intervencao":"Ponto de Referência","corpo_hidrico":"Rio ou Curso D'Água","situacao":"Outorgado","data_outorga":"14/02/2024","finalidade":"Aquicultura em Tanque Rede","vazao":null,"volume_dia":null,"municipio":"SERRA"},"geometry":{"type":"Point","coordinates":[-40.28972222,-20.05330557]}},{"type":"Feature","properties":{"tipo_direito":"Direito de Uso","tipo_intervencao":"Ponto de Referência","corpo_hidrico":"Rio ou Curso D'Água","situacao":"Outorgado","data_outorga":"14/02/2024","finalidade":"Aquicultura em Tanque Rede","vazao":null,"volume_dia":null,"municipio":"SERRA"},"geometry":{"type":"Point","coordinates":[-40.28402778,-20.05297223]}},{"type":"Feature","properties":{"tipo_direito":"Direito de Uso","tipo_intervencao":"Barragem","corpo_hidrico":"Rio ou Curso D'Água","situacao":"Outorgado","data_outorga":"03/07/2024","finalidade":"Reservatório/Barramento/Regularização de Vazões para Usos Múltiplos","vazao":null,"volume_dia":null,"municipio":"SERRA"},"geometry":{"type":"Point","coordinates":[-40.33022222,-20.08180557]}},{"type":"Feature","properties":{"tipo_direito":"Direito de Uso","tipo_intervencao":"Captação","corpo_hidrico":"Rio ou Curso D'Água","situacao":"Outorgado","data_outorga":"04/07/2024","finalidade":"Aquicultura em Tanque Escavado","vazao":2.16,"volume_dia":18921.6,"municipio":"GUARAPARI"},"geometry":{"type":"Point","coordinates":[-40.52352778,-20.49394446]}},{"type":"Feature","properties":{"tipo_direito":"Direito de Uso","tipo_intervencao":"Lançamento","corpo_hidrico":"Rio ou Curso D'Água","situacao":"Outorgado","data_outorga":"04/07/2024","finalidade":"Aquicultura em Tanque Escavado","vazao":2.16,"volume_dia":18921.6,"municipio":"GUARAPARI"},"geometry":{"type":"Point","coordinates":[-40.52358333,-20.49441668]}},{"type":"Feature","properties":{"tipo_direito":"Direito de Uso","tipo_intervencao":"Captação","corpo_hidrico":"Rio ou Curso D'Água","situacao":"Outorgado","data_outorga":"03/07/2024","finalidade":"Irrigação","vazao":21.6,"volume_dia":25704,"municipio":"SERRA"},"geometry":{"type":"Point","coordinates":[-40.33088889,-20.08161112]}},{"type":"Feature","properties":{"tipo_direito":"Direito de Uso","tipo_intervencao":"Captação","corpo_hidrico":"Rio ou Curso D'Água","situacao":"Outorgado","data_outorga":"11/07/2024","finalidade":"Indústria","vazao":38.99,"volume_dia":82346.88,"municipio":"VIANA"},"geometry":{"type":"Point","coordinates":[-40.47355556,-20.42586112]}},{"type":"Feature","properties":{"tipo_direito":"Direito de Uso","tipo_intervencao":"Lançamento","corpo_hidrico":"Rio ou Curso D'Água","situacao":"Outorgado","data_outorga":"10/04/2020","finalidade":"Esgotamento Sanitário","vazao":57.6,"volume_dia":504576,"municipio":"VIANA"},"geometry":{"type":"Point","coordinates":[-40.483,-20.46605557]}},{"type":"Feature","properties":{"tipo_direito":"Direito de Uso","tipo_intervencao":"Captação","corpo_hidrico":"Rio ou Curso D'Água","situacao":"Outorgado","data_outorga":"11/04/2019","finalidade":"Abastecimento Público","vazao":13680,"volume_dia":119836800.0,"municipio":"SERRA"},"geometry":{"type":"Point","coordinates":[-40.38522222,-20.18144445]}},{"type":"Feature","properties":{"tipo_direito":"Direito de Uso","tipo_intervencao":"Captação","corpo_hidrico":"Rio ou Curso D'Água","situacao":"Outorgado","data_outorga":"05/05/2020","finalidade":"Indústria","vazao":60.12,"volume_dia":467493.12,"municipio":"VIANA"},"geometry":{"type":"Point","coordinates":[-40.41738889,-20.34575001]}},{"type":"Feature","properties":{"tipo_direito":"Direito de Uso","tipo_intervencao":"Lançamento","corpo_hidrico":"Rio ou Curso D'Água","situacao":"Outorgado","data_outorga":"17/07/2030","finalidade":"Esgotamento Sanitário","vazao":2.52,"volume_dia":21651.84,"municipio":"CARIACICA"},"geometry":{"type":"Point","coordinates":[-40.4235,-20.28147223]}},{"type":"Feature","properties":{"tipo_direito":"Direito de Uso","tipo_intervencao":"Captação","corpo_hidrico":"Rio ou Curso D'Água","situacao":"Outorgado","data_outorga":"20/08/2024","finalidade":"Aquicultura em Tanque Escavado","vazao":5.4,"volume_dia":15465.6,"municipio":"CARIACICA"},"geometry":{"type":"Point","coordinates":[-40.40241667,-20.24636112]}},{"type":"Feature","properties":{"tipo_direito":"Direito de Uso","tipo_intervencao":"Lançamento","corpo_hidrico":"Rio ou Curso D'Água","situacao":"Outorgado","data_outorga":"20/08/2024","finalidade":"Aquicultura em Tanque Escavado","vazao":5.4,"volume_dia":15465.6,"municipio":"CARIACICA"},"geometry":{"type":"Point","coordinates":[-40.40233333,-20.24536112]}},{"type":"Feature","properties":{"tipo_direito":"Direito de Uso","tipo_intervencao":"Lançamento","corpo_hidrico":"Rio ou Curso D'Água","situacao":"Outorgado","data_outorga":"11/09/2030","finalidade":"Indústria","vazao":10.8,"volume_dia":92793.6,"municipio":"CARIACICA"},"geometry":{"type":"Point","coordinates":[-40.41497222,-20.27791668]}},{"type":"Feature","properties":{"tipo_direito":"Direito de Uso","tipo_intervencao":"Captação","corpo_hidrico":"Rio ou Curso D'Água","situacao":"Outorgado","data_outorga":"10/09/2024","finalidade":"Aquicultura em Tanque Escavado","vazao":41.4,"volume_dia":355708.8,"municipio":"GUARAPARI"},"geometry":{"type":"Point","coordinates":[-40.62525,-20.63302779]}},{"type":"Feature","properties":{"tipo_direito":"Direito de Uso","tipo_intervencao":"Lançamento","corpo_hidrico":"Rio ou Curso D'Água","situacao":"Outorgado","data_outorga":"10/09/2024","finalidade":"Aquicultura em Tanque Escavado","vazao":8.86,"volume_dia":76125.12,"municipio":"GUARAPARI"},"geometry":{"type":"Point","coordinates":[-40.62758333,-20.64247223]}},{"type":"Feature","properties":{"tipo_direito":"Direito de Uso","tipo_intervencao":"Barragem","corpo_hidrico":"Rio ou Curso D'Água","situacao":"Outorgado","data_outorga":"12/09/2024","finalidade":"Reservatório/Barramento/Regularização de Vazões para Usos Múltiplos","vazao":null,"volume_dia":null,"municipio":"VIANA"},"geometry":{"type":"Point","coordinates":[-40.43930556,-20.36672223]}},{"type":"Feature","properties":{"tipo_direito":"Direito de Uso","tipo_intervencao":"Lançamento","corpo_hidrico":"Rio ou Curso D'Água","situacao":"Outorgado","data_outorga":"13/09/2024","finalidade":"Indústria","vazao":2.16,"volume_dia":4458.24,"municipio":"VIANA"},"geometry":{"type":"Point","coordinates":[-40.47313889,-20.42611112]}},{"type":"Feature","properties":{"tipo_direito":"Direito de Uso","tipo_intervencao":"Captação","corpo_hidrico":"Rio ou Curso D'Água","situacao":"Outorgado","data_outorga":"01/10/2024","finalidade":"Aquicultura em Tanque Escavado","vazao":18,"volume_dia":77328,"municipio":"VIANA"},"geometry":{"type":"Point","coordinates":[-40.54852778,-20.40433334]}},{"type":"Feature","properties":{"tipo_direito":"Direito de Uso","tipo_intervencao":"Lançamento","corpo_hidrico":"Rio ou Curso D'Água","situacao":"Outorgado","data_outorga":"01/10/2024","finalidade":"Aquicultura em Tanque Escavado","vazao":17.1,"volume_dia":73461.6,"municipio":"VIANA"},"geometry":{"type":"Point","coordinates":[-40.54922222,-20.40430557]}},{"type":"Feature","properties":{"tipo_direito":"Direito de Uso","tipo_intervencao":"Captação","corpo_hidrico":"Rio ou Curso D'Água","situacao":"Outorgado","data_outorga":"07/10/2024","finalidade":"Aquicultura em Tanque Escavado","vazao":12.6,"volume_dia":110376,"municipio":"CARIACICA"},"geometry":{"type":"Point","coordinates":[-40.41008333,-20.25286112]}},{"type":"Feature","properties":{"tipo_direito":"Direito de Uso","tipo_intervencao":"Lançamento","corpo_hidrico":"Rio ou Curso D'Água","situacao":"Outorgado","data_outorga":"07/10/2024","finalidade":"Aquicultura em Tanque Escavado","vazao":11.88,"volume_dia":104068.8,"municipio":"CARIACICA"},"geometry":{"type":"Point","coordinates":[-40.40947222,-20.25275001]}},{"type":"Feature","properties":{"tipo_direito":"Direito de Uso","tipo_intervencao":"Captação","corpo_hidrico":"Espelho D'Água","situacao":"Outorgado","data_outorga":"25/10/2053","finalidade":"Indústria","vazao":1080,"volume_dia":9279360,"municipio":"SERRA"},"geometry":{"type":"Point","coordinates":[-40.37855556,-20.02211112]}},{"type":"Feature","properties":{"tipo_direito":"Direito de Uso","tipo_intervencao":"Barragem","corpo_hidrico":"Espelho D'Água","situacao":"Outorgado","data_outorga":"25/10/2053","finalidade":"Reservatório/Barramento/Regularização de Vazões para Usos Múltiplos","vazao":null,"volume_dia":null,"municipio":"SERRA"},"geometry":{"type":"Point","coordinates":[-40.37855556,-20.02211112]}},{"type":"Feature","properties":{"tipo_direito":"Direito de Uso","tipo_intervencao":"Lançamento","corpo_hidrico":"Rio ou Curso D'Água","situacao":"Outorgado","data_outorga":"23/10/2030","finalidade":"Esgotamento Sanitário","vazao":1.44,"volume_dia":2581.08,"municipio":"CARIACICA"},"geometry":{"type":"Point","coordinates":[-40.36586111,-20.39533334]}},{"type":"Feature","properties":{"tipo_direito":"Direito de Uso","tipo_intervencao":"Lançamento","corpo_hidrico":"Rio ou Curso D'Água","situacao":"Outorgado","data_outorga":"28/06/2030","finalidade":"Esgotamento Sanitário","vazao":23.54,"volume_dia":206210.4,"municipio":"CARIACICA"},"geometry":{"type":"Point","coordinates":[-40.42052778,-20.3401389]}},{"type":"Feature","properties":{"tipo_direito":"Direito de Uso","tipo_intervencao":"Captação","corpo_hidrico":"Rio ou Curso D'Água","situacao":"Outorgado","data_outorga":"11/11/2024","finalidade":"Aquicultura em Tanque Escavado","vazao":4.32,"volume_dia":37843.2,"municipio":"VIANA"},"geometry":{"type":"Point","coordinates":[-40.52144444,-20.32186112]}},{"type":"Feature","properties":{"tipo_direito":"Direito de Uso","tipo_intervencao":"Lançamento","corpo_hidrico":"Rio ou Curso D'Água","situacao":"Outorgado","data_outorga":"11/11/2024","finalidade":"Aquicultura em Tanque Escavado","vazao":4.1,"volume_dia":35916,"municipio":"VIANA"},"geometry":{"type":"Point","coordinates":[-40.52144444,-20.32247223]}},{"type":"Feature","properties":{"tipo_direito":"Direito de Uso","tipo_intervencao":"Ponto de Referência","corpo_hidrico":"Rio ou Curso D'Água","situacao":"Outorgado","data_outorga":"13/11/2024","finalidade":"Aquicultura em Tanque Rede","vazao":null,"volume_dia":null,"municipio":"CARIACICA"},"geometry":{"type":"Point","coordinates":[-40.46080556,-20.32300001]}},{"type":"Feature","properties":{"tipo_direito":"Direito de Uso","tipo_intervencao":"Captação","corpo_hidrico":"Rio ou Curso D'Água","situacao":"Outorgado","data_outorga":"13/11/2024","finalidade":"Irrigação","vazao":18,"volume_dia":41580,"municipio":"CARIACICA"},"geometry":{"type":"Point","coordinates":[-40.46072222,-20.32302779]}},{"type":"Feature","properties":{"tipo_direito":"Direito de Uso","tipo_intervencao":"Barragem","corpo_hidrico":"Rio ou Curso D'Água","situacao":"Outorgado","data_outorga":"13/11/2024","finalidade":"Reservatório/Barramento/Regularização de Vazões para Usos Múltiplos","vazao":null,"volume_dia":null,"municipio":"CARIACICA"},"geometry":{"type":"Point","coordinates":[-40.46072222,-20.32302779]}},{"type":"Feature","properties":{"tipo_direito":"Direito de Uso","tipo_intervencao":"Lançamento","corpo_hidrico":"Rio ou Curso D'Água","situacao":"Outorgado","data_outorga":"28/11/2024","finalidade":"Indústria","vazao":64.8,"volume_dia":567648,"municipio":"CARIACICA"},"geometry":{"type":"Point","coordinates":[-40.36225,-20.23269445]}},{"type":"Feature","properties":{"tipo_direito":"Direito de Uso","tipo_intervencao":"Lançamento","corpo_hidrico":"Rio ou Curso D'Água","situacao":"Outorgado","data_outorga":"19/11/2024","finalidade":"Indústria","vazao":145.8,"volume_dia":1277208,"municipio":"CARIACICA"},"geometry":{"type":"Point","coordinates":[-40.37358333,-20.21497223]}},{"type":"Feature","properties":{"tipo_direito":"Direito de Uso","tipo_intervencao":"Captação","corpo_hidrico":"Rio ou Curso D'Água","situacao":"Outorgado","data_outorga":"04/12/2024","finalidade":"Aquicultura em Tanque Escavado","vazao":7.2,"volume_dia":63072,"municipio":"VIANA"},"geometry":{"type":"Point","coordinates":[-40.60597222,-20.4458889]}},{"type":"Feature","properties":{"tipo_direito":"Direito de Uso","tipo_intervencao":"Lançamento","corpo_hidrico":"Rio ou Curso D'Água","situacao":"Outorgado","data_outorga":"04/12/2024","finalidade":"Aquicultura em Tanque Escavado","vazao":6.84,"volume_dia":59918.4,"municipio":"VIANA"},"geometry":{"type":"Point","coordinates":[-40.60572222,-20.44566668]}},{"type":"Feature","properties":{"tipo_direito":"Direito de Uso","tipo_intervencao":"Captação","corpo_hidrico":"Rio ou Curso D'Água","situacao":"Outorgado","data_outorga":"26/11/2024","finalidade":"Mineração - Outros Processos Extrativos","vazao":18,"volume_dia":28080,"municipio":"CARIACICA"},"geometry":{"type":"Point","coordinates":[-40.40033333,-20.32655557]}},{"type":"Feature","properties":{"tipo_direito":"Direito de Uso","tipo_intervencao":"Barragem","corpo_hidrico":"Rio ou Curso D'Água","situacao":"Outorgado","data_outorga":"26/11/2024","finalidade":"Reservatório/Barramento/Regularização de Vazões para Usos Múltiplos","vazao":null,"volume_dia":null,"municipio":"CARIACICA"},"geometry":{"type":"Point","coordinates":[-40.40033333,-20.32652779]}},{"type":"Feature","properties":{"tipo_direito":"Direito de Uso","tipo_intervencao":"Captação","corpo_hidrico":"Rio ou Curso D'Água","situacao":"Outorgado","data_outorga":"01/01/2025","finalidade":"Indústria","vazao":24,"volume_dia":52560,"municipio":"SERRA"},"geometry":{"type":"Point","coordinates":[-40.41288889,-20.13072223]}},{"type":"Feature","properties":{"tipo_direito":"Direito de Uso","tipo_intervencao":"Lançamento","corpo_hidrico":"Rio ou Curso D'Água","situacao":"Outorgado","data_outorga":"23/01/2025","finalidade":"Indústria","vazao":0.5,"volume_dia":785.9,"municipio":"SERRA"},"geometry":{"type":"Point","coordinates":[-40.19916667,-20.16897223]}},{"type":"Feature","properties":{"tipo_direito":"Direito de Uso","tipo_intervencao":"Captação","corpo_hidrico":"Rio ou Curso D'Água","situacao":"Outorgado","data_outorga":"23/01/2025","finalidade":"Mineração - Outros Processos Extrativos","vazao":29.88,"volume_dia":261748.8,"municipio":"SERRA"},"geometry":{"type":"Point","coordinates":[-40.26566667,-20.23950001]}},{"type":"Feature","properties":{"tipo_direito":"Direito de Uso","tipo_intervencao":"Lançamento","corpo_hidrico":"Rio ou Curso D'Água","situacao":"Outorgado","data_outorga":"08/01/2024","finalidade":"Indústria","vazao":13.5,"volume_dia":115992,"municipio":"SERRA"},"geometry":{"type":"Point","coordinates":[-40.31897222,-20.21733334]}},{"type":"Feature","properties":{"tipo_direito":"Direito de Uso","tipo_intervencao":"Captação","corpo_hidrico":"Rio ou Curso D'Água","situacao":"Outorgado","data_outorga":"10/01/2025","finalidade":"Indústria","vazao":18.76,"volume_dia":118863.36,"municipio":"VILA VELHA"},"geometry":{"type":"Point","coordinates":[-40.35680556,-20.40061112]}},{"type":"Feature","properties":{"tipo_direito":"Direito de Uso","tipo_intervencao":"Captação","corpo_hidrico":"Rio ou Curso D'Água","situacao":"Uso Insignificante","data_outorga":"30/01/2020","finalidade":"Outras","vazao":1.8,"volume_dia":5241.6,"municipio":"CARIACICA"},"geometry":{"type":"Point","coordinates":[-40.37555532,-20.36548461]}},{"type":"Feature","properties":{"tipo_direito":"Direito de Uso","tipo_intervencao":"Captação","corpo_hidrico":"Espelho D'Água","situacao":"Uso Insignificante","data_outorga":"04/06/2020","finalidade":"Consumo Humano","vazao":5.4,"volume_dia":1965.6,"municipio":"FUNDÃO"},"geometry":{"type":"Point","coordinates":[-40.37937714,-20.02087228]}},{"type":"Feature","properties":{"tipo_direito":"Direito de Uso","tipo_intervencao":"Captação","corpo_hidrico":"Rio ou Curso D'Água","situacao":"Uso Insignificante","data_outorga":"09/10/2020","finalidade":"Outras","vazao":1.8,"volume_dia":4586.4,"municipio":"SERRA"},"geometry":{"type":"Point","coordinates":[-40.40638158,-20.06928344]}},{"type":"Feature","properties":{"tipo_direito":"Direito de Uso","tipo_intervencao":"Captação","corpo_hidrico":"Rio ou Curso D'Água","situacao":"Uso Insignificante","data_outorga":"08/10/2020","finalidade":"Outras","vazao":1.8,"volume_dia":5241.6,"municipio":"SERRA"},"geometry":{"type":"Point","coordinates":[-40.37662255,-20.07660995]}},{"type":"Feature","properties":{"tipo_direito":"Direito de Uso","tipo_intervencao":"Captação","corpo_hidrico":"Rio ou Curso D'Água","situacao":"Uso Insignificante","data_outorga":"31/01/2020","finalidade":"Outras","vazao":1.8,"volume_dia":5241.6,"municipio":"CARIACICA"},"geometry":{"type":"Point","coordinates":[-40.37550711,-20.36544885]}},{"type":"Feature","properties":{"tipo_direito":"Direito de Uso","tipo_intervencao":"Captação","corpo_hidrico":"Rio ou Curso D'Água","situacao":"Uso Insignificante","data_outorga":"04/12/2020","finalidade":"Outras","vazao":5.4,"volume_dia":9828,"municipio":"GUARAPARI"},"geometry":{"type":"Point","coordinates":[-40.4616288,-20.54876102]}},{"type":"Feature","properties":{"tipo_direito":"Direito de Uso","tipo_intervencao":"Captação","corpo_hidrico":"Rio ou Curso D'Água","situacao":"Uso Insignificante","data_outorga":"25/09/2020","finalidade":"Outras","vazao":5.4,"volume_dia":15724.8,"municipio":"SERRA"},"geometry":{"type":"Point","coordinates":[-40.20074639,-20.15388654]}},{"type":"Feature","properties":{"tipo_direito":"Direito de Uso","tipo_intervencao":"Captação","corpo_hidrico":"Rio ou Curso D'Água","situacao":"Uso Insignificante","data_outorga":"03/04/2020","finalidade":"Outras","vazao":5.4,"volume_dia":15724.8,"municipio":"FUNDÃO"},"geometry":{"type":"Point","coordinates":[-40.40343195,-20.01603946]}},{"type":"Feature","properties":{"tipo_direito":"Direito de Uso","tipo_intervencao":"Captação","corpo_hidrico":"Espelho D'Água","situacao":"Uso Insignificante","data_outorga":"04/12/2020","finalidade":"Outras","vazao":5.4,"volume_dia":9828,"municipio":"GUARAPARI"},"geometry":{"type":"Point","coordinates":[-40.47680641,-20.55723248]}},{"type":"Feature","properties":{"tipo_direito":"Direito de Uso","tipo_intervencao":"Captação","corpo_hidrico":"Rio ou Curso D'Água","situacao":"Uso Insignificante","data_outorga":"03/10/2020","finalidade":"Outras","vazao":1.15,"volume_dia":1674.4,"municipio":"SERRA"},"geometry":{"type":"Point","coordinates":[-40.27100394,-20.17101116]}},{"type":"Feature","properties":{"tipo_direito":"Direito de Uso","tipo_intervencao":"Captação","corpo_hidrico":"Rio ou Curso D'Água","situacao":"Uso Insignificante","data_outorga":"27/09/2020","finalidade":"Indústria","vazao":1.8,"volume_dia":5241.6,"municipio":"CARIACICA"},"geometry":{"type":"Point","coordinates":[-40.51660289,-20.34157783]}},{"type":"Feature","properties":{"tipo_direito":"Direito de Uso","tipo_intervencao":"Captação","corpo_hidrico":"Rio ou Curso D'Água","situacao":"Uso Insignificante","data_outorga":"13/06/2020","finalidade":"Outras","vazao":5.4,"volume_dia":15724.8,"municipio":"GUARAPARI"},"geometry":{"type":"Point","coordinates":[-40.49376193,-20.58362815]}},{"type":"Feature","properties":{"tipo_direito":"Direito de Uso","tipo_intervencao":"Captação","corpo_hidrico":"Rio ou Curso D'Água","situacao":"Uso Insignificante","data_outorga":"09/10/2020","finalidade":"Outras","vazao":1.8,"volume_dia":5241.6,"municipio":"SERRA"},"geometry":{"type":"Point","coordinates":[-40.40539124,-20.06866794]}},{"type":"Feature","properties":{"tipo_direito":"Direito de Uso","tipo_intervencao":"Captação","corpo_hidrico":"Rio ou Curso D'Água","situacao":"Uso Insignificante","data_outorga":"08/10/2020","finalidade":"Outras","vazao":1.8,"volume_dia":5241.6,"municipio":"SERRA"},"geometry":{"type":"Point","coordinates":[-40.34566442,-20.08833156]}},{"type":"Feature","properties":{"tipo_direito":"Direito de Uso","tipo_intervencao":"Captação","corpo_hidrico":"Rio ou Curso D'Água","situacao":"Uso Insignificante","data_outorga":"04/12/2020","finalidade":"Outras","vazao":3.6,"volume_dia":6552,"municipio":"GUARAPARI"},"geometry":{"type":"Point","coordinates":[-40.49354157,-20.58365715]}},{"type":"Feature","properties":{"tipo_direito":"Direito de Uso","tipo_intervencao":"Captação","corpo_hidrico":"Rio ou Curso D'Água","situacao":"Uso Insignificante","data_outorga":"14/09/2020","finalidade":"Outras","vazao":5.04,"volume_dia":3669.12,"municipio":"VIANA"},"geometry":{"type":"Point","coordinates":[-40.44816566,-20.39579371]}},{"type":"Feature","properties":{"tipo_direito":"Direito de Uso","tipo_intervencao":"Captação","corpo_hidrico":"Rio ou Curso D'Água","situacao":"Uso Insignificante","data_outorga":"16/07/2020","finalidade":"Outras","vazao":1.37,"volume_dia":498.68,"municipio":"VIANA"},"geometry":{"type":"Point","coordinates":[-40.43492102,-20.36441041]}},{"type":"Feature","properties":{"tipo_direito":"Direito de Uso","tipo_intervencao":"Captação","corpo_hidrico":"Rio ou Curso D'Água","situacao":"Uso Insignificante","data_outorga":"18/05/2020","finalidade":"Indústria","vazao":4.68,"volume_dia":3407.04,"municipio":"FUNDÃO"},"geometry":{"type":"Point","coordinates":[-40.29518019,-20.00197498]}},{"type":"Feature","properties":{"tipo_direito":"Direito de Uso","tipo_intervencao":"Captação","corpo_hidrico":"Rio ou Curso D'Água","situacao":"Uso Insignificante","data_outorga":"14/09/2020","finalidade":"Criação Animal","vazao":5.04,"volume_dia":14676.48,"municipio":"SERRA"},"geometry":{"type":"Point","coordinates":[-40.32941267,-20.08103722]}},{"type":"Feature","properties":{"tipo_direito":"Direito de Uso","tipo_intervencao":"Captação","corpo_hidrico":"Rio ou Curso D'Água","situacao":"Uso Insignificante","data_outorga":"20/08/2020","finalidade":"Outras","vazao":2.99,"volume_dia":13060.32,"municipio":"FUNDÃO"},"geometry":{"type":"Point","coordinates":[-40.46335211,-19.91129744]}},{"type":"Feature","properties":{"tipo_direito":"Direito de Uso","tipo_intervencao":"Captação","corpo_hidrico":"Rio ou Curso D'Água","situacao":"Uso Insignificante","data_outorga":"12/03/2020","finalidade":"Irrigação","vazao":0.45,"volume_dia":3931.2,"municipio":"CARIACICA"},"geometry":{"type":"Point","coordinates":[-40.48479889,-20.23954981]}},{"type":"Feature","properties":{"tipo_direito":"Direito de Uso","tipo_intervencao":"Captação","corpo_hidrico":"Rio ou Curso D'Água","situacao":"Uso Insignificante","data_outorga":"09/08/2020","finalidade":"Irrigação","vazao":5.4,"volume_dia":3931.2,"municipio":"SERRA"},"geometry":{"type":"Point","coordinates":[-40.22418262,-20.18772339]}},{"type":"Feature","properties":{"tipo_direito":"Direito de Uso","tipo_intervencao":"Captação","corpo_hidrico":"Rio ou Curso D'Água","situacao":"Uso Insignificante","data_outorga":"08/10/2020","finalidade":"Outras","vazao":1.8,"volume_dia":5241.6,"municipio":"SERRA"},"geometry":{"type":"Point","coordinates":[-40.37168077,-20.09550352]}},{"type":"Feature","properties":{"tipo_direito":"Direito de Uso","tipo_intervencao":"Captação","corpo_hidrico":"Rio ou Curso D'Água","situacao":"Uso Insignificante","data_outorga":"25/04/2020","finalidade":"Indústria","vazao":1.08,"volume_dia":3144.96,"municipio":"GUARAPARI"},"geometry":{"type":"Point","coordinates":[-40.57061961,-20.58633506]}},{"type":"Feature","properties":{"tipo_direito":"Direito de Uso","tipo_intervencao":"Captação","corpo_hidrico":"Rio ou Curso D'Água","situacao":"Uso Insignificante","data_outorga":"10/12/2020","finalidade":"Outras","vazao":5.4,"volume_dia":11793.6,"municipio":"SERRA"},"geometry":{"type":"Point","coordinates":[-40.2537874,-20.16582223]}},{"type":"Feature","properties":{"tipo_direito":"Direito de Uso","tipo_intervencao":"Captação","corpo_hidrico":"Rio ou Curso D'Água","situacao":"Uso Insignificante","data_outorga":"13/06/2020","finalidade":"Outras","vazao":5.4,"volume_dia":15724.8,"municipio":"GUARAPARI"},"geometry":{"type":"Point","coordinates":[-40.5179265,-20.61944388]}},{"type":"Feature","properties":{"tipo_direito":"Direito de Uso","tipo_intervencao":"Captação","corpo_hidrico":"Rio ou Curso D'Água","situacao":"Uso Insignificante","data_outorga":"24/04/2020","finalidade":"Consumo Humano","vazao":0.36,"volume_dia":524.16,"municipio":"FUNDÃO"},"geometry":{"type":"Point","coordinates":[-40.43253086,-19.96883625]}},{"type":"Feature","properties":{"tipo_direito":"Direito de Uso","tipo_intervencao":"Captação","corpo_hidrico":"Rio ou Curso D'Água","situacao":"Uso Insignificante","data_outorga":"07/08/2020","finalidade":"Outras","vazao":5.4,"volume_dia":15724.8,"municipio":"FUNDÃO"},"geometry":{"type":"Point","coordinates":[-40.22465823,-20.02260654]}},{"type":"Feature","properties":{"tipo_direito":"Direito de Uso","tipo_intervencao":"Captação","corpo_hidrico":"Rio ou Curso D'Água","situacao":"Uso Insignificante","data_outorga":"31/01/2020","finalidade":"Criação Animal","vazao":1.08,"volume_dia":786.24,"municipio":"GUARAPARI"},"geometry":{"type":"Point","coordinates":[-40.47555252,-20.56549101]}},{"type":"Feature","properties":{"tipo_direito":"Direito de Uso","tipo_intervencao":"Captação","corpo_hidrico":"Rio ou Curso D'Água","situacao":"Uso Insignificante","data_outorga":"10/12/2020","finalidade":"Outras","vazao":5.4,"volume_dia":11793.6,"municipio":"SERRA"},"geometry":{"type":"Point","coordinates":[-40.20073661,-20.1538595]}},{"type":"Feature","properties":{"tipo_direito":"Direito de Uso","tipo_intervencao":"Captação","corpo_hidrico":"Rio ou Curso D'Água","situacao":"Uso Insignificante","data_outorga":"09/10/2020","finalidade":"Outras","vazao":1.8,"volume_dia":4586.4,"municipio":"SERRA"},"geometry":{"type":"Point","coordinates":[-40.31000764,-20.1060458]}},{"type":"Feature","properties":{"tipo_direito":"Direito de Uso","tipo_intervencao":"Captação","corpo_hidrico":"Rio ou Curso D'Água","situacao":"Uso Insignificante","data_outorga":"09/10/2020","finalidade":"Outras","vazao":1.8,"volume_dia":4586.4,"municipio":"SERRA"},"geometry":{"type":"Point","coordinates":[-40.29049196,-20.08680102]}},{"type":"Feature","properties":{"tipo_direito":"Direito de Uso","tipo_intervencao":"Captação","corpo_hidrico":"Rio ou Curso D'Água","situacao":"Uso Insignificante","data_outorga":"04/06/2020","finalidade":"Criação Animal","vazao":5.4,"volume_dia":1965.6,"municipio":"FUNDÃO"},"geometry":{"type":"Point","coordinates":[-40.37726242,-20.0206177]}},{"type":"Feature","properties":{"tipo_direito":"Direito de Uso","tipo_intervencao":"Captação","corpo_hidrico":"Rio ou Curso D'Água","situacao":"Uso Insignificante","data_outorga":"28/03/2020","finalidade":"Criação Animal","vazao":5.4,"volume_dia":15724.8,"municipio":"GUARAPARI"},"geometry":{"type":"Point","coordinates":[-40.50241659,-20.55929775]}},{"type":"Feature","properties":{"tipo_direito":"Direito de Uso","tipo_intervencao":"Captação","corpo_hidrico":"Rio ou Curso D'Água","situacao":"Uso Insignificante","data_outorga":"26/04/2020","finalidade":"Outras","vazao":1.8,"volume_dia":5241.6,"municipio":"VILA VELHA"},"geometry":{"type":"Point","coordinates":[-40.34238409,-20.39695656]}},{"type":"Feature","properties":{"tipo_direito":"Direito de Uso","tipo_intervencao":"Captação","corpo_hidrico":"Rio ou Curso D'Água","situacao":"Uso Insignificante","data_outorga":"10/12/2020","finalidade":"Outras","vazao":1.8,"volume_dia":5241.6,"municipio":"SERRA"},"geometry":{"type":"Point","coordinates":[-40.3492975,-20.15290112]}},{"type":"Feature","properties":{"tipo_direito":"Direito de Uso","tipo_intervencao":"Captação","corpo_hidrico":"Rio ou Curso D'Água","situacao":"Uso Insignificante","data_outorga":"03/04/2020","finalidade":"Outras","vazao":5.4,"volume_dia":15724.8,"municipio":"FUNDÃO"},"geometry":{"type":"Point","coordinates":[-40.40566378,-19.91305475]}},{"type":"Feature","properties":{"tipo_direito":"Direito de Uso","tipo_intervencao":"Captação","corpo_hidrico":"Rio ou Curso D'Água","situacao":"Uso Insignificante","data_outorga":"13/06/2020","finalidade":"Outras","vazao":5.4,"volume_dia":15724.8,"municipio":"GUARAPARI"},"geometry":{"type":"Point","coordinates":[-40.52092795,-20.62215466]}},{"type":"Feature","properties":{"tipo_direito":"Direito de Uso","tipo_intervencao":"Captação","corpo_hidrico":"Rio ou Curso D'Água","situacao":"Uso Insignificante","data_outorga":"24/07/2020","finalidade":"Outras","vazao":1.08,"volume_dia":786.24,"municipio":"FUNDÃO"},"geometry":{"type":"Point","coordinates":[-40.41044745,-20.0031276]}},{"type":"Feature","properties":{"tipo_direito":"Direito de Uso","tipo_intervencao":"Captação","corpo_hidrico":"Rio ou Curso D'Água","situacao":"Uso Insignificante","data_outorga":"02/08/2020","finalidade":"Consumo Humano","vazao":1.8,"volume_dia":5241.6,"municipio":"GUARAPARI"},"geometry":{"type":"Point","coordinates":[-40.59581635,-20.64489349]}},{"type":"Feature","properties":{"tipo_direito":"Direito de Uso","tipo_intervencao":"Lançamento","corpo_hidrico":"Rio ou Curso D'Água","situacao":"Outorgado","data_outorga":"05/02/2025","finalidade":"Indústria","vazao":0.04,"volume_dia":76.8,"municipio":"CARIACICA"},"geometry":{"type":"Point","coordinates":[-40.40213889,-20.33277779]}},{"type":"Feature","properties":{"tipo_direito":"Direito de Uso","tipo_intervencao":"Captação","corpo_hidrico":"Rio ou Curso D'Água","situacao":"Outorgado","data_outorga":"05/02/2025","finalidade":"Indústria","vazao":45,"volume_dia":95040,"municipio":"CARIACICA"},"geometry":{"type":"Point","coordinates":[-40.39894444,-20.28766668]}},{"type":"Feature","properties":{"tipo_direito":"Direito de Uso","tipo_intervencao":"Captação","corpo_hidrico":"Rio ou Curso D'Água","situacao":"Outorgado","data_outorga":"12/02/2025","finalidade":"Mineração - Outros Processos Extrativos","vazao":187.2,"volume_dia":268070.4,"municipio":"VITÓRIA"},"geometry":{"type":"Point","coordinates":[-40.25711111,-20.2578889]}},{"type":"Feature","properties":{"tipo_direito":"Direito de Uso","tipo_intervencao":"Lançamento","corpo_hidrico":"Rio ou Curso D'Água","situacao":"Outorgado","data_outorga":"31/01/2025","finalidade":"Indústria","vazao":46.8,"volume_dia":409968,"municipio":"SERRA"},"geometry":{"type":"Point","coordinates":[-40.26052778,-20.04236112]}},{"type":"Feature","properties":{"tipo_direito":"Direito de Uso","tipo_intervencao":"Lançamento","corpo_hidrico":"Rio ou Curso D'Água","situacao":"Outorgado","data_outorga":"17/02/2025","finalidade":"Indústria","vazao":2008.8,"volume_dia":17597088.0,"municipio":"VILA VELHA"},"geometry":{"type":"Point","coordinates":[-40.35691667,-20.34761112]}},{"type":"Feature","properties":{"tipo_direito":"Direito de Uso","tipo_intervencao":"Lançamento","corpo_hidrico":"Rio ou Curso D'Água","situacao":"Outorgado","data_outorga":"18/02/2025","finalidade":"Indústria","vazao":18.36,"volume_dia":38776.32,"municipio":"CARIACICA"},"geometry":{"type":"Point","coordinates":[-40.39666667,-20.28344445]}},{"type":"Feature","properties":{"tipo_direito":"Direito de Uso","tipo_intervencao":"Lançamento","corpo_hidrico":"Rio ou Curso D'Água","situacao":"Outorgado","data_outorga":"18/02/2025","finalidade":"Indústria","vazao":10.01,"volume_dia":22522.5,"municipio":"VIANA"},"geometry":{"type":"Point","coordinates":[-40.44327778,-20.37258334]}},{"type":"Feature","properties":{"tipo_direito":"Direito de Uso","tipo_intervencao":"Lançamento","corpo_hidrico":"Rio ou Curso D'Água","situacao":"Outorgado","data_outorga":"22/02/2025","finalidade":"Indústria","vazao":0.16,"volume_dia":1198.08,"municipio":"SERRA"},"geometry":{"type":"Point","coordinates":[-40.19916667,-20.16894445]}},{"type":"Feature","properties":{"tipo_direito":"Direito de Uso","tipo_intervencao":"Lançamento","corpo_hidrico":"Rio ou Curso D'Água","situacao":"Outorgado","data_outorga":"04/09/2025","finalidade":"Outras","vazao":8.71,"volume_dia":76299.6,"municipio":"VIANA"},"geometry":{"type":"Point","coordinates":[-40.41806944,-20.35575001]}},{"type":"Feature","properties":{"tipo_direito":"Direito de Uso","tipo_intervencao":"Captação","corpo_hidrico":"Rio ou Curso D'Água","situacao":"Outorgado","data_outorga":"15/11/2025","finalidade":"Indústria","vazao":25.59,"volume_dia":126286.65,"municipio":"CARIACICA"},"geometry":{"type":"Point","coordinates":[-40.37038889,-20.39944446]}},{"type":"Feature","properties":{"tipo_direito":"Direito de Uso","tipo_intervencao":"Captação","corpo_hidrico":"Rio ou Curso D'Água","situacao":"Outorgado","data_outorga":"20/09/2025","finalidade":"Aquicultura em Tanque Escavado","vazao":9,"volume_dia":39420,"municipio":"GUARAPARI"},"geometry":{"type":"Point","coordinates":[-40.57158333,-20.53428057]}},{"type":"Feature","properties":{"tipo_direito":"Direito de Uso","tipo_intervencao":"Lançamento","corpo_hidrico":"Rio ou Curso D'Água","situacao":"Outorgado","data_outorga":"11/10/2025","finalidade":"Indústria","vazao":0.29,"volume_dia":556.8,"municipio":"CARIACICA"},"geometry":{"type":"Point","coordinates":[-40.36469444,-20.24697223]}},{"type":"Feature","properties":{"tipo_direito":"Direito de Uso","tipo_intervencao":"Lançamento","corpo_hidrico":"Rio ou Curso D'Água","situacao":"Outorgado","data_outorga":"20/09/2025","finalidade":"Aquicultura em Tanque Escavado","vazao":8.1,"volume_dia":35478,"municipio":"GUARAPARI"},"geometry":{"type":"Point","coordinates":[-40.57105556,-20.53077779]}},{"type":"Feature","properties":{"tipo_direito":"Direito de Uso","tipo_intervencao":"Lançamento","corpo_hidrico":"Rio ou Curso D'Água","situacao":"Outorgado","data_outorga":"28/08/2025","finalidade":"Esgotamento Sanitário","vazao":464.76,"volume_dia":4071297.6,"municipio":"SERRA"},"geometry":{"type":"Point","coordinates":[-40.2205,-20.20494445]}},{"type":"Feature","properties":{"tipo_direito":"Direito de Uso","tipo_intervencao":"Barragem","corpo_hidrico":"Espelho D'Água","situacao":"Outorgado","data_outorga":"19/07/2024","finalidade":"Reservatório/Barramento/Regularização de Vazões para Usos Múltiplos","vazao":null,"volume_dia":null,"municipio":"FUNDÃO"},"geometry":{"type":"Point","coordinates":[-40.42805556,-19.96419445]}},{"type":"Feature","properties":{"tipo_direito":"Direito de Uso","tipo_intervencao":"Lançamento","corpo_hidrico":"Rio ou Curso D'Água","situacao":"Outorgado","data_outorga":"03/09/2025","finalidade":"Esgotamento Sanitário","vazao":108,"volume_dia":946080,"municipio":"VIANA"},"geometry":{"type":"Point","coordinates":[-40.409,-20.36305557]}},{"type":"Feature","properties":{"tipo_direito":"Direito de Uso","tipo_intervencao":"Lançamento","corpo_hidrico":"Rio ou Curso D'Água","situacao":"Inválido","data_outorga":"10/06/2025","finalidade":"Outras","vazao":0.58,"volume_dia":4983.36,"municipio":"CARIACICA"},"geometry":{"type":"Point","coordinates":[-40.37302778,-20.23041668]}},{"type":"Feature","properties":{"tipo_direito":"Cancelamento/Anulação","tipo_intervencao":"Captação","corpo_hidrico":"Rio ou Curso D'Água","situacao":"Uso Insignificante","data_outorga":"29/08/2021","finalidade":"Outras","vazao":5.4,"volume_dia":3931.2,"municipio":"SERRA"},"geometry":{"type":"Point","coordinates":[-40.20042754,-20.15472897]}},{"type":"Feature","properties":{"tipo_direito":"Direito de Uso","tipo_intervencao":"Captação","corpo_hidrico":"Rio ou Curso D'Água","situacao":"Uso Insignificante","data_outorga":"15/05/2021","finalidade":"Outras","vazao":4.7,"volume_dia":13686.4,"municipio":"CARIACICA"},"geometry":{"type":"Point","coordinates":[-40.4247943,-20.29530071]}},{"type":"Feature","properties":{"tipo_direito":"Direito de Uso","tipo_intervencao":"Captação","corpo_hidrico":"Rio ou Curso D'Água","situacao":"Uso Insignificante","data_outorga":"08/04/2021","finalidade":"Outras","vazao":5.4,"volume_dia":15724.8,"municipio":"GUARAPARI"},"geometry":{"type":"Point","coordinates":[-40.49381288,-20.58393485]}},{"type":"Feature","properties":{"tipo_direito":"Cancelamento/Anulação","tipo_intervencao":"Captação","corpo_hidrico":"Rio ou Curso D'Água","situacao":"Uso Insignificante","data_outorga":"15/05/2021","finalidade":"Outras","vazao":5.4,"volume_dia":15724.8,"municipio":"SERRA"},"geometry":{"type":"Point","coordinates":[-40.25587627,-20.18054308]}},{"type":"Feature","properties":{"tipo_direito":"Direito de Uso","tipo_intervencao":"Captação","corpo_hidrico":"Rio ou Curso D'Água","situacao":"Uso Insignificante","data_outorga":"09/07/2021","finalidade":"Consumo Humano","vazao":1.1,"volume_dia":800.8,"municipio":"VIANA"},"geometry":{"type":"Point","coordinates":[-40.49727435,-20.39716754]}},{"type":"Feature","properties":{"tipo_direito":"Direito de Uso","tipo_intervencao":"Captação","corpo_hidrico":"Rio ou Curso D'Água","situacao":"Uso Insignificante","data_outorga":"05/06/2021","finalidade":"Outras","vazao":1.8,"volume_dia":5241.6,"municipio":"VIANA"},"geometry":{"type":"Point","coordinates":[-40.57976121,-20.32102663]}},{"type":"Feature","properties":{"tipo_direito":"Cancelamento/Anulação","tipo_intervencao":"Captação","corpo_hidrico":"Rio ou Curso D'Água","situacao":"Uso Insignificante","data_outorga":"24/04/2021","finalidade":"Irrigação","vazao":5.4,"volume_dia":3931.2,"municipio":"SERRA"},"geometry":{"type":"Point","coordinates":[-40.22418262,-20.18772339]}},{"type":"Feature","properties":{"tipo_direito":"Direito de Uso","tipo_intervencao":"Captação","corpo_hidrico":"Rio ou Curso D'Água","situacao":"Uso Insignificante","data_outorga":"20/08/2021","finalidade":"Irrigação","vazao":1.8,"volume_dia":5241.6,"municipio":"GUARAPARI"},"geometry":{"type":"Point","coordinates":[-40.55878151,-20.66451832]}},{"type":"Feature","properties":{"tipo_direito":"Direito de Uso","tipo_intervencao":"Captação","corpo_hidrico":"Rio ou Curso D'Água","situacao":"Uso Insignificante","data_outorga":"17/05/2021","finalidade":"Irrigação","vazao":1.1,"volume_dia":3203.2,"municipio":"GUARAPARI"},"geometry":{"type":"Point","coordinates":[-40.65144315,-20.50276576]}},{"type":"Feature","properties":{"tipo_direito":"Direito de Uso","tipo_intervencao":"Captação","corpo_hidrico":"Rio ou Curso D'Água","situacao":"Uso Insignificante","data_outorga":"29/08/2021","finalidade":"Outras","vazao":1.8,"volume_dia":5241.6,"municipio":"CARIACICA"},"geometry":{"type":"Point","coordinates":[-40.38084245,-20.3965839]}},{"type":"Feature","properties":{"tipo_direito":"Direito de Uso","tipo_intervencao":"Captação","corpo_hidrico":"Rio ou Curso D'Água","situacao":"Uso Insignificante","data_outorga":"28/08/2021","finalidade":"Irrigação","vazao":1.8,"volume_dia":5241.6,"municipio":"VIANA"},"geometry":{"type":"Point","coordinates":[-40.56916196,-20.34494396]}},{"type":"Feature","properties":{"tipo_direito":"Cancelamento/Anulação","tipo_intervencao":"Captação","corpo_hidrico":"Rio ou Curso D'Água","situacao":"Uso Insignificante","data_outorga":"17/01/2021","finalidade":"Outras","vazao":5.4,"volume_dia":15724.8,"municipio":"CARIACICA"},"geometry":{"type":"Point","coordinates":[-40.46331336,-20.32151599]}},{"type":"Feature","properties":{"tipo_direito":"Direito de Uso","tipo_intervencao":"Captação","corpo_hidrico":"Rio ou Curso D'Água","situacao":"Uso Insignificante","data_outorga":"01/02/2021","finalidade":"Outras","vazao":4.7,"volume_dia":10264.8,"municipio":"SERRA"},"geometry":{"type":"Point","coordinates":[-40.38315461,-20.05601437]}},{"type":"Feature","properties":{"tipo_direito":"Direito de Uso","tipo_intervencao":"Captação","corpo_hidrico":"Rio ou Curso D'Água","situacao":"Uso Insignificante","data_outorga":"23/01/2021","finalidade":"Outras","vazao":1.8,"volume_dia":5241.6,"municipio":"VIANA"},"geometry":{"type":"Point","coordinates":[-40.43883965,-20.3665373]}},{"type":"Feature","properties":{"tipo_direito":"Direito de Uso","tipo_intervencao":"Captação","corpo_hidrico":"Rio ou Curso D'Água","situacao":"Uso Insignificante","data_outorga":"26/09/2021","finalidade":"Indústria","vazao":5,"volume_dia":14560,"municipio":"GUARAPARI"},"geometry":{"type":"Point","coordinates":[-40.38398405,-20.52267582]}},{"type":"Feature","properties":{"tipo_direito":"Direito de Uso","tipo_intervencao":"Captação","corpo_hidrico":"Rio ou Curso D'Água","situacao":"Uso Insignificante","data_outorga":"27/12/2021","finalidade":"Outras","vazao":1.8,"volume_dia":15724.8,"municipio":"VIANA"},"geometry":{"type":"Point","coordinates":[-40.54043476,-20.32341013]}},{"type":"Feature","properties":{"tipo_direito":"Direito de Uso","tipo_intervencao":"Captação","corpo_hidrico":"Rio ou Curso D'Água","situacao":"Uso Insignificante","data_outorga":"20/02/2021","finalidade":"Irrigação","vazao":1.8,"volume_dia":2620.8,"municipio":"VIANA"},"geometry":{"type":"Point","coordinates":[-40.50476842,-20.4249182]}},{"type":"Feature","properties":{"tipo_direito":"Cancelamento/Anulação","tipo_intervencao":"Captação","corpo_hidrico":"Rio ou Curso D'Água","situacao":"Uso Insignificante","data_outorga":"09/12/2021","finalidade":"Outras","vazao":5.4,"volume_dia":15724.8,"municipio":"VILA VELHA"},"geometry":{"type":"Point","coordinates":[-40.35724847,-20.42242655]}},{"type":"Feature","properties":{"tipo_direito":"Direito de Uso","tipo_intervencao":"Captação","corpo_hidrico":"Rio ou Curso D'Água","situacao":"Uso Insignificante","data_outorga":"23/10/2021","finalidade":"Irrigação","vazao":1.8,"volume_dia":5241.6,"municipio":"CARIACICA"},"geometry":{"type":"Point","coordinates":[-40.44754211,-20.30936991]}},{"type":"Feature","properties":{"tipo_direito":"Cancelamento/Anulação","tipo_intervencao":"Captação","corpo_hidrico":"Rio ou Curso D'Água","situacao":"Uso Insignificante","data_outorga":"14/03/2021","finalidade":"Outras","vazao":5.4,"volume_dia":15724.8,"municipio":"GUARAPARI"},"geometry":{"type":"Point","coordinates":[-40.50562669,-20.60591071]}},{"type":"Feature","properties":{"tipo_direito":"Direito de Uso","tipo_intervencao":"Captação","corpo_hidrico":"Rio ou Curso D'Água","situacao":"Uso Insignificante","data_outorga":"16/10/2021","finalidade":"Indústria","vazao":3.6,"volume_dia":10483.2,"municipio":"VIANA"},"geometry":{"type":"Point","coordinates":[-40.52578671,-20.35703606]}},{"type":"Feature","properties":{"tipo_direito":"Cancelamento/Anulação","tipo_intervencao":"Captação","corpo_hidrico":"Rio ou Curso D'Água","situacao":"Uso Insignificante","data_outorga":"24/01/2021","finalidade":"Outras","vazao":5.4,"volume_dia":15724.8,"municipio":"GUARAPARI"},"geometry":{"type":"Point","coordinates":[-40.51966873,-20.62289746]}},{"type":"Feature","properties":{"tipo_direito":"Cancelamento/Anulação","tipo_intervencao":"Captação","corpo_hidrico":"Rio ou Curso D'Água","situacao":"Uso Insignificante","data_outorga":"26/11/2021","finalidade":"Criação Animal","vazao":5.4,"volume_dia":5896.8,"municipio":"FUNDÃO"},"geometry":{"type":"Point","coordinates":[-40.44534069,-19.89065633]}},{"type":"Feature","properties":{"tipo_direito":"Direito de Uso","tipo_intervencao":"Captação","corpo_hidrico":"Rio ou Curso D'Água","situacao":"Uso Insignificante","data_outorga":"03/10/2021","finalidade":"Outras","vazao":1.8,"volume_dia":5241.6,"municipio":"CARIACICA"},"geometry":{"type":"Point","coordinates":[-40.51464245,-20.25325217]}},{"type":"Feature","properties":{"tipo_direito":"Direito de Uso","tipo_intervencao":"Captação","corpo_hidrico":"Rio ou Curso D'Água","situacao":"Uso Insignificante","data_outorga":"06/12/2021","finalidade":"Outras","vazao":1.8,"volume_dia":5241.6,"municipio":"VIANA"},"geometry":{"type":"Point","coordinates":[-40.53275213,-20.32417326]}},{"type":"Feature","properties":{"tipo_direito":"Direito de Uso","tipo_intervencao":"Captação","corpo_hidrico":"Rio ou Curso D'Água","situacao":"Uso Insignificante","data_outorga":"17/01/2021","finalidade":"Outras","vazao":3.6,"volume_dia":10483.2,"municipio":"GUARAPARI"},"geometry":{"type":"Point","coordinates":[-40.47353352,-20.53398927]}},{"type":"Feature","properties":{"tipo_direito":"Cancelamento/Anulação","tipo_intervencao":"Captação","corpo_hidrico":"Rio ou Curso D'Água","situacao":"Uso Insignificante","data_outorga":"23/10/2021","finalidade":"Outras","vazao":5.4,"volume_dia":11793.6,"municipio":"CARIACICA"},"geometry":{"type":"Point","coordinates":[-40.37562539,-20.36474324]}},{"type":"Feature","properties":{"tipo_direito":"Direito de Uso","tipo_intervencao":"Captação","corpo_hidrico":"Espelho D'Água","situacao":"Uso Insignificante","data_outorga":"28/11/2021","finalidade":"Indústria","vazao":3.6,"volume_dia":10483.2,"municipio":"CARIACICA"},"geometry":{"type":"Point","coordinates":[-40.55108757,-20.29107435]}},{"type":"Feature","properties":{"tipo_direito":"Direito de Uso","tipo_intervencao":"Captação","corpo_hidrico":"Rio ou Curso D'Água","situacao":"Uso Insignificante","data_outorga":"29/01/2021","finalidade":"Outras","vazao":1.8,"volume_dia":3931.2,"municipio":"VIANA"},"geometry":{"type":"Point","coordinates":[-40.44816566,-20.39579371]}},{"type":"Feature","properties":{"tipo_direito":"Cancelamento/Anulação","tipo_intervencao":"Captação","corpo_hidrico":"Rio ou Curso D'Água","situacao":"Uso Insignificante","data_outorga":"24/01/2021","finalidade":"Outras","vazao":5.4,"volume_dia":15724.8,"municipio":"GUARAPARI"},"geometry":{"type":"Point","coordinates":[-40.49376474,-20.5839172]}},{"type":"Feature","properties":{"tipo_direito":"Direito de Uso","tipo_intervencao":"Captação","corpo_hidrico":"Rio ou Curso D'Água","situacao":"Uso Insignificante","data_outorga":"22/01/2021","finalidade":"Outras","vazao":1.8,"volume_dia":3276,"municipio":"CARIACICA"},"geometry":{"type":"Point","coordinates":[-40.39372147,-20.39564123]}},{"type":"Feature","properties":{"tipo_direito":"Cancelamento/Anulação","tipo_intervencao":"Captação","corpo_hidrico":"Rio ou Curso D'Água","situacao":"Uso Insignificante","data_outorga":"07/11/2021","finalidade":"Outras","vazao":5.4,"volume_dia":15724.8,"municipio":"SERRA"},"geometry":{"type":"Point","coordinates":[-40.28064161,-20.15489558]}},{"type":"Feature","properties":{"tipo_direito":"Direito de Uso","tipo_intervencao":"Captação","corpo_hidrico":"Rio ou Curso D'Água","situacao":"Uso Insignificante","data_outorga":"17/01/2021","finalidade":"Outras","vazao":3.6,"volume_dia":10483.2,"municipio":"GUARAPARI"},"geometry":{"type":"Point","coordinates":[-40.43705561,-20.53429549]}},{"type":"Feature","properties":{"tipo_direito":"Cancelamento/Anulação","tipo_intervencao":"Captação","corpo_hidrico":"Rio ou Curso D'Água","situacao":"Uso Insignificante","data_outorga":"24/01/2021","finalidade":"Outras","vazao":5.4,"volume_dia":15724.8,"municipio":"GUARAPARI"},"geometry":{"type":"Point","coordinates":[-40.47824118,-20.51590867]}},{"type":"Feature","properties":{"tipo_direito":"Cancelamento/Anulação","tipo_intervencao":"Captação","corpo_hidrico":"Rio ou Curso D'Água","situacao":"Uso Insignificante","data_outorga":"21/01/2021","finalidade":"Outras","vazao":5.4,"volume_dia":15724.8,"municipio":"SERRA"},"geometry":{"type":"Point","coordinates":[-40.23513841,-20.18757449]}},{"type":"Feature","properties":{"tipo_direito":"Cancelamento/Anulação","tipo_intervencao":"Captação","corpo_hidrico":"Rio ou Curso D'Água","situacao":"Uso Insignificante","data_outorga":"10/12/2021","finalidade":"Outras","vazao":5.4,"volume_dia":15724.8,"municipio":"SERRA"},"geometry":{"type":"Point","coordinates":[-40.2115117,-20.21110309]}},{"type":"Feature","properties":{"tipo_direito":"Direito de Uso","tipo_intervencao":"Captação","corpo_hidrico":"Rio ou Curso D'Água","situacao":"Uso Insignificante","data_outorga":"25/09/2021","finalidade":"Outras","vazao":1.8,"volume_dia":1965.6,"municipio":"GUARAPARI"},"geometry":{"type":"Point","coordinates":[-40.49376422,-20.583863]}},{"type":"Feature","properties":{"tipo_direito":"Direito de Uso","tipo_intervencao":"Lançamento","corpo_hidrico":"Rio ou Curso D'Água","situacao":"Outorgado","data_outorga":"04/09/2025","finalidade":"Outras","vazao":10.44,"volume_dia":16767.36,"municipio":"GUARAPARI"},"geometry":{"type":"Point","coordinates":[-40.44988889,-20.54483334]}},{"type":"Feature","properties":{"tipo_direito":"Direito de Uso","tipo_intervencao":"Lançamento","corpo_hidrico":"Rio ou Curso D'Água","situacao":"Outorgado","data_outorga":"28/11/2024","finalidade":"Esgotamento Sanitário","vazao":18,"volume_dia":157680,"municipio":"SERRA"},"geometry":{"type":"Point","coordinates":[-40.36194444,-20.20166668]}},{"type":"Feature","properties":{"tipo_direito":"Direito de Uso","tipo_intervencao":"Lançamento","corpo_hidrico":"Rio ou Curso D'Água","situacao":"Outorgado","data_outorga":"28/11/2024","finalidade":"Esgotamento Sanitário","vazao":173.16,"volume_dia":1516881.6,"municipio":"SERRA"},"geometry":{"type":"Point","coordinates":[-40.3325,-20.20027779]}},{"type":"Feature","properties":{"tipo_direito":"Direito de Uso","tipo_intervencao":"Lançamento","corpo_hidrico":"Espelho D'Água","situacao":"Outorgado","data_outorga":"28/11/2024","finalidade":"Esgotamento Sanitário","vazao":68.4,"volume_dia":599184,"municipio":"SERRA"},"geometry":{"type":"Point","coordinates":[-40.32861111,-20.24944445]}},{"type":"Feature","properties":{"tipo_direito":"Direito de Uso","tipo_intervencao":"Lançamento","corpo_hidrico":"Rio ou Curso D'Água","situacao":"Outorgado","data_outorga":"28/11/2024","finalidade":"Esgotamento Sanitário","vazao":45.72,"volume_dia":400507.2,"municipio":"SERRA"},"geometry":{"type":"Point","coordinates":[-40.29861111,-20.17250001]}},{"type":"Feature","properties":{"tipo_direito":"Direito de Uso","tipo_intervencao":"Lançamento","corpo_hidrico":"Rio ou Curso D'Água","situacao":"Outorgado","data_outorga":"28/11/2024","finalidade":"Esgotamento Sanitário","vazao":97.2,"volume_dia":851472,"municipio":"SERRA"},"geometry":{"type":"Point","coordinates":[-40.24205556,-20.13230557]}},{"type":"Feature","properties":{"tipo_direito":"Direito de Uso","tipo_intervencao":"Lançamento","corpo_hidrico":"Rio ou Curso D'Água","situacao":"Outorgado","data_outorga":"28/11/2024","finalidade":"Esgotamento Sanitário","vazao":21.6,"volume_dia":189216,"municipio":"SERRA"},"geometry":{"type":"Point","coordinates":[-40.24266667,-20.15675001]}},{"type":"Feature","properties":{"tipo_direito":"Direito de Uso","tipo_intervencao":"Lançamento","corpo_hidrico":"Rio ou Curso D'Água","situacao":"Outorgado","data_outorga":"28/11/2024","finalidade":"Esgotamento Sanitário","vazao":18,"volume_dia":157680,"municipio":"SERRA"},"geometry":{"type":"Point","coordinates":[-40.25139722,-20.16703612]}},{"type":"Feature","properties":{"tipo_direito":"Direito de Uso","tipo_intervencao":"Lançamento","corpo_hidrico":"Rio ou Curso D'Água","situacao":"Outorgado","data_outorga":"28/11/2024","finalidade":"Esgotamento Sanitário","vazao":57.6,"volume_dia":504576,"municipio":"SERRA"},"geometry":{"type":"Point","coordinates":[-40.25786111,-20.20480557]}},{"type":"Feature","properties":{"tipo_direito":"Direito de Uso","tipo_intervencao":"Lançamento","corpo_hidrico":"Rio ou Curso D'Água","situacao":"Outorgado","data_outorga":"28/11/2024","finalidade":"Esgotamento Sanitário","vazao":193.32,"volume_dia":1693483.2,"municipio":"SERRA"},"geometry":{"type":"Point","coordinates":[-40.30411111,-20.11798334]}},{"type":"Feature","properties":{"tipo_direito":"Direito de Uso","tipo_intervencao":"Lançamento","corpo_hidrico":"Rio ou Curso D'Água","situacao":"Outorgado","data_outorga":"28/11/2024","finalidade":"Esgotamento Sanitário","vazao":173.2,"volume_dia":1517232,"municipio":"SERRA"},"geometry":{"type":"Point","coordinates":[-40.23322222,-20.15213057]}},{"type":"Feature","properties":{"tipo_direito":"Direito de Uso","tipo_intervencao":"Lançamento","corpo_hidrico":"Rio ou Curso D'Água","situacao":"Outorgado","data_outorga":"28/11/2024","finalidade":"Esgotamento Sanitário","vazao":234,"volume_dia":2049840,"municipio":"SERRA"},"geometry":{"type":"Point","coordinates":[-40.23557778,-20.21627779]}},{"type":"Feature","properties":{"tipo_direito":"Direito de Uso","tipo_intervencao":"Lançamento","corpo_hidrico":"Rio ou Curso D'Água","situacao":"Outorgado","data_outorga":"07/11/2021","finalidade":"Outras","vazao":0.86,"volume_dia":7533.6,"municipio":"VITÓRIA"},"geometry":{"type":"Point","coordinates":[-40.24463889,-20.26555557]}},{"type":"Feature","properties":{"tipo_direito":"Direito de Uso","tipo_intervencao":"Captação","corpo_hidrico":"Rio ou Curso D'Água","situacao":"Outorgado","data_outorga":"10/12/2025","finalidade":"Aquicultura em Tanque Escavado","vazao":26,"volume_dia":227760,"municipio":"CARIACICA"},"geometry":{"type":"Point","coordinates":[-40.46869722,-20.25522223]}},{"type":"Feature","properties":{"tipo_direito":"Direito de Uso","tipo_intervencao":"Lançamento","corpo_hidrico":"Rio ou Curso D'Água","situacao":"Outorgado","data_outorga":"21/01/2022","finalidade":"Consumo Humano","vazao":0.16,"volume_dia":1382.4,"municipio":"CARIACICA"},"geometry":{"type":"Point","coordinates":[-40.37303503,-20.23043579]}},{"type":"Feature","properties":{"tipo_direito":"Direito de Uso","tipo_intervencao":"Lançamento","corpo_hidrico":"Rio ou Curso D'Água","situacao":"Outorgado","data_outorga":"19/03/2031","finalidade":"Esgotamento Sanitário","vazao":3.6,"volume_dia":31536,"municipio":"VIANA"},"geometry":{"type":"Point","coordinates":[-40.484725,-20.46105557]}},{"type":"Feature","properties":{"tipo_direito":"Preventiva","tipo_intervencao":"Lançamento","corpo_hidrico":"Rio ou Curso D'Água","situacao":"Outorgado","data_outorga":"29/08/2022","finalidade":"Esgotamento Sanitário","vazao":835.2,"volume_dia":7316352,"municipio":"SERRA"},"geometry":{"type":"Point","coordinates":[-40.2205,-20.20491668]}},{"type":"Feature","properties":{"tipo_direito":"Direito de Uso","tipo_intervencao":"Lançamento","corpo_hidrico":"Rio ou Curso D'Água","situacao":"Outorgado","data_outorga":"11/02/2022","finalidade":"Indústria","vazao":12.5,"volume_dia":82648.8,"municipio":"VIANA"},"geometry":{"type":"Point","coordinates":[-40.41309824,-20.34834053]}},{"type":"Feature","properties":{"tipo_direito":"Direito de Uso","tipo_intervencao":"Lançamento","corpo_hidrico":"Rio ou Curso D'Água","situacao":"Outorgado","data_outorga":"11/02/2026","finalidade":"Indústria","vazao":0.17,"volume_dia":1489.2,"municipio":"CARIACICA"},"geometry":{"type":"Point","coordinates":[-40.36575069,-20.22711373]}},{"type":"Feature","properties":{"tipo_direito":"Direito de Uso","tipo_intervencao":"Lançamento","corpo_hidrico":"Rio ou Curso D'Água","situacao":"Outorgado","data_outorga":"07/05/2025","finalidade":"Esgotamento Sanitário","vazao":27,"volume_dia":236520,"municipio":"SERRA"},"geometry":{"type":"Point","coordinates":[-40.25004248,-20.16757798]}},{"type":"Feature","properties":{"tipo_direito":"Direito de Uso","tipo_intervencao":"Lançamento","corpo_hidrico":"Rio ou Curso D'Água","situacao":"Outorgado","data_outorga":"07/05/2026","finalidade":"Esgotamento Sanitário","vazao":2.81,"volume_dia":24615.6,"municipio":"FUNDÃO"},"geometry":{"type":"Point","coordinates":[-40.40829188,-19.95927525]}},{"type":"Feature","properties":{"tipo_direito":"Direito de Uso","tipo_intervencao":"Lançamento","corpo_hidrico":"Rio ou Curso D'Água","situacao":"Outorgado","data_outorga":"14/09/2026","finalidade":"Esgotamento Sanitário","vazao":2.3,"volume_dia":20148,"municipio":"SERRA"},"geometry":{"type":"Point","coordinates":[-40.34706795,-20.1693465]}},{"type":"Feature","properties":{"tipo_direito":"Direito de Uso","tipo_intervencao":"Lançamento","corpo_hidrico":"Espelho D'Água","situacao":"Outorgado","data_outorga":"20/10/2026","finalidade":"Esgotamento Sanitário","vazao":3,"volume_dia":26280,"municipio":"GUARAPARI"},"geometry":{"type":"Point","coordinates":[-40.37871167,-20.5280174]}},{"type":"Feature","properties":{"tipo_direito":"Direito de Uso","tipo_intervencao":"Lançamento","corpo_hidrico":"Rio ou Curso D'Água","situacao":"Outorgado","data_outorga":"27/10/2026","finalidade":"Indústria","vazao":0.38,"volume_dia":3328.8,"municipio":"VIANA"},"geometry":{"type":"Point","coordinates":[-40.44838195,-20.3776563]}},{"type":"Feature","properties":{"tipo_direito":"Cancelamento/Anulação","tipo_intervencao":"Captação","corpo_hidrico":"Rio ou Curso D'Água","situacao":"Uso Insignificante","data_outorga":"22/01/2022","finalidade":"Irrigação","vazao":5.4,"volume_dia":11793.6,"municipio":"CARIACICA"},"geometry":{"type":"Point","coordinates":[-40.42496653,-20.24496967]}},{"type":"Feature","properties":{"tipo_direito":"Cancelamento/Anulação","tipo_intervencao":"Captação","corpo_hidrico":"Espelho D'Água","situacao":"Uso Insignificante","data_outorga":"22/01/2022","finalidade":"Irrigação","vazao":5.4,"volume_dia":11793.6,"municipio":"CARIACICA"},"geometry":{"type":"Point","coordinates":[-40.43459798,-20.24202731]}},{"type":"Feature","properties":{"tipo_direito":"Cancelamento/Anulação","tipo_intervencao":"Captação","corpo_hidrico":"Rio ou Curso D'Água","situacao":"Uso Insignificante","data_outorga":"30/01/2022","finalidade":"Consumo Humano","vazao":1.44,"volume_dia":2096.64,"municipio":"CARIACICA"},"geometry":{"type":"Point","coordinates":[-40.50978062,-20.34819552]}},{"type":"Feature","properties":{"tipo_direito":"Cancelamento/Anulação","tipo_intervencao":"Captação","corpo_hidrico":"Rio ou Curso D'Água","situacao":"Uso Insignificante","data_outorga":"30/01/2022","finalidade":"Outras","vazao":1.44,"volume_dia":2096.64,"municipio":"CARIACICA"},"geometry":{"type":"Point","coordinates":[-40.50978062,-20.34819552]}},{"type":"Feature","properties":{"tipo_direito":"Cancelamento/Anulação","tipo_intervencao":"Captação","corpo_hidrico":"Rio ou Curso D'Água","situacao":"Uso Insignificante","data_outorga":"30/01/2022","finalidade":"Irrigação","vazao":1.8,"volume_dia":5241.6,"municipio":"VIANA"},"geometry":{"type":"Point","coordinates":[-40.58009729,-20.30507913]}},{"type":"Feature","properties":{"tipo_direito":"Cancelamento/Anulação","tipo_intervencao":"Captação","corpo_hidrico":"Rio ou Curso D'Água","situacao":"Uso Insignificante","data_outorga":"03/02/2022","finalidade":"Outras","vazao":5.4,"volume_dia":15724.8,"municipio":"SERRA"},"geometry":{"type":"Point","coordinates":[-40.20175714,-20.21959062]}},{"type":"Feature","properties":{"tipo_direito":"Cancelamento/Anulação","tipo_intervencao":"Captação","corpo_hidrico":"Rio ou Curso D'Água","situacao":"Uso Insignificante","data_outorga":"03/02/2022","finalidade":"Outras","vazao":5.4,"volume_dia":15724.8,"municipio":"SERRA"},"geometry":{"type":"Point","coordinates":[-40.20076594,-20.15394062]}},{"type":"Feature","properties":{"tipo_direito":"Cancelamento/Anulação","tipo_intervencao":"Captação","corpo_hidrico":"Rio ou Curso D'Água","situacao":"Uso Insignificante","data_outorga":"05/02/2022","finalidade":"Consumo Humano","vazao":1.8,"volume_dia":5241.6,"municipio":"VIANA"},"geometry":{"type":"Point","coordinates":[-40.45603435,-20.37358579]}},{"type":"Feature","properties":{"tipo_direito":"Cancelamento/Anulação","tipo_intervencao":"Captação","corpo_hidrico":"Espelho D'Água","situacao":"Uso Insignificante","data_outorga":"06/02/2022","finalidade":"Outras","vazao":1.8,"volume_dia":5241.6,"municipio":"SERRA"},"geometry":{"type":"Point","coordinates":[-40.24711249,-20.10840801]}},{"type":"Feature","properties":{"tipo_direito":"Cancelamento/Anulação","tipo_intervencao":"Captação","corpo_hidrico":"Rio ou Curso D'Água","situacao":"Uso Insignificante","data_outorga":"18/02/2022","finalidade":"Outras","vazao":2.7,"volume_dia":7862.4,"municipio":"FUNDÃO"},"geometry":{"type":"Point","coordinates":[-40.41466304,-19.9335732]}},{"type":"Feature","properties":{"tipo_direito":"Cancelamento/Anulação","tipo_intervencao":"Captação","corpo_hidrico":"Rio ou Curso D'Água","situacao":"Uso Insignificante","data_outorga":"18/02/2022","finalidade":"Outras","vazao":1.84,"volume_dia":2679.04,"municipio":"SERRA"},"geometry":{"type":"Point","coordinates":[-40.20082175,-20.15373243]}},{"type":"Feature","properties":{"tipo_direito":"Cancelamento/Anulação","tipo_intervencao":"Captação","corpo_hidrico":"Rio ou Curso D'Água","situacao":"Uso Insignificante","data_outorga":"18/02/2022","finalidade":"Outras","vazao":1.84,"volume_dia":4018.56,"municipio":"SERRA"},"geometry":{"type":"Point","coordinates":[-40.20082175,-20.15373243]}},{"type":"Feature","properties":{"tipo_direito":"Cancelamento/Anulação","tipo_intervencao":"Captação","corpo_hidrico":"Rio ou Curso D'Água","situacao":"Uso Insignificante","data_outorga":"20/03/2022","finalidade":"Outras","vazao":1.8,"volume_dia":3276,"municipio":"FUNDÃO"},"geometry":{"type":"Point","coordinates":[-40.4036321,-20.01597463]}},{"type":"Feature","properties":{"tipo_direito":"Cancelamento/Anulação","tipo_intervencao":"Captação","corpo_hidrico":"Rio ou Curso D'Água","situacao":"Uso Insignificante","data_outorga":"20/03/2022","finalidade":"Outras","vazao":1.8,"volume_dia":3276,"municipio":"SERRA"},"geometry":{"type":"Point","coordinates":[-40.2929833,-20.13280583]}},{"type":"Feature","properties":{"tipo_direito":"Cancelamento/Anulação","tipo_intervencao":"Captação","corpo_hidrico":"Espelho D'Água","situacao":"Uso Insignificante","data_outorga":"18/05/2022","finalidade":"Outras","vazao":5.4,"volume_dia":7862.4,"municipio":"GUARAPARI"},"geometry":{"type":"Point","coordinates":[-40.5600546,-20.74579818]}},{"type":"Feature","properties":{"tipo_direito":"Cancelamento/Anulação","tipo_intervencao":"Captação","corpo_hidrico":"Rio ou Curso D'Água","situacao":"Uso Insignificante","data_outorga":"10/07/2022","finalidade":"Outras","vazao":5.4,"volume_dia":15724.8,"municipio":"VILA VELHA"},"geometry":{"type":"Point","coordinates":[-40.34087221,-20.38944259]}},{"type":"Feature","properties":{"tipo_direito":"Cancelamento/Anulação","tipo_intervencao":"Captação","corpo_hidrico":"Rio ou Curso D'Água","situacao":"Uso Insignificante","data_outorga":"17/07/2022","finalidade":"Irrigação","vazao":3.6,"volume_dia":10483.2,"municipio":"SERRA"},"geometry":{"type":"Point","coordinates":[-40.32955771,-20.20781894]}},{"type":"Feature","properties":{"tipo_direito":"Cancelamento/Anulação","tipo_intervencao":"Captação","corpo_hidrico":"Rio ou Curso D'Água","situacao":"Uso Insignificante","data_outorga":"23/07/2022","finalidade":"Outras","vazao":5.4,"volume_dia":3931.2,"municipio":"SERRA"},"geometry":{"type":"Point","coordinates":[-40.34813133,-20.10951697]}},{"type":"Feature","properties":{"tipo_direito":"Cancelamento/Anulação","tipo_intervencao":"Captação","corpo_hidrico":"Rio ou Curso D'Água","situacao":"Uso Insignificante","data_outorga":"30/07/2022","finalidade":"Outras","vazao":5.4,"volume_dia":3931.2,"municipio":"SERRA"},"geometry":{"type":"Point","coordinates":[-40.34266388,-20.14575127]}},{"type":"Feature","properties":{"tipo_direito":"Cancelamento/Anulação","tipo_intervencao":"Captação","corpo_hidrico":"Rio ou Curso D'Água","situacao":"Uso Insignificante","data_outorga":"10/08/2022","finalidade":"Irrigação","vazao":5.4,"volume_dia":15724.8,"municipio":"SERRA"},"geometry":{"type":"Point","coordinates":[-40.36411672,-20.11654039]}},{"type":"Feature","properties":{"tipo_direito":"Cancelamento/Anulação","tipo_intervencao":"Captação","corpo_hidrico":"Rio ou Curso D'Água","situacao":"Uso Insignificante","data_outorga":"12/08/2022","finalidade":"Outras","vazao":5.4,"volume_dia":15724.8,"municipio":"GUARAPARI"},"geometry":{"type":"Point","coordinates":[-40.63328445,-20.65059522]}},{"type":"Feature","properties":{"tipo_direito":"Cancelamento/Anulação","tipo_intervencao":"Captação","corpo_hidrico":"Rio ou Curso D'Água","situacao":"Uso Insignificante","data_outorga":"12/08/2022","finalidade":"Outras","vazao":5.4,"volume_dia":15724.8,"municipio":"GUARAPARI"},"geometry":{"type":"Point","coordinates":[-40.60628776,-20.66056845]}},{"type":"Feature","properties":{"tipo_direito":"Cancelamento/Anulação","tipo_intervencao":"Captação","corpo_hidrico":"Rio ou Curso D'Água","situacao":"Uso Insignificante","data_outorga":"12/08/2022","finalidade":"Outras","vazao":5.4,"volume_dia":15724.8,"municipio":"GUARAPARI"},"geometry":{"type":"Point","coordinates":[-40.54277055,-20.63678496]}},{"type":"Feature","properties":{"tipo_direito":"Cancelamento/Anulação","tipo_intervencao":"Captação","corpo_hidrico":"Rio ou Curso D'Água","situacao":"Uso Insignificante","data_outorga":"12/08/2022","finalidade":"Outras","vazao":5.4,"volume_dia":15724.8,"municipio":"GUARAPARI"},"geometry":{"type":"Point","coordinates":[-40.56045477,-20.64321141]}},{"type":"Feature","properties":{"tipo_direito":"Cancelamento/Anulação","tipo_intervencao":"Captação","corpo_hidrico":"Rio ou Curso D'Água","situacao":"Uso Insignificante","data_outorga":"12/08/2022","finalidade":"Outras","vazao":5.4,"volume_dia":15724.8,"municipio":"GUARAPARI"},"geometry":{"type":"Point","coordinates":[-40.59679691,-20.6634298]}},{"type":"Feature","properties":{"tipo_direito":"Direito de Uso","tipo_intervencao":"Barragem","corpo_hidrico":"Rio ou Curso D'Água","situacao":"Outorgado","data_outorga":"28/09/2027","finalidade":"Reservatório/Barramento/Regularização de Vazões para Usos Múltiplos","vazao":null,"volume_dia":null,"municipio":"CARIACICA"},"geometry":{"type":"Point","coordinates":[-40.38861111,-20.24333334]}},{"type":"Feature","properties":{"tipo_direito":"Cancelamento/Anulação","tipo_intervencao":"Captação","corpo_hidrico":"Rio ou Curso D'Água","situacao":"Uso Insignificante","data_outorga":"21/08/2022","finalidade":"Criação Animal","vazao":0.72,"volume_dia":6289.92,"municipio":"VIANA"},"geometry":{"type":"Point","coordinates":[-40.56003443,-20.30295556]}},{"type":"Feature","properties":{"tipo_direito":"Cancelamento/Anulação","tipo_intervencao":"Captação","corpo_hidrico":"Espelho D'Água","situacao":"Uso Insignificante","data_outorga":"26/08/2022","finalidade":"Irrigação","vazao":1.8,"volume_dia":2620.8,"municipio":"CARIACICA"},"geometry":{"type":"Point","coordinates":[-40.39039433,-20.29368014]}},{"type":"Feature","properties":{"tipo_direito":"Cancelamento/Anulação","tipo_intervencao":"Captação","corpo_hidrico":"Rio ou Curso D'Água","situacao":"Uso Insignificante","data_outorga":"31/08/2022","finalidade":"Outras","vazao":5.26,"volume_dia":15317.12,"municipio":"GUARAPARI"},"geometry":{"type":"Point","coordinates":[-40.55983664,-20.68982039]}},{"type":"Feature","properties":{"tipo_direito":"Cancelamento/Anulação","tipo_intervencao":"Captação","corpo_hidrico":"Rio ou Curso D'Água","situacao":"Uso Insignificante","data_outorga":"31/08/2022","finalidade":"Outras","vazao":5.26,"volume_dia":15317.12,"municipio":"GUARAPARI"},"geometry":{"type":"Point","coordinates":[-40.53996818,-20.64533761]}},{"type":"Feature","properties":{"tipo_direito":"Cancelamento/Anulação","tipo_intervencao":"Captação","corpo_hidrico":"Rio ou Curso D'Água","situacao":"Uso Insignificante","data_outorga":"10/09/2022","finalidade":"Outras","vazao":0.54,"volume_dia":196.56,"municipio":"VIANA"},"geometry":{"type":"Point","coordinates":[-40.45906288,-20.43170325]}},{"type":"Feature","properties":{"tipo_direito":"Cancelamento/Anulação","tipo_intervencao":"Captação","corpo_hidrico":"Rio ou Curso D'Água","situacao":"Uso Insignificante","data_outorga":"14/09/2022","finalidade":"Outras","vazao":0.54,"volume_dia":196.56,"municipio":"GUARAPARI"},"geometry":{"type":"Point","coordinates":[-40.49376422,-20.583863]}},{"type":"Feature","properties":{"tipo_direito":"Cancelamento/Anulação","tipo_intervencao":"Captação","corpo_hidrico":"Rio ou Curso D'Água","situacao":"Uso Insignificante","data_outorga":"22/09/2022","finalidade":"Outras","vazao":1.8,"volume_dia":3931.2,"municipio":"VILA VELHA"},"geometry":{"type":"Point","coordinates":[-40.4208436,-20.47036897]}},{"type":"Feature","properties":{"tipo_direito":"Cancelamento/Anulação","tipo_intervencao":"Captação","corpo_hidrico":"Rio ou Curso D'Água","situacao":"Uso Insignificante","data_outorga":"22/09/2022","finalidade":"Outras","vazao":1.8,"volume_dia":3931.2,"municipio":"GUARAPARI"},"geometry":{"type":"Point","coordinates":[-40.46624481,-20.52389703]}},{"type":"Feature","properties":{"tipo_direito":"Cancelamento/Anulação","tipo_intervencao":"Captação","corpo_hidrico":"Rio ou Curso D'Água","situacao":"Uso Insignificante","data_outorga":"22/09/2022","finalidade":"Outras","vazao":1.8,"volume_dia":3931.2,"municipio":"VILA VELHA"},"geometry":{"type":"Point","coordinates":[-40.44322462,-20.49056519]}},{"type":"Feature","properties":{"tipo_direito":"Cancelamento/Anulação","tipo_intervencao":"Captação","corpo_hidrico":"Rio ou Curso D'Água","situacao":"Uso Insignificante","data_outorga":"22/09/2022","finalidade":"Outras","vazao":1.8,"volume_dia":3931.2,"municipio":"VILA VELHA"},"geometry":{"type":"Point","coordinates":[-40.44052594,-20.48699208]}},{"type":"Feature","properties":{"tipo_direito":"Cancelamento/Anulação","tipo_intervencao":"Captação","corpo_hidrico":"Rio ou Curso D'Água","situacao":"Uso Insignificante","data_outorga":"24/09/2022","finalidade":"Indústria","vazao":0.14,"volume_dia":152.88,"municipio":"CARIACICA"},"geometry":{"type":"Point","coordinates":[-40.50071733,-20.23761659]}},{"type":"Feature","properties":{"tipo_direito":"Cancelamento/Anulação","tipo_intervencao":"Captação","corpo_hidrico":"Rio ou Curso D'Água","situacao":"Uso Insignificante","data_outorga":"29/09/2022","finalidade":"Outras","vazao":1.8,"volume_dia":655.2,"municipio":"VILA VELHA"},"geometry":{"type":"Point","coordinates":[-40.36639783,-20.41993383]}},{"type":"Feature","properties":{"tipo_direito":"Cancelamento/Anulação","tipo_intervencao":"Captação","corpo_hidrico":"Rio ou Curso D'Água","situacao":"Uso Insignificante","data_outorga":"21/12/2022","finalidade":"Outras","vazao":1.8,"volume_dia":5241.6,"municipio":"GUARAPARI"},"geometry":{"type":"Point","coordinates":[-40.58390963,-20.62661123]}},{"type":"Feature","properties":{"tipo_direito":"Direito de Uso","tipo_intervencao":"Barragem","corpo_hidrico":"Espelho D'Água","situacao":"Outorgado","data_outorga":"14/12/2056","finalidade":"Aproveitamento Hidroelétrico","vazao":null,"volume_dia":null,"municipio":"SERRA"},"geometry":{"type":"Point","coordinates":[-40.37861111,-20.02222223]}},{"type":"Feature","properties":{"tipo_direito":"Direito de Uso","tipo_intervencao":"Captação","corpo_hidrico":"Rio ou Curso D'Água","situacao":"Outorgado","data_outorga":"07/11/2031","finalidade":"Irrigação","vazao":5.4,"volume_dia":7128,"municipio":"GUARAPARI"},"geometry":{"type":"Point","coordinates":[-40.57888889,-20.68972223]}},{"type":"Feature","properties":{"tipo_direito":"Direito de Uso","tipo_intervencao":"Lançamento","corpo_hidrico":"Rio ou Curso D'Água","situacao":"Outorgado","data_outorga":"31/05/2023","finalidade":"Esgotamento Sanitário","vazao":900,"volume_dia":7884000,"municipio":"CARIACICA"},"geometry":{"type":"Point","coordinates":[-40.36861111,-20.36694445]}},{"type":"Feature","properties":{"tipo_direito":"Direito de Uso","tipo_intervencao":"Captação","corpo_hidrico":"Rio ou Curso D'Água","situacao":"Outorgado","data_outorga":"10/06/2033","finalidade":"Abastecimento Público","vazao":13680,"volume_dia":119836800.0,"municipio":"SERRA"},"geometry":{"type":"Point","coordinates":[-40.38527778,-20.18555557]}},{"type":"Feature","properties":{"tipo_direito":"Direito de Uso","tipo_intervencao":"Lançamento","corpo_hidrico":"Rio ou Curso D'Água","situacao":"Outorgado","data_outorga":"22/06/2027","finalidade":"Esgotamento Sanitário","vazao":2.3,"volume_dia":20148,"municipio":"VILA VELHA"},"geometry":{"type":"Point","coordinates":[-40.385,-20.46055557]}},{"type":"Feature","properties":{"tipo_direito":"Direito de Uso","tipo_intervencao":"Captação","corpo_hidrico":"Rio ou Curso D'Água","situacao":"Outorgado","data_outorga":"07/11/2031","finalidade":"Irrigação","vazao":5.4,"volume_dia":2980.8,"municipio":"GUARAPARI"},"geometry":{"type":"Point","coordinates":[-40.63583333,-20.64944446]}},{"type":"Feature","properties":{"tipo_direito":"Direito de Uso","tipo_intervencao":"Captação","corpo_hidrico":"Rio ou Curso D'Água","situacao":"Outorgado","data_outorga":"19/12/2027","finalidade":"Outras","vazao":5.4,"volume_dia":10108.8,"municipio":"VIANA"},"geometry":{"type":"Point","coordinates":[-40.45805556,-20.43194446]}},{"type":"Feature","properties":{"tipo_direito":"Direito de Uso","tipo_intervencao":"Lançamento","corpo_hidrico":"Rio ou Curso D'Água","situacao":"Outorgado","data_outorga":"04/08/2027","finalidade":"Indústria","vazao":6,"volume_dia":52560,"municipio":"FUNDÃO"},"geometry":{"type":"Point","coordinates":[-40.40472222,-20.0163889]}},{"type":"Feature","properties":{"tipo_direito":"Direito de Uso","tipo_intervencao":"Lançamento","corpo_hidrico":"Rio ou Curso D'Água","situacao":"Outorgado","data_outorga":"05/12/2027","finalidade":"Indústria","vazao":2.16,"volume_dia":18921.6,"municipio":"CARIACICA"},"geometry":{"type":"Point","coordinates":[-40.37305556,-20.24361112]}},{"type":"Feature","properties":{"tipo_direito":"Direito de Uso","tipo_intervencao":"Lançamento","corpo_hidrico":"Rio ou Curso D'Água","situacao":"Outorgado","data_outorga":"18/11/2027","finalidade":"Esgotamento Sanitário","vazao":10.8,"volume_dia":94608,"municipio":"VIANA"},"geometry":{"type":"Point","coordinates":[-40.46,-20.42333334]}},{"type":"Feature","properties":{"tipo_direito":"Direito de Uso","tipo_intervencao":"Lançamento","corpo_hidrico":"Rio ou Curso D'Água","situacao":"Outorgado","data_outorga":"18/11/2027","finalidade":"Esgotamento Sanitário","vazao":52.2,"volume_dia":457272,"municipio":"VIANA"},"geometry":{"type":"Point","coordinates":[-40.49722222,-20.39694446]}},{"type":"Feature","properties":{"tipo_direito":"Direito de Uso","tipo_intervencao":"Lançamento","corpo_hidrico":"Rio ou Curso D'Água","situacao":"Outorgado","data_outorga":"30/08/2027","finalidade":"Outras","vazao":1.08,"volume_dia":6842.88,"municipio":"CARIACICA"},"geometry":{"type":"Point","coordinates":[-40.37722222,-20.31777779]}},{"type":"Feature","properties":{"tipo_direito":"Direito de Uso","tipo_intervencao":"Barragem","corpo_hidrico":"Rio ou Curso D'Água","situacao":"Outorgado","data_outorga":"28/09/2027","finalidade":"Reservatório/Barramento/Regularização de Vazões para Usos Múltiplos","vazao":null,"volume_dia":null,"municipio":"CARIACICA"},"geometry":{"type":"Point","coordinates":[-40.38083333,-20.24416668]}},{"type":"Feature","properties":{"tipo_direito":"Direito de Uso","tipo_intervencao":"Captação","corpo_hidrico":"Rio ou Curso D'Água","situacao":"Outorgado","data_outorga":"05/07/2027","finalidade":"Indústria","vazao":5.04,"volume_dia":30240,"municipio":"FUNDÃO"},"geometry":{"type":"Point","coordinates":[-40.40527778,-20.0163889]}},{"type":"Feature","properties":{"tipo_direito":"Direito de Uso","tipo_intervencao":"Lançamento","corpo_hidrico":"Rio ou Curso D'Água","situacao":"Outorgado","data_outorga":"21/05/2027","finalidade":"Esgotamento Sanitário","vazao":1.44,"volume_dia":12614.4,"municipio":"GUARAPARI"},"geometry":{"type":"Point","coordinates":[-40.48111111,-20.55472223]}},{"type":"Feature","properties":{"tipo_direito":"Direito de Uso","tipo_intervencao":"Lançamento","corpo_hidrico":"Rio ou Curso D'Água","situacao":"Outorgado","data_outorga":"18/01/2028","finalidade":"Esgotamento Sanitário","vazao":6.12,"volume_dia":53611.2,"municipio":"VIANA"},"geometry":{"type":"Point","coordinates":[-40.4425,-20.36250001]}},{"type":"Feature","properties":{"tipo_direito":"Direito de Uso","tipo_intervencao":"Captação","corpo_hidrico":"Rio ou Curso D'Água","situacao":"Outorgado","data_outorga":"07/11/2031","finalidade":"Irrigação","vazao":0.72,"volume_dia":2073.6,"municipio":"GUARAPARI"},"geometry":{"type":"Point","coordinates":[-40.63098466,-20.59655018]}},{"type":"Feature","properties":{"tipo_direito":"Direito de Uso","tipo_intervencao":"Captação","corpo_hidrico":"Rio ou Curso D'Água","situacao":"Outorgado","data_outorga":"07/11/2031","finalidade":"Irrigação","vazao":1.872,"volume_dia":5466.24,"municipio":"GUARAPARI"},"geometry":{"type":"Point","coordinates":[-40.63093897,-20.59496075]}},{"type":"Feature","properties":{"tipo_direito":"Direito de Uso","tipo_intervencao":"Captação","corpo_hidrico":"Rio ou Curso D'Água","situacao":"Outorgado","data_outorga":"22/02/2031","finalidade":"Irrigação","vazao":24.3,"volume_dia":20995.2,"municipio":"GUARAPARI"},"geometry":{"type":"Point","coordinates":[-40.57115629,-20.63275927]}},{"type":"Feature","properties":{"tipo_direito":"Direito de Uso","tipo_intervencao":"Captação","corpo_hidrico":"Rio ou Curso D'Água","situacao":"Uso Insignificante","data_outorga":"15/01/2023","finalidade":"Outras","vazao":5.4,"volume_dia":15724.8,"municipio":"GUARAPARI"},"geometry":{"type":"Point","coordinates":[-40.52006026,-20.62338792]}},{"type":"Feature","properties":{"tipo_direito":"Direito de Uso","tipo_intervencao":"Captação","corpo_hidrico":"Rio ou Curso D'Água","situacao":"Uso Insignificante","data_outorga":"15/01/2023","finalidade":"Outras","vazao":5.4,"volume_dia":15724.8,"municipio":"GUARAPARI"},"geometry":{"type":"Point","coordinates":[-40.47863206,-20.51639863]}},{"type":"Feature","properties":{"tipo_direito":"Direito de Uso","tipo_intervencao":"Captação","corpo_hidrico":"Rio ou Curso D'Água","situacao":"Uso Insignificante","data_outorga":"15/01/2023","finalidade":"Outras","vazao":5.4,"volume_dia":15724.8,"municipio":"GUARAPARI"},"geometry":{"type":"Point","coordinates":[-40.49415594,-20.5844075]}},{"type":"Feature","properties":{"tipo_direito":"Direito de Uso","tipo_intervencao":"Captação","corpo_hidrico":"Rio ou Curso D'Água","situacao":"Uso Insignificante","data_outorga":"15/01/2023","finalidade":"Outras","vazao":1.26,"volume_dia":3669.12,"municipio":"VIANA"},"geometry":{"type":"Point","coordinates":[-40.40494163,-20.37107315]}},{"type":"Feature","properties":{"tipo_direito":"Direito de Uso","tipo_intervencao":"Captação","corpo_hidrico":"Rio ou Curso D'Água","situacao":"Uso Insignificante","data_outorga":"26/01/2023","finalidade":"Consumo Humano","vazao":1.8,"volume_dia":1965.6,"municipio":"GUARAPARI"},"geometry":{"type":"Point","coordinates":[-40.64532133,-20.49207964]}},{"type":"Feature","properties":{"tipo_direito":"Direito de Uso","tipo_intervencao":"Captação","corpo_hidrico":"Rio ou Curso D'Água","situacao":"Uso Insignificante","data_outorga":"27/01/2023","finalidade":"Indústria","vazao":2.16,"volume_dia":2358.72,"municipio":"SERRA"},"geometry":{"type":"Point","coordinates":[-40.24529056,-20.16680747]}},{"type":"Feature","properties":{"tipo_direito":"Direito de Uso","tipo_intervencao":"Captação","corpo_hidrico":"Rio ou Curso D'Água","situacao":"Uso Insignificante","data_outorga":"29/01/2023","finalidade":"Outras","vazao":1.8,"volume_dia":2620.8,"municipio":"VIANA"},"geometry":{"type":"Point","coordinates":[-40.43940373,-20.36718768]}},{"type":"Feature","properties":{"tipo_direito":"Direito de Uso","tipo_intervencao":"Captação","corpo_hidrico":"Rio ou Curso D'Água","situacao":"Uso Insignificante","data_outorga":"01/02/2023","finalidade":"Outras","vazao":1.8,"volume_dia":655.2,"municipio":"VIANA"},"geometry":{"type":"Point","coordinates":[-40.39411129,-20.39613069]}},{"type":"Feature","properties":{"tipo_direito":"Direito de Uso","tipo_intervencao":"Captação","corpo_hidrico":"Rio ou Curso D'Água","situacao":"Uso Insignificante","data_outorga":"03/02/2023","finalidade":"Outras","vazao":1.8,"volume_dia":3931.2,"municipio":"VIANA"},"geometry":{"type":"Point","coordinates":[-40.51794242,-20.37347839]}},{"type":"Feature","properties":{"tipo_direito":"Direito de Uso","tipo_intervencao":"Captação","corpo_hidrico":"Rio ou Curso D'Água","situacao":"Uso Insignificante","data_outorga":"03/02/2023","finalidade":"Outras","vazao":4.68,"volume_dia":3407.04,"municipio":"SERRA"},"geometry":{"type":"Point","coordinates":[-40.38354349,-20.05650193]}},{"type":"Feature","properties":{"tipo_direito":"Direito de Uso","tipo_intervencao":"Captação","corpo_hidrico":"Rio ou Curso D'Água","situacao":"Uso Insignificante","data_outorga":"18/02/2023","finalidade":"Indústria","vazao":1.8,"volume_dia":5241.6,"municipio":"VIANA"},"geometry":{"type":"Point","coordinates":[-40.51699368,-20.34206672]}},{"type":"Feature","properties":{"tipo_direito":"Direito de Uso","tipo_intervencao":"Captação","corpo_hidrico":"Rio ou Curso D'Água","situacao":"Uso Insignificante","data_outorga":"22/02/2023","finalidade":"Outras","vazao":5.4,"volume_dia":15724.8,"municipio":"SERRA"},"geometry":{"type":"Point","coordinates":[-40.3634693,-20.22672482]}},{"type":"Feature","properties":{"tipo_direito":"Direito de Uso","tipo_intervencao":"Captação","corpo_hidrico":"Rio ou Curso D'Água","situacao":"Uso Insignificante","data_outorga":"15/04/2023","finalidade":"Indústria","vazao":2.52,"volume_dia":7338.24,"municipio":"GUARAPARI"},"geometry":{"type":"Point","coordinates":[-40.56227836,-20.56386874]}},{"type":"Feature","properties":{"tipo_direito":"Direito de Uso","tipo_intervencao":"Captação","corpo_hidrico":"Rio ou Curso D'Água","situacao":"Uso Insignificante","data_outorga":"10/05/2023","finalidade":"Outras","vazao":5.4,"volume_dia":15724.8,"municipio":"GUARAPARI"},"geometry":{"type":"Point","coordinates":[-40.50601805,-20.60640111]}},{"type":"Feature","properties":{"tipo_direito":"Direito de Uso","tipo_intervencao":"Captação","corpo_hidrico":"Rio ou Curso D'Água","situacao":"Uso Insignificante","data_outorga":"13/05/2023","finalidade":"Outras","vazao":3.24,"volume_dia":9434.88,"municipio":"CARIACICA"},"geometry":{"type":"Point","coordinates":[-40.42352964,-20.24144374]}},{"type":"Feature","properties":{"tipo_direito":"Direito de Uso","tipo_intervencao":"Captação","corpo_hidrico":"Rio ou Curso D'Água","situacao":"Uso Insignificante","data_outorga":"11/06/2023","finalidade":"Outras","vazao":1.656,"volume_dia":1808.3,"municipio":"GUARAPARI"},"geometry":{"type":"Point","coordinates":[-40.5389286,-20.59699635]}},{"type":"Feature","properties":{"tipo_direito":"Direito de Uso","tipo_intervencao":"Captação","corpo_hidrico":"Rio ou Curso D'Água","situacao":"Uso Insignificante","data_outorga":"11/06/2023","finalidade":"Irrigação","vazao":1.08,"volume_dia":786.24,"municipio":"VIANA"},"geometry":{"type":"Point","coordinates":[-40.50338,-20.37833824]}},{"type":"Feature","properties":{"tipo_direito":"Direito de Uso","tipo_intervencao":"Captação","corpo_hidrico":"Rio ou Curso D'Água","situacao":"Uso Insignificante","data_outorga":"15/06/2023","finalidade":"Indústria","vazao":3.6,"volume_dia":10483.2,"municipio":"CARIACICA"},"geometry":{"type":"Point","coordinates":[-40.44848774,-20.26246986]}},{"type":"Feature","properties":{"tipo_direito":"Direito de Uso","tipo_intervencao":"Captação","corpo_hidrico":"Rio ou Curso D'Água","situacao":"Uso Insignificante","data_outorga":"06/07/2023","finalidade":"Criação Animal","vazao":3.312,"volume_dia":9644.5,"municipio":"CARIACICA"},"geometry":{"type":"Point","coordinates":[-40.42518415,-20.29578954]}},{"type":"Feature","properties":{"tipo_direito":"Direito de Uso","tipo_intervencao":"Captação","corpo_hidrico":"Rio ou Curso D'Água","situacao":"Uso Insignificante","data_outorga":"13/07/2023","finalidade":"Criação Animal","vazao":1.8,"volume_dia":5241.6,"municipio":"VIANA"},"geometry":{"type":"Point","coordinates":[-40.52889919,-20.44696315]}},{"type":"Feature","properties":{"tipo_direito":"Direito de Uso","tipo_intervencao":"Captação","corpo_hidrico":"Espelho D'Água","situacao":"Uso Insignificante","data_outorga":"02/08/2023","finalidade":"Outras","vazao":5.4,"volume_dia":15724.8,"municipio":"SERRA"},"geometry":{"type":"Point","coordinates":[-40.23295333,-20.1650964]}},{"type":"Feature","properties":{"tipo_direito":"Direito de Uso","tipo_intervencao":"Captação","corpo_hidrico":"Rio ou Curso D'Água","situacao":"Uso Insignificante","data_outorga":"13/09/2023","finalidade":"Outras","vazao":5.4,"volume_dia":15724.8,"municipio":"SERRA"},"geometry":{"type":"Point","coordinates":[-40.27587416,-20.16611858]}},{"type":"Feature","properties":{"tipo_direito":"Direito de Uso","tipo_intervencao":"Captação","corpo_hidrico":"Rio ou Curso D'Água","situacao":"Uso Insignificante","data_outorga":"14/09/2023","finalidade":"Outras","vazao":1.8,"volume_dia":655.2,"municipio":"CARIACICA"},"geometry":{"type":"Point","coordinates":[-40.38123216,-20.3970734]}},{"type":"Feature","properties":{"tipo_direito":"Direito de Uso","tipo_intervencao":"Captação","corpo_hidrico":"Rio ou Curso D'Água","situacao":"Uso Insignificante","data_outorga":"22/09/2023","finalidade":"Indústria","vazao":3.96,"volume_dia":11531.52,"municipio":"GUARAPARI"},"geometry":{"type":"Point","coordinates":[-40.38418322,-20.52326692]}},{"type":"Feature","properties":{"tipo_direito":"Direito de Uso","tipo_intervencao":"Captação","corpo_hidrico":"Rio ou Curso D'Água","situacao":"Uso Insignificante","data_outorga":"28/09/2023","finalidade":"Indústria","vazao":1.8,"volume_dia":5241.6,"municipio":"GUARAPARI"},"geometry":{"type":"Point","coordinates":[-40.3843741,-20.52316603]}},{"type":"Feature","properties":{"tipo_direito":"Direito de Uso","tipo_intervencao":"Captação","corpo_hidrico":"Rio ou Curso D'Água","situacao":"Uso Insignificante","data_outorga":"13/10/2023","finalidade":"Outras","vazao":4.68,"volume_dia":13628.16,"municipio":"GUARAPARI"},"geometry":{"type":"Point","coordinates":[-40.52668045,-20.63005055]}},{"type":"Feature","properties":{"tipo_direito":"Direito de Uso","tipo_intervencao":"Captação","corpo_hidrico":"Rio ou Curso D'Água","situacao":"Uso Insignificante","data_outorga":"18/10/2023","finalidade":"Outras","vazao":1.8,"volume_dia":5241.6,"municipio":"GUARAPARI"},"geometry":{"type":"Point","coordinates":[-40.57162199,-20.59210426]}},{"type":"Feature","properties":{"tipo_direito":"Direito de Uso","tipo_intervencao":"Captação","corpo_hidrico":"Rio ou Curso D'Água","situacao":"Uso Insignificante","data_outorga":"21/10/2023","finalidade":"Outras","vazao":1.8,"volume_dia":5241.6,"municipio":"GUARAPARI"},"geometry":{"type":"Point","coordinates":[-40.52767352,-20.57950763]}},{"type":"Feature","properties":{"tipo_direito":"Direito de Uso","tipo_intervencao":"Captação","corpo_hidrico":"Rio ou Curso D'Água","situacao":"Uso Insignificante","data_outorga":"05/11/2023","finalidade":"Outras","vazao":1.8,"volume_dia":5241.6,"municipio":"VIANA"},"geometry":{"type":"Point","coordinates":[-40.4392298,-20.3670265]}},{"type":"Feature","properties":{"tipo_direito":"Direito de Uso","tipo_intervencao":"Captação","corpo_hidrico":"Rio ou Curso D'Água","situacao":"Uso Insignificante","data_outorga":"03/12/2023","finalidade":"Irrigação","vazao":1.44,"volume_dia":4193.28,"municipio":"VIANA"},"geometry":{"type":"Point","coordinates":[-40.58426563,-20.33326704]}},{"type":"Feature","properties":{"tipo_direito":"Direito de Uso","tipo_intervencao":"Captação","corpo_hidrico":"Rio ou Curso D'Água","situacao":"Uso Insignificante","data_outorga":"03/12/2023","finalidade":"Criação Animal","vazao":0.828,"volume_dia":1808.3,"municipio":"VIANA"},"geometry":{"type":"Point","coordinates":[-40.54649544,-20.45166776]}},{"type":"Feature","properties":{"tipo_direito":"Direito de Uso","tipo_intervencao":"Captação","corpo_hidrico":"Rio ou Curso D'Água","situacao":"Uso Insignificante","data_outorga":"15/12/2023","finalidade":"Indústria","vazao":1.8,"volume_dia":5241.6,"municipio":"FUNDÃO"},"geometry":{"type":"Point","coordinates":[-40.29556814,-20.00246243]}},{"type":"Feature","properties":{"tipo_direito":"Direito de Uso","tipo_intervencao":"Captação","corpo_hidrico":"Espelho D'Água","situacao":"Uso Insignificante","data_outorga":"22/12/2023","finalidade":"Outras","vazao":0.36,"volume_dia":3144.96,"municipio":"SERRA"},"geometry":{"type":"Point","coordinates":[-40.21734489,-20.15855533]}},{"type":"Feature","properties":{"tipo_direito":"Direito de Uso","tipo_intervencao":"Captação","corpo_hidrico":"Rio ou Curso D'Água","situacao":"Uso Insignificante","data_outorga":"22/12/2023","finalidade":"Outras","vazao":5.4,"volume_dia":15724.8,"municipio":"SERRA"},"geometry":{"type":"Point","coordinates":[-40.28102981,-20.15538393]}},{"type":"Feature","properties":{"tipo_direito":"Direito de Uso","tipo_intervencao":"Captação","corpo_hidrico":"Rio ou Curso D'Água","situacao":"Uso Insignificante","data_outorga":"23/12/2023","finalidade":"Indústria","vazao":5.4,"volume_dia":15724.8,"municipio":"FUNDÃO"},"geometry":{"type":"Point","coordinates":[-40.40154165,-19.93280284]}},{"type":"Feature","properties":{"tipo_direito":"Direito de Uso","tipo_intervencao":"Captação","corpo_hidrico":"Rio ou Curso D'Água","situacao":"Uso Insignificante","data_outorga":"23/12/2023","finalidade":"Indústria","vazao":5.4,"volume_dia":15724.8,"municipio":"FUNDÃO"},"geometry":{"type":"Point","coordinates":[-40.39526632,-19.92751273]}},{"type":"Feature","properties":{"tipo_direito":"Direito de Uso","tipo_intervencao":"Lançamento","corpo_hidrico":"Rio ou Curso D'Água","situacao":"Uso Insignificante","data_outorga":"10/02/2023","finalidade":"Outras","vazao":115.2,"volume_dia":336384,"municipio":"SERRA"},"geometry":{"type":"Point","coordinates":[-40.22833333,-20.1588889]}},{"type":"Feature","properties":{"tipo_direito":"Direito de Uso","tipo_intervencao":"Lançamento","corpo_hidrico":"Rio ou Curso D'Água","situacao":"Uso Insignificante","data_outorga":"03/02/2023","finalidade":"Outras","vazao":1.08,"volume_dia":2365.2,"municipio":"VIANA"},"geometry":{"type":"Point","coordinates":[-40.51805556,-20.37361112]}},{"type":"Feature","properties":{"tipo_direito":"Outra","tipo_intervencao":"Lançamento","corpo_hidrico":"Espelho D'Água","situacao":"Outorgado","data_outorga":"11/01/2028","finalidade":"Indústria","vazao":0.069,"volume_dia":132.48,"municipio":"CARIACICA"},"geometry":{"type":"Point","coordinates":[-40.39338889,-20.28230557]}},{"type":"Feature","properties":{"tipo_direito":"Direito de Uso","tipo_intervencao":"Lançamento","corpo_hidrico":"Rio ou Curso D'Água","situacao":"Outorgado","data_outorga":"31/05/2028","finalidade":"Indústria","vazao":1.57,"volume_dia":7025.75,"municipio":"FUNDÃO"},"geometry":{"type":"Point","coordinates":[-40.40444444,-20.0163889]}},{"type":"Feature","properties":{"tipo_direito":"Direito de Uso","tipo_intervencao":"Lançamento","corpo_hidrico":"Rio ou Curso D'Água","situacao":"Outorgado","data_outorga":"20/04/2034","finalidade":"Esgotamento Sanitário","vazao":48.9,"volume_dia":428364,"municipio":"FUNDÃO"},"geometry":{"type":"Point","coordinates":[-40.40241944,-19.93725001]}},{"type":"Feature","properties":{"tipo_direito":"Direito de Uso","tipo_intervencao":"Captação","corpo_hidrico":"Rio ou Curso D'Água","situacao":"Outorgado","data_outorga":"20/10/2042","finalidade":"Consumo Humano","vazao":30,"volume_dia":262800,"municipio":"CARIACICA"},"geometry":{"type":"Point","coordinates":[-40.51655556,-20.34161112]}},{"type":"Feature","properties":{"tipo_direito":"Direito de Uso","tipo_intervencao":"Captação","corpo_hidrico":"Rio ou Curso D'Água","situacao":"Outorgado","data_outorga":"30/03/2057","finalidade":"Termoelétrica","vazao":0.426,"volume_dia":3731.73,"municipio":"GUARAPARI"},"geometry":{"type":"Point","coordinates":[-40.65270556,-20.51647223]}},{"type":"Feature","properties":{"tipo_direito":"Direito de Uso","tipo_intervencao":"Captação","corpo_hidrico":"Rio ou Curso D'Água","situacao":"Outorgado","data_outorga":"08/08/2028","finalidade":"Aquicultura em Tanque Escavado","vazao":8,"volume_dia":70080,"municipio":"GUARAPARI"},"geometry":{"type":"Point","coordinates":[-40.65447222,-20.51261112]}},{"type":"Feature","properties":{"tipo_direito":"Direito de Uso","tipo_intervencao":"Lançamento","corpo_hidrico":"Rio ou Curso D'Água","situacao":"Outorgado","data_outorga":"15/08/2028","finalidade":"Aquicultura em Tanque Escavado","vazao":7.5,"volume_dia":65700,"municipio":"GUARAPARI"},"geometry":{"type":"Point","coordinates":[-40.65483333,-20.51425001]}},{"type":"Feature","properties":{"tipo_direito":"Direito de Uso","tipo_intervencao":"Captação","corpo_hidrico":"Espelho D'Água","situacao":"Outorgado","data_outorga":"31/05/2042","finalidade":"","vazao":217,"volume_dia":1900920,"municipio":"CARIACICA"},"geometry":{"type":"Point","coordinates":[-40.47780556,-20.27319445]}},{"type":"Feature","properties":{"tipo_direito":"Direito de Uso","tipo_intervencao":"Captação","corpo_hidrico":"Rio ou Curso D'Água","situacao":"Outorgado","data_outorga":"31/05/2042","finalidade":"Abastecimento Público","vazao":5.292,"volume_dia":46357.86,"municipio":"VILA VELHA"},"geometry":{"type":"Point","coordinates":[-40.35861111,-20.40155834]}},{"type":"Feature","properties":{"tipo_direito":"Direito de Uso","tipo_intervencao":"Lançamento","corpo_hidrico":"Rio ou Curso D'Água","situacao":"Outorgado","data_outorga":"24/10/2034","finalidade":"","vazao":1.5,"volume_dia":13140,"municipio":"VIANA"},"geometry":{"type":"Point","coordinates":[-40.44236111,-20.36241668]}},{"type":"Feature","properties":{"tipo_direito":"Direito de Uso","tipo_intervencao":"Captação","corpo_hidrico":"Rio ou Curso D'Água","situacao":"Outorgado","data_outorga":"01/02/2028","finalidade":"Outras","vazao":6.66,"volume_dia":2863.8,"municipio":"VIANA"},"geometry":{"type":"Point","coordinates":[-40.39025,-20.41525001]}},{"type":"Feature","properties":{"tipo_direito":"Direito de Uso","tipo_intervencao":"Barragem","corpo_hidrico":"Espelho D'Água","situacao":"Outorgado","data_outorga":"10/02/2028","finalidade":"Reservatório/Barramento/Regularização de Vazões para Usos Múltiplos","vazao":0,"volume_dia":null,"municipio":"GUARAPARI"},"geometry":{"type":"Point","coordinates":[-40.45164167,-20.54111112]}},{"type":"Feature","properties":{"tipo_direito":"Direito de Uso","tipo_intervencao":"Captação","corpo_hidrico":"Rio ou Curso D'Água","situacao":"Outorgado","data_outorga":"18/01/2032","finalidade":"Indústria","vazao":0.72,"volume_dia":324,"municipio":"GUARAPARI"},"geometry":{"type":"Point","coordinates":[-40.65605991,-20.53321464]}},{"type":"Feature","properties":{"tipo_direito":"Direito de Uso","tipo_intervencao":"Captação","corpo_hidrico":"Rio ou Curso D'Água","situacao":"Outorgado","data_outorga":"18/01/2032","finalidade":"Outras","vazao":8.28,"volume_dia":27158.4,"municipio":"GUARAPARI"},"geometry":{"type":"Point","coordinates":[-40.64054619,-20.629404]}},{"type":"Feature","properties":{"tipo_direito":"Direito de Uso","tipo_intervencao":"Captação","corpo_hidrico":"Rio ou Curso D'Água","situacao":"Uso Insignificante","data_outorga":"01/08/2024","finalidade":"Irrigação","vazao":1.8,"volume_dia":5241.6,"municipio":"GUARAPARI"},"geometry":{"type":"Point","coordinates":[-40.5591735,-20.66500893]}},{"type":"Feature","properties":{"tipo_direito":"Direito de Uso","tipo_intervencao":"Captação","corpo_hidrico":"Rio ou Curso D'Água","situacao":"Uso Insignificante","data_outorga":"16/08/2024","finalidade":"Outras","vazao":5.4,"volume_dia":15724.8,"municipio":"GUARAPARI"},"geometry":{"type":"Point","coordinates":[-40.56084672,-20.64370189]}},{"type":"Feature","properties":{"tipo_direito":"Direito de Uso","tipo_intervencao":"Captação","corpo_hidrico":"Espelho D'Água","situacao":"Uso Insignificante","data_outorga":"30/09/2024","finalidade":"Outras","vazao":5.4,"volume_dia":15724.8,"municipio":"GUARAPARI"},"geometry":{"type":"Point","coordinates":[-40.41733392,-20.55232368]}},{"type":"Feature","properties":{"tipo_direito":"Direito de Uso","tipo_intervencao":"Captação","corpo_hidrico":"Rio ou Curso D'Água","situacao":"Uso Insignificante","data_outorga":"26/10/2024","finalidade":"Outras","vazao":5.4,"volume_dia":15724.8,"municipio":"SERRA"},"geometry":{"type":"Point","coordinates":[-40.17545769,-20.10744841]}},{"type":"Feature","properties":{"tipo_direito":"Direito de Uso","tipo_intervencao":"Captação","corpo_hidrico":"Rio ou Curso D'Água","situacao":"Uso Insignificante","data_outorga":"26/10/2024","finalidade":"Outras","vazao":5.4,"volume_dia":15724.8,"municipio":"SERRA"},"geometry":{"type":"Point","coordinates":[-40.17803591,-20.10943701]}},{"type":"Feature","properties":{"tipo_direito":"Direito de Uso","tipo_intervencao":"Captação","corpo_hidrico":"Rio ou Curso D'Água","situacao":"Uso Insignificante","data_outorga":"02/12/2024","finalidade":"Consumo Humano","vazao":1.8,"volume_dia":5241.6,"municipio":"GUARAPARI"},"geometry":{"type":"Point","coordinates":[-40.59620862,-20.6453839]}},{"type":"Feature","properties":{"tipo_direito":"Direito de Uso","tipo_intervencao":"Captação","corpo_hidrico":"Rio ou Curso D'Água","situacao":"Uso Insignificante","data_outorga":"02/12/2024","finalidade":"Criação Animal","vazao":1.8,"volume_dia":5241.6,"municipio":"GUARAPARI"},"geometry":{"type":"Point","coordinates":[-40.59620862,-20.6453839]}},{"type":"Feature","properties":{"tipo_direito":"Direito de Uso","tipo_intervencao":"Captação","corpo_hidrico":"Rio ou Curso D'Água","situacao":"Uso Insignificante","data_outorga":"14/12/2024","finalidade":"Irrigação","vazao":4.3,"volume_dia":6260.8,"municipio":"SERRA"},"geometry":{"type":"Point","coordinates":[-40.36433415,-20.1049775]}},{"type":"Feature","properties":{"tipo_direito":"Direito de Uso","tipo_intervencao":"Captação","corpo_hidrico":"Rio ou Curso D'Água","situacao":"Uso Insignificante","data_outorga":"19/12/2024","finalidade":"Outras","vazao":5.4,"volume_dia":3931.2,"municipio":"SERRA"},"geometry":{"type":"Point","coordinates":[-40.34852003,-20.11000491]}},{"type":"Feature","properties":{"tipo_direito":"Direito de Uso","tipo_intervencao":"Captação","corpo_hidrico":"Rio ou Curso D'Água","situacao":"Uso Insignificante","data_outorga":"19/12/2024","finalidade":"Outras","vazao":5.4,"volume_dia":3931.2,"municipio":"SERRA"},"geometry":{"type":"Point","coordinates":[-40.34402237,-20.11420422]}},{"type":"Feature","properties":{"tipo_direito":"Direito de Uso","tipo_intervencao":"Captação","corpo_hidrico":"Rio ou Curso D'Água","situacao":"Uso Insignificante","data_outorga":"19/12/2024","finalidade":"Outras","vazao":5.4,"volume_dia":5896.8,"municipio":"SERRA"},"geometry":{"type":"Point","coordinates":[-40.36665299,-20.07902117]}},{"type":"Feature","properties":{"tipo_direito":"Direito de Uso","tipo_intervencao":"Captação","corpo_hidrico":"Espelho D'Água","situacao":"Uso Insignificante","data_outorga":"24/01/2024","finalidade":"Outras","vazao":4.9,"volume_dia":14268.8,"municipio":"CARIACICA"},"geometry":{"type":"Point","coordinates":[-40.47824832,-20.27327915]}},{"type":"Feature","properties":{"tipo_direito":"Direito de Uso","tipo_intervencao":"Captação","corpo_hidrico":"Rio ou Curso D'Água","situacao":"Uso Insignificante","data_outorga":"25/01/2024","finalidade":"Outras","vazao":1.8,"volume_dia":2620.8,"municipio":"VIANA"},"geometry":{"type":"Point","coordinates":[-40.43940373,-20.36718768]}},{"type":"Feature","properties":{"tipo_direito":"Direito de Uso","tipo_intervencao":"Captação","corpo_hidrico":"Rio ou Curso D'Água","situacao":"Uso Insignificante","data_outorga":"16/02/2024","finalidade":"Outras","vazao":1.8,"volume_dia":2620.8,"municipio":"VILA VELHA"},"geometry":{"type":"Point","coordinates":[-40.35683678,-20.4211608]}},{"type":"Feature","properties":{"tipo_direito":"Direito de Uso","tipo_intervencao":"Captação","corpo_hidrico":"Rio ou Curso D'Água","situacao":"Uso Insignificante","data_outorga":"22/02/2024","finalidade":"Outras","vazao":1.8,"volume_dia":5241.6,"municipio":"VILA VELHA"},"geometry":{"type":"Point","coordinates":[-40.35683678,-20.4211608]}},{"type":"Feature","properties":{"tipo_direito":"Direito de Uso","tipo_intervencao":"Captação","corpo_hidrico":"Rio ou Curso D'Água","situacao":"Uso Insignificante","data_outorga":"25/02/2024","finalidade":"Outras","vazao":1.8,"volume_dia":1310.4,"municipio":"VILA VELHA"},"geometry":{"type":"Point","coordinates":[-40.38198245,-20.50778185]}},{"type":"Feature","properties":{"tipo_direito":"Direito de Uso","tipo_intervencao":"Captação","corpo_hidrico":"Espelho D'Água","situacao":"Uso Insignificante","data_outorga":"06/04/2024","finalidade":"Consumo Humano","vazao":1.2,"volume_dia":436.8,"municipio":"FUNDÃO"},"geometry":{"type":"Point","coordinates":[-40.37980342,-20.02127804]}},{"type":"Feature","properties":{"tipo_direito":"Direito de Uso","tipo_intervencao":"Captação","corpo_hidrico":"Rio ou Curso D'Água","situacao":"Uso Insignificante","data_outorga":"06/04/2024","finalidade":"Criação Animal","vazao":2.9,"volume_dia":2111.2,"municipio":"FUNDÃO"},"geometry":{"type":"Point","coordinates":[-40.37767976,-20.02109582]}},{"type":"Feature","properties":{"tipo_direito":"Direito de Uso","tipo_intervencao":"Captação","corpo_hidrico":"Rio ou Curso D'Água","situacao":"Uso Insignificante","data_outorga":"04/05/2024","finalidade":"Outras","vazao":1.8,"volume_dia":5241.6,"municipio":"GUARAPARI"},"geometry":{"type":"Point","coordinates":[-40.58888846,-20.60120578]}},{"type":"Feature","properties":{"tipo_direito":"Direito de Uso","tipo_intervencao":"Captação","corpo_hidrico":"Rio ou Curso D'Água","situacao":"Uso Insignificante","data_outorga":"28/06/2024","finalidade":"Outras","vazao":1.8,"volume_dia":5241.6,"municipio":"GUARAPARI"},"geometry":{"type":"Point","coordinates":[-40.55843122,-20.63456375]}},{"type":"Feature","properties":{"tipo_direito":"Direito de Uso","tipo_intervencao":"Captação","corpo_hidrico":"Rio ou Curso D'Água","situacao":"Uso Insignificante","data_outorga":"20/07/2024","finalidade":"Outras","vazao":5.4,"volume_dia":15724.8,"municipio":"SERRA"},"geometry":{"type":"Point","coordinates":[-40.3861158,-20.05001301]}},{"type":"Feature","properties":{"tipo_direito":"Direito de Uso","tipo_intervencao":"Captação","corpo_hidrico":"Rio ou Curso D'Água","situacao":"Uso Insignificante","data_outorga":"22/07/2024","finalidade":"Outras","vazao":1.1,"volume_dia":3203.2,"municipio":"SERRA"},"geometry":{"type":"Point","coordinates":[-40.20398429,-20.11807097]}},{"type":"Feature","properties":{"tipo_direito":"Direito de Uso","tipo_intervencao":"Captação","corpo_hidrico":"Rio ou Curso D'Água","situacao":"Uso Insignificante","data_outorga":"22/07/2024","finalidade":"Outras","vazao":1.4,"volume_dia":4076.8,"municipio":"SERRA"},"geometry":{"type":"Point","coordinates":[-40.20361902,-20.11533584]}},{"type":"Feature","properties":{"tipo_direito":"Direito de Uso","tipo_intervencao":"Captação","corpo_hidrico":"Rio ou Curso D'Água","situacao":"Uso Insignificante","data_outorga":"22/07/2024","finalidade":"Outras","vazao":1.4,"volume_dia":4076.8,"municipio":"SERRA"},"geometry":{"type":"Point","coordinates":[-40.20402771,-20.08121669]}},{"type":"Feature","properties":{"tipo_direito":"Direito de Uso","tipo_intervencao":"Captação","corpo_hidrico":"Rio ou Curso D'Água","situacao":"Uso Insignificante","data_outorga":"22/07/2024","finalidade":"Outras","vazao":3.2,"volume_dia":9318.4,"municipio":"SERRA"},"geometry":{"type":"Point","coordinates":[-40.20526008,-20.07354654]}},{"type":"Feature","properties":{"tipo_direito":"Direito de Uso","tipo_intervencao":"Captação","corpo_hidrico":"Rio ou Curso D'Água","situacao":"Uso Insignificante","data_outorga":"22/07/2024","finalidade":"Outras","vazao":1.1,"volume_dia":3203.2,"municipio":"SERRA"},"geometry":{"type":"Point","coordinates":[-40.20821871,-20.06030802]}},{"type":"Feature","properties":{"tipo_direito":"Direito de Uso","tipo_intervencao":"Lançamento","corpo_hidrico":"Rio ou Curso D'Água","situacao":"Outorgado","data_outorga":"26/01/2028","finalidade":"Esgotamento Sanitário","vazao":0.16,"volume_dia":1374.72,"municipio":"CARIACICA"},"geometry":{"type":"Point","coordinates":[-40.37302778,-20.23041668]}},{"type":"Feature","properties":{"tipo_direito":"Direito de Uso","tipo_intervencao":"Captação","corpo_hidrico":"Rio ou Curso D'Água","situacao":"Outorgado","data_outorga":"28/07/2042","finalidade":"Abastecimento Público","vazao":156.24,"volume_dia":912441.6,"municipio":"FUNDÃO"},"geometry":{"type":"Point","coordinates":[-40.41066667,-19.93152779]}}]}